key	italiano
CLM_CACCENT_keybord_0001	Posizione accento:
CLM_CACCENT_keybord_0002	Nessuno
CLM_CACCENT_message_0000	Imposta l'accento del nome della squadra.\nIl telecronista accentua la parte che indichi.
CLM_CEMBLEM_message_0000	Scegli il tuo stemma.\nLo stemma e' il simbolo della squadra e compare in molti punti.
CLM_CHOME_exp_0000	Scegli la citta' della tua squadra.\n%s: molte squadre qui incantano il pubblico con un attacco audace.
CLM_CHOME_exp_0001	Scegli la citta' della tua squadra.\n%s: molte squadre qui costruiscono il gioco con passaggi eleganti.
CLM_CHOME_exp_0002	Scegli la citta' della tua squadra.\n%s: molte squadre qui sfidano gli avversari con la forza fisica.
CLM_CHOME_exp_0003	Scegli la citta' della tua squadra.\n%s: molte squadre qui sono note per la difesa solida.
CLM_CHOME_exp_0004	Scegli la citta' della tua squadra.\n%s: molte squadre qui pressano forte.
CLM_CHOME_exp_0005	Scegli la citta' della tua squadra.\n%s: molte squadre qui giocano un calcio veloce.
CLM_CHOME_exp_0006	Scegli la citta' della tua squadra.\n%s: molte squadre qui amano l'equilibrio.
CLM_CHOME_keyboard_0004	Scegli questa citta'?
CLM_CHOME_message_0000	Scegli la citta' della tua squadra.\nLo stadio sara' costruito li' e la squadra avra' base in quella citta'.
CLM_CLUBTEAM_result_0003	Nome squadra
CLM_CLUBTEAM_result_0006	In selez.
CLM_CLUBTEAM_result_0008	In selez.
CLM_CLUBTEAM_result_0010	In selez.
CLM_CLUBTEAM_result_0011	%d/%d/%d
CLM_CNAME_keyboard_0000	Casuale
CLM_CNAME_keyboard_0002	ABC
CLM_CNAME_keyboard_0003	Kana
CLM_CNAME_keyboard_0006	Troppi caratteri.
CLM_CNAME_message_0000	Inserisci il nome squadra.\nVerra' usato nelle classifiche ufficiali e altrove.
CLM_CNAME_omakase_0000	FC %s
CLM_CNAME_omakase_0001	AC %s
CLM_CNAME_omakase_0002	SC %s
CLM_CNAME_omakase_0003	AS %s
CLM_CNAME_omakase_0004	Real %s
CLM_CNAME_omakase_0005	Dinamo %s
CLM_CNAME_omakase_0006	Atletico %s
CLM_CNAME_omakase_0007	Club %s
CLM_CNAME_omakase_0008	Athletic %s
CLM_CNAME_omakase_0009	Sporting %s
CLM_CNAME_omakase_0010	%s FC
CLM_CNAME_omakase_0011	%s AC
CLM_CNAME_omakase_0012	%s SC
CLM_CNAME_omakase_0013	%s AS
CLM_CNAME_omakase_0014	%s Athletic
CLM_CNAME_omakase_0015	%s United
CLM_CREAD_keyboard_0001	Lettura:
CLM_CREAD_keyboard_0004	Troppi caratteri.
CLM_CREAD_keyboard_0005	Questo carattere non si puo' pronunciare.
CLM_CREAD_message_0000	Inserisci la lettura in kana del nome squadra.\nIl telecronista la usa per dire il nome.
CLM_CTITLE_center_0000	Contratto Allenatore
CLM_CUNIFORM1_message_0000	Scegli la tua 1a divisa.\nDi norma la squadra gioca con la 1a divisa.
CLM_CUNIFORM2_message_0000	Scegli la tua 2a divisa.\nLa squadra la indossa quando non si puo' usare la 1a divisa.
CLM_INAUGRATION_manager_0000	Stip. allenatore
CLM_INAUGRATION_message_0000	%d/%d/%d  Ora sei l'allenatore di %s!!
CLM_JPN_warning_0000	Non disponibile
CLM_JPN_warning_0001	Colore fisso
CLM_MACCENT_keyboard_0001	Posizione accento:
CLM_MACCENT_keyboard_0002	Nessuno
CLM_MACCENT_message_0000	Imposta l'accento del nome dell'allenatore.\nIl telecronista accentua la parte che indichi.
CLM_MANAGERNAME_caution_0000	\n\nUna volta impostato, il nome non si puo' piu' cambiare.\n\nIl nome va bene?
CLM_MANAGER_result_0002	Inserisci il nome allenatore
CLM_MANAGER_result_0004	Scegli la data di nascita
CLM_MBIRTH_message_0000	Inserisci la data di nascita.
CLM_MNAME_caution_0003	Inserisci la lettura in kana del nome allenatore.\nIl telecronista la usa per dire il tuo nome.
CLM_MNAME_keyboard_0002	Casuale
CLM_MNAME_keyboard_0003	ABC
CLM_MNAME_keyboard_0004	Kana
CLM_MNAME_keyboard_0007	Troppi caratteri.
CLM_MNAME_message_0000	Inserisci il tuo nome.\nVerra' usato nelle classifiche ufficiali e altrove.
CLM_MNAME_omakase_0001	Goro Ota
CLM_MNAME_omakase_0010	Junichi Okayama
CLM_MNAME_omakase_0050	Fernando
CLM_MNAME_warning_0000	\nUna volta impostato, il nome non si puo' piu' cambiare.\nInseriscilo con attenzione.\n\nIl nome e' usato anche nelle classifiche.\nNon inserire un nome che ti identifichi.
CLM_MPRODUCTION_center_0000	Richiesta Licenza Allenatore in corso
CLM_MPRODUCTION_center_0001	Licenza Allenatore registrata
CLM_MPRODUCTION_center_0002	Licenza Allenatore emessa
CLM_MPRODUCTION_center_0003	Registrata: %d/%d/%d
CLM_MPRODUCTION_center_0005	Nascita: %d/%d/%d
CLM_MREAD_keyboard_0001	Lettura:
CLM_MREAD_keyboard_0004	Troppi caratteri.
CLM_MREAD_keyboard_0005	Questo carattere non si puo' pronunciare.
CLM_MTITLE_center_0000	Registrazione Licenza Allenatore
CLM_TUTORIAL_manager_0003	Termina la guida
CLM_TUTORIAL_manager_0004	Avanti
COM_BAD_choices_0000	Extra di squadra
COM_BAD_choices_0001	Duro solo
COM_BAD_choices_0002	Riposo
COM_BAD_question_0000	%s e' in ansia per i risultati scarsi.\nCosa gli consigli?
COM_COOPERATION_answer_0000	I due sono soddisfatti del giudizio.\nHanno iniziato a lavorare a un'intesa migliore.
COM_COOPERATION_answer_0001	Entrambi accettano il tuo giudizio.\nOra dovrebbero migliorare la loro intesa.
COM_COOPERATION_answer_0002	Non li ha convinti del tutto,\nma era prevedibile.
COM_COOPERATION_answer_0003	Reazione non entusiasta.\nQualcosa non va.
COM_COOPERATION_answer_0004	Non accettano il tuo giudizio.\nI due sono usciti dalla stanza.
COM_COOPERATION_answer_0005	Non saprei
COM_COOPERATION_answer_0006	%s e %s\nsono stati richiamati insieme di nuovo. Che imbarazzo.
COM_COOPERATION_answer_0007	Sono felici della tua stima.\nL'attenzione ai giocatori ha pagato.
COM_COOPERATION_answer_0008	La tua stima non dispiace,\nma non la ritengono giusta.
COM_COOPERATION_answer_0009	Sembrano d'accordo col tuo giudizio.\nSperiamo che continuino a costruire un buon rapporto.
COM_COOPERATION_answer_0010	Il giudizio buttato li' non li ha convinti.\nPerche' non osservi meglio i giocatori?
COM_COOPERATION_answer_0011	La tua sincerita' ha aumentato la loro fiducia.
COM_COOPERATION_answer_0012	Sono sconcertati dalla tua scarsa intuizione.\nSe ne sono andati entrambi scontenti.
COM_COOPERATION_answer_0013	Saranno ottimi nell'allenare i ragazzi.\nPuntiamo ancora sulla coppia d'oro della squadra.
COM_COOPERATION_answer_0014	Conquisteranno il pubblico anche fuori dallo stadio.\nPuntiamo ancora sulla coppia d'oro della squadra.
COM_COOPERATION_answer_0015	Dovrebbe migliorare anche l'immagine della squadra.\nPuntiamo ancora sulla coppia d'oro della squadra.
COM_COOPERATION_answer_0016	Dovrebbe attirare molti tifosi.\nPuntiamo ancora sulla coppia d'oro della squadra.
COM_COOPERATION_answer_0017	Certo che collaboreranno volentieri.\nPuntiamo ancora sulla coppia d'oro della squadra.
COM_COOPERATION_answer_0018	Sembra che abbiano scoperto qualcosa di nuovo.\nUn'Amichevole potrebbe dare la svolta.
COM_COOPERATION_answer_0019	Si intendono bene, ma si erano adagiati.\nHanno ancora bisogno dei tuoi consigli.
COM_COOPERATION_answer_0020	Allenarsi insieme ha migliorato l'intesa.\nSenza pensieri, il loro legame e' ancora piu' forte.
COM_COOPERATION_answer_0022	Parlando a lungo hanno rafforzato la fiducia.\nSenza pensieri, il loro legame e' ancora piu' forte.
COM_COOPERATION_answer_0024	Rilassati, sembra che abbiano trovato qualcosa.\nSenza pensieri, il loro legame e' ancora piu' forte.
COM_COOPERATION_answer_0026	Sembrano seccati di essere stati chiamati.\nVolevano rilassarsi prima dell'incontro.
COM_COOPERATION_answer_0027	Una lunga chiacchierata ha migliorato l'intesa.
COM_COOPERATION_answer_0028	Non hanno capito granche'.\nDovranno capire a poco a poco.
COM_COOPERATION_answer_0029	Le tue parole li hanno aiutati a capire il gioco dell'altro.
COM_COOPERATION_answer_0030	Il tuo consiglio ha solo\nostacolato la loro intesa.
COM_COOPERATION_answer_0031	Uscire insieme e' il modo migliore per conoscersi.\nCon la tua benedizione, se ne sono andati felici.
COM_COOPERATION_answer_0032	Sono perplessi per l'invito a uscire.\nEntrambi sembrano distanti.
COM_COOPERATION_answer_0033	Sembra che si capiscano un po' di piu'.\nOra sono piu' vicini.
COM_COOPERATION_answer_0034	Non sono due perfetti sconosciuti.\nForse dovevi lasciarli parlare.
COM_COOPERATION_answer_0040	Piu' parlavano, piu' crescevano i malumori.\nSpero che non peggiori ancora.
COM_COOPERATION_answer_0054	Non valeva la pena chiamarli entrambi.\nNon aspettarti molto da questo.
COM_COOPERATION_answer_0055	Sembra che abbiano molto in comune.\nQuesto li ha avvicinati.
COM_COOPERATION_answer_0057	Hanno riscoperto i rispettivi ruoli.\nOra aspettiamoci di piu' dalla coppia.
COM_COOPERATION_answer_0061	Lasciarli soli funziona molto bene.\nConoscersi fuori dal campo e' un bene.
COM_COOPERATION_answer_0064	Allenarsi di piu' non risolve nulla.\nMeglio lasciarli parlare con calma.
COM_COOPERATION_answer_0067	E' bello passare del tempo insieme.\nPerche' non parlate fino all'alba?
COM_COOPERATION_answer_0069	La tua passione ha toccato entrambi.\nTra loro e' nata una forte fiducia.
COM_COOPERATION_answer_0073	La tua chiacchierata li ha avvicinati.\nDa ora dovrebbero giocare meglio.
COM_COOPERATION_answer_0074	Fare le cose a meta' non va mai bene.\nSembra che non ti ascoltino.
COM_COOPERATION_answer_0076	Puntavano ancora piu' in alto.\nA volte bisogna essere severi.
COM_COOPERATION_answer_0077	Hanno capito che serve ancora allenamento.\nLavoreranno sodo sull'intesa.
COM_COOPERATION_answer_0081	Per affinare il gioco di coppia,\nprima devono rivedere i propri movimenti.
COM_COOPERATION_answer_0082	Pensando solo al proprio gioco,\nrischiano di restringere la visuale.
COM_COOPERATION_answer_0083	Per combinare piu' spesso,\ndevono sempre leggere i movimenti dell'altro.
COM_COOPERATION_answer_0084	Pensando solo all'altro,\nrischiano di trascurare il proprio gioco.
COM_COOPERATION_answer_0085	Per ampliare il gioco di coppia,\nconta anche guardare a tutta la squadra.
COM_COOPERATION_answer_0086	Pensando a tutta la squadra,\nrischiano di non giocare piu' a modo loro.
COM_COOPERATION_answer_0091	Sembra che siano d'accordo.\nCon piatti piccanti si parlera' di piu'.
COM_COOPERATION_answer_0093	Rispettano quanto tieni a loro.\nIspirati da te, anche la coppia e' piu' unita.
COM_COOPERATION_answer_0094	Sono delusi da quanto ti scusi facilmente.\nSpero che non intacchi il loro legame.
COM_COOPERATION_answer_0095	Parlando in tre hanno capito il tuo punto di vista.\nCapirti ha avvicinato la coppia.
COM_COOPERATION_answer_0096	Sono delusi dal tuo scarso tatto.\nSpero che non intacchi il loro legame.
COM_COOPERATION_answer_0097	La tua risata ha messo i giocatori a loro agio.\nUn momento sereno li ha avvicinati.
COM_COOPERATION_answer_0098	Sono delusi che tu abbia riso per svicolare.\nSpero che non intacchi il loro legame.
COM_COOPERATION_answer_0099	Sono felici della tua stima.\nL'attenzione ai giocatori ha pagato.
COM_COOPERATION_answer_0100	La tua stima non dispiace,\nma non la ritengono giusta.
COM_COOPERATION_answer_0101	Sembrano d'accordo col tuo giudizio.\nSperiamo che continuino a costruire un buon rapporto.
COM_COOPERATION_answer_0102	Il giudizio buttato li' non li ha convinti.\nPerche' non osservi meglio i giocatori?
COM_COOPERATION_answer_0103	La tua sincerita' ha aumentato la loro fiducia.
COM_COOPERATION_answer_0104	Sono sconcertati dalla tua scarsa intuizione.\nSe ne sono andati entrambi scontenti.
COM_COOPERATION_answer_0105	Sembra che si capiscano un po' di piu'.\nOra sono piu' vicini.
COM_COOPERATION_answer_0106	Non sono due perfetti sconosciuti.\nForse dovevi lasciarli parlare.
COM_COOPERATION_answer_0112	Piu' parlavano, piu' crescevano i malumori.\nSpero che non peggiori ancora.
COM_COOPERATION_answer_0126	Non valeva la pena chiamarli entrambi.\nNon aspettarti molto da questo.
COM_COOPERATION_answer_0127	Sembra che abbiano molto in comune.\nQuesto li ha avvicinati.
COM_COOPERATION_answer_0129	Hanno riscoperto i rispettivi ruoli.\nOra aspettiamoci di piu' dalla coppia.
COM_COOPERATION_answer_0133	Lasciarli soli funziona molto bene.\nConoscersi fuori dal campo e' un bene.
COM_COOPERATION_answer_0136	Allenarsi di piu' non risolve nulla.\nMeglio lasciarli parlare con calma.
COM_COOPERATION_answer_0139	E' bello passare del tempo insieme.\nPerche' non parlate fino all'alba?
COM_COOPERATION_answer_0141	La tua passione ha toccato entrambi.\nTra loro e' nata una forte fiducia.
COM_COOPERATION_answer_0145	La tua chiacchierata li ha avvicinati.\nDa ora dovrebbero giocare meglio.
COM_COOPERATION_answer_0146	Fare le cose a meta' non va mai bene.\nSembra che non ti ascoltino.
COM_COOPERATION_answer_0148	Puntavano ancora piu' in alto.\nA volte bisogna essere severi.
COM_COOPERATION_answer_0149	Hanno capito che serve ancora allenamento.\nLavoreranno sodo sull'intesa.
COM_COOPERATION_answer_0153	Dovrebbero offrire un gioco di coppia veloce.\nLa loro intesa dovrebbe portare vittorie alla squadra.
COM_COOPERATION_answer_0154	Anche i movimenti a vuoto danno varieta'.\nNon hanno condiviso il tuo punto di vista.
COM_COOPERATION_answer_0155	Vedremo un gioco di coppia molto vario.\nLa loro intesa dovrebbe portare vittorie alla squadra.
COM_COOPERATION_answer_0156	Lo fanno gia' di continuo.\nVolevano idee per movimenti piu' efficienti.
COM_COOPERATION_answer_0157	Il loro gioco spettacolare dovrebbe incantare i tifosi.\nLa loro intesa dovrebbe portare vittorie alla squadra.
COM_COOPERATION_answer_0158	Entrambi sono incerti sul tuo metodo.\nTemo che idee diverse disturbino il gioco.
COM_COOPERATION_answer_0159	Avevano voglia di cinese.\nVi divertirete tutti stasera.
COM_COOPERATION_answer_0160	Non avevano voglia di cinese.\nLa conversazione a cena rischia di languire.
COM_COOPERATION_answer_0161	Avevano voglia di italiano.\nCaricati di energia, si alleneranno ancora meglio.
COM_COOPERATION_answer_0162	Non avevano voglia di italiano.\nLa conversazione a cena rischia di languire.
COM_COOPERATION_answer_0163	Sembra che siano d'accordo.\nCon piatti raffinati si parlera' di piu'.
COM_COOPERATION_answer_0165	Non sembrano molto entusiasti.\nVolevano tenersi il tempo privato.
COM_COOPERATION_choices_0000	Elogia
COM_COOPERATION_choices_0001	Valuta molto
COM_COOPERATION_choices_0002	Valuta bene
COM_COOPERATION_choices_0003	Valuta poco
COM_COOPERATION_choices_0004	Stronca
COM_COOPERATION_choices_0005	Bella coppia
COM_COOPERATION_choices_0006	Discreti
COM_COOPERATION_choices_0007	Non saprei
COM_COOPERATION_choices_0011	Festa Tifosi
COM_COOPERATION_choices_0012	Partita Benefica
COM_COOPERATION_choices_0013	Elogiali
COM_COOPERATION_choices_0014	Sfidali
COM_COOPERATION_choices_0015	Fai una battuta
COM_COOPERATION_choices_0016	Falli allenare
COM_COOPERATION_choices_0018	Esci con loro
COM_COOPERATION_choices_0020	Dai consigli
COM_COOPERATION_choices_0021	Mandali fuori
COM_COOPERATION_choices_0025	Falli parlare a fondo
COM_COOPERATION_choices_0046	Tuoi mov.
COM_COOPERATION_choices_0047	Dell'altro
COM_COOPERATION_choices_0048	Squadra
COM_COOPERATION_choices_0052	Chiedi scusa
COM_COOPERATION_choices_0053	Parla comunque
COM_COOPERATION_choices_0054	Ridici su
COM_COOPERATION_choices_0055	Bella coppia
COM_COOPERATION_choices_0056	Discreti
COM_COOPERATION_choices_0057	Non saprei
COM_COOPERATION_choices_0058	Presentazioni
COM_COOPERATION_choices_0059	Fai che si vendano
COM_COOPERATION_choices_0060	Vendi te stesso
COM_COOPERATION_choices_0061	Parlino a fondo
COM_COOPERATION_choices_0062	Sminuisci
COM_COOPERATION_choices_0063	Commuoviti
COM_COOPERATION_choices_0064	I pregi
COM_COOPERATION_choices_0065	I difetti
COM_COOPERATION_choices_0066	I ritrovi
COM_COOPERATION_choices_0067	Gioco di coppia
COM_COOPERATION_choices_0068	Tecnica
COM_COOPERATION_choices_0069	Novita'
COM_COOPERATION_choices_0070	Il sistema
COM_COOPERATION_choices_0071	I problemi
COM_COOPERATION_choices_0072	Hobby
COM_COOPERATION_choices_0073	Palestra
COM_COOPERATION_choices_0074	Ristorante top
COM_COOPERATION_choices_0075	Hotel resort
COM_COOPERATION_choices_0076	Con passione
COM_COOPERATION_choices_0077	Con logica
COM_COOPERATION_choices_0078	Con umorismo
COM_COOPERATION_choices_0079	Elogiali
COM_COOPERATION_choices_0080	Fai richieste
COM_COOPERATION_choices_0081	Sii freddo
COM_COOPERATION_choices_0082	Efficienza
COM_COOPERATION_choices_0083	Creare spazio
COM_COOPERATION_choices_0084	Movimenti belli
COM_COOPERATION_choices_0085	Cinese
COM_COOPERATION_choices_0086	Italiano
COM_COOPERATION_choices_0087	Banchetto
COM_COOPERATION_question_0000	%s e %s.\nAllenatore, come valuti la loro intesa?
COM_COOPERATION_question_0001	%s e %s.\nCome valuti il loro rapporto?
COM_COOPERATION_question_0002	Il loro gioco telepatico e' famoso in tutto il mondo.\nCosa farai per alzare ancora il loro profilo?
COM_COOPERATION_question_0005	%s e %s\nnon capiscono lo stile dell'altro. Cosa farai?
COM_COOPERATION_question_0006	%s e %s\nnon sembrano andare d'accordo. Come li avvicinerai?
COM_COOPERATION_question_0007	%s e %s\nsembrano avere un problema. Come lo risolverai?
COM_COOPERATION_question_0008	%s e %s\nnon si conoscono bene. Cosa dirai loro?
COM_COOPERATION_question_0009	%s e %s\nfaticano a parlare a due. Quale argomento proponi?
COM_COOPERATION_question_0010	%s e %s\normai leggono i movimenti dell'altro. Cos'altro suggerisci?
COM_COOPERATION_question_0011	%s e %s.\nSu cosa li consigli per far crescere il gioco di coppia?
COM_COOPERATION_question_0012	%s e %s\ngiocano in perfetta sintonia. Che consiglio dai loro?
COM_COOPERATION_question_0013	%s e %s\nvogliono il tuo parere sulla loro intesa.
COM_COOPERATION_question_0014	%s e %s\nvogliono essere in coppia nei match. Su cosa devono concentrarsi?
COM_COOPERATION_question_0015	%s e %s\nti invitano a cena. Cosa mangerete?
COM_COOPERATION_question_0016	%s e %s\nsono stati chiamati troppo spesso. Cosa farai?
COM_COOPERATION_question_0017	%s e %s.\nAllenatore, come valuti la loro intesa?
COM_COOPERATION_question_0018	%s e %s.\nCome valuti il loro rapporto?
COM_COOPERATION_question_0019	%s e %s\nhanno poco spirito di squadra. Come li avvicinerai?
COM_COOPERATION_question_0020	%s e %s\nsono in tensione tra loro. Come la risolverai?
COM_COOPERATION_question_0021	%s e %s\nnon si interessano l'uno all'altro. Cosa dirai loro?
COM_COOPERATION_question_0022	%s e %s\nnon riescono ancora a parlare liberamente. Quale argomento proponi?
COM_COOPERATION_question_0023	%s e %s\nstanno iniziando a combinare. Cosa suggerisci per approfondire?
COM_COOPERATION_question_0024	%s e %s.\nSu cosa li consigli per far crescere la loro linea diretta?
COM_COOPERATION_question_0025	%s e %s.\nCosa consigli per farne l'asse portante della squadra?
COM_COOPERATION_question_0026	%s e %s\nsono soddisfatti dell'intesa attuale. Qual e' il tuo verdetto?
COM_COOPERATION_question_0027	%s e %s\nsi fidano del loro gioco di coppia. Su cosa devono concentrarsi?
COM_COOPERATION_question_0028	%s e %s\nti invitano a cena. Cosa mangerete?
COM_DIR_CAP_answer_0000_00	Senza attacco non si segna.\nLe tue parole decise danno speranza ai giocatori.
COM_DIR_CAP_answer_0000_01	Puntare solo sull'attacco puo' essere dura.\nLa tua visione ha reso un po' incerti i giocatori.
COM_DIR_CAP_answer_0000_02	Se non subisci gol, non perdi.\nIl tuo accento sulle basi da' speranza ai giocatori.
COM_DIR_CAP_answer_0000_03	Con la sola difesa e' difficile vincere.\nLa tua visione ha reso un po' incerti i giocatori.
COM_DIR_CAP_answer_0000_04	Vuoi incantare il pubblico, non solo vincere.\nIl tuo calcio ideale da' speranza ai giocatori.
COM_DIR_CAP_answer_0000_05	Non si gioca a calcio solo per l'aspetto.\nLa tua visione ha reso un po' incerti i giocatori.
COM_DIR_CAP_choices_0000_00	Attacco potente
COM_DIR_CAP_choices_0000_01	Difesa col pressing
COM_DIR_CAP_choices_0000_02	Tecnica veloce e di classe
COM_DIR_CAP_question_0000	Vuole sapere come costruirai la squadra.\nA che squadra punti?
COM_DIR_LOWDUTYCYCLE_answer_0000_00	E' commosso da chi crede nel suo potenziale.\nPer ripagarti, potrebbe $c[FF6347FF]crescere molto qui$c.
COM_DIR_LOWDUTYCYCLE_answer_0000_01	E' commosso che tu apprezzi il suo estro.\nPer ripagarti, potrebbe $c[FF6347FF]crescere molto qui$c.
COM_DIR_LOWDUTYCYCLE_answer_0000_02	Il tuo modo mistico lo ha commosso.\nPer ripagarti, potrebbe $c[FF6347FF]crescere molto qui$c.
COM_DIR_LOWDUTYCYCLE_choices_0000_00	Il potenziale
COM_DIR_LOWDUTYCYCLE_choices_0000_01	Imprevedibile
COM_DIR_LOWDUTYCYCLE_choices_0000_02	L'oroscopo
COM_DIR_LOWDUTYCYCLE_question_0000	%s $c[FF6347FF]giocava poco$c nella sua ex squadra.\nVuole sapere perche' lo hai preso.
COM_DISCONTENT_answer_0000	Il tuo consiglio gli ha schiarito le idee.\nIl vostro rapporto e' di certo cresciuto.
COM_DISCONTENT_answer_0001	Ha accettato il tuo consiglio.\nBene aver calmato le sue preoccupazioni.
COM_DISCONTENT_answer_0002	Il consiglio non era adatto.\nIl suo malcontento non e' stato risolto.
COM_DISCONTENT_answer_0003	Il tuo consiglio superficiale lo ha fatto desistere.
COM_DISCONTENT_answer_0004	Il tuo consiglio gli ha schiarito le idee.\nIl vostro rapporto e' di certo cresciuto.
COM_DISCONTENT_answer_0005	Ha accettato il tuo consiglio.\nBene aver calmato le sue preoccupazioni.
COM_DISCONTENT_answer_0006	Il consiglio non era adatto.\nIl suo malcontento non e' stato risolto.
COM_DISCONTENT_answer_0007	Il tuo consiglio superficiale lo ha fatto desistere.
COM_DISCONTENT_answer_0008	%s,\nchiamato una volta di troppo, se n'e' andato scocciato.
COM_DISCONTENT_answer_0024	Questo cambio di numero\nsembra aver influito anche sugli altri.
COM_DISCONTENT_answer_0025	Il tuo sogno di un calcio d'attacco spettacolare\nda' speranza anche al capitano %s.
COM_DISCONTENT_answer_0026	La tua visione che trascura la difesa\nha reso incerto %s.
COM_DISCONTENT_answer_0027	Il tuo calcio solido, basato sulla difesa,\nha convinto il capitano %s.
COM_DISCONTENT_answer_0028	La tua visione difensiva, priva di coraggio,\nha reso incerto %s.
COM_DISCONTENT_answer_0029	Il tuo buon equilibrio tra attacco e difesa\nda' speranza anche al capitano %s.
COM_DISCONTENT_answer_0030	La tua posizione vaga su attacco e difesa\nha reso incerto %s.
COM_DISCONTENT_answer_0031	Vi capite un po' meglio a vicenda.\nCosi' potrebbe avere un $c[FF6347FF]rientro rapido$c in squadra.
COM_DISCONTENT_answer_0032	Non ha capito il tuo pensiero.\nPer il rientro di %s ci vorra' ancora tempo.
COM_DISCONTENT_answer_0033	Ascoltandoti ha potuto riflettere su di se'.\nCosi' potrebbe avere un $c[FF6347FF]rientro rapido$c in squadra.
COM_DISCONTENT_answer_0034	Ascoltandoti, la sua rabbia e' solo aumentata.\nPer il rientro di %s ci vorra' ancora tempo.
COM_DISCONTENT_answer_0035	La tua reazione matura lo ha calmato.\nCosi' potrebbe avere un $c[FF6347FF]rientro rapido$c in squadra.
COM_DISCONTENT_answer_0036	Essere ignorato ha aumentato il suo malcontento.\nPer il rientro di %s ci vorra' ancora tempo.
COM_DISCONTENT_answer_0037	Capire le tue intenzioni gli ha fatto cambiare idea.\nIl suo malcontento e' svanito.
COM_DISCONTENT_answer_0038	E' stufo del tuo modo di fare.\nIl suo malcontento ha raggiunto il $c[00BFFFFF]massimo$c.
COM_DISCONTENT_answer_0039	Capire le tue intenzioni gli ha fatto cambiare idea.\nIl suo malcontento e' svanito.
COM_DISCONTENT_answer_0040	E' stufo del tuo modo di fare.\nIl suo malcontento ha raggiunto il $c[00BFFFFF]massimo$c.
COM_DISCONTENT_answer_0041	Capire le tue intenzioni gli ha fatto cambiare idea.\nIl suo malcontento e' svanito.
COM_DISCONTENT_answer_0042	E' stufo del tuo modo di fare.\nIl suo malcontento ha raggiunto il $c[00BFFFFF]massimo$c.
COM_DISCONTENT_answer_0043	E' sollevato che tu lo abbia ascoltato.\nI dubbi sulla tattica sono spariti.
COM_DISCONTENT_answer_0044	Disprezza un allenatore che non si assume la tattica.\nHa ancora piu' $c[00BFFFFF]dubbi$c sulla tattica.
COM_DISCONTENT_answer_0045	Le tue parole decise lo hanno convinto a seguirti.\nI dubbi sulla tattica sono spariti.
COM_DISCONTENT_answer_0046	E' stufo del tuo egoismo.\nHa ancora piu' $c[00BFFFFF]dubbi$c sulla tattica.
COM_DISCONTENT_answer_0047	Grazie al mister ha capito la tua tattica.\nI dubbi sulla tattica sono spariti.
COM_DISCONTENT_answer_0048	Gli dispiace che tu non spieghi di persona.\nHa ancora piu' $c[00BFFFFF]dubbi$c sulla tattica.
COM_DISCONTENT_answer_0050	La tua poca convinzione lo ha reso $c[00BFFFFF]incerto$c.\nNon abbandonare le tue idee cosi' facilmente.
COM_DISCONTENT_answer_0051	Sembra capire il tuo punto di vista.\nTi sei avvicinato di un passo a lui.
COM_DISCONTENT_answer_0052	Una spiegazione a senso unico lo ha $c[00BFFFFF]stufato$c.\nImporre la tua teoria non lo convincera'.
COM_DISCONTENT_answer_0054	E' $c[00BFFFFF]stufo$c che tu scarti i giocatori.\nNon si fa una squadra di soli yes-men.
COM_DISCONTENT_answer_0056	Non sa $c[00BFFFFF]perche'$c sia in squadra.\nTenerlo senza motivo e' un po' crudele.
COM_DISCONTENT_answer_0058	Sentirsi dire di valere meno $c[00BFFFFF]scuote$c chiunque.\nHa perso molta fiducia.
COM_DISCONTENT_answer_0060	Si sente raggirato e $c[00BFFFFF]non e' convinto$c.\nLasciargli un segreto per sempre e' crudele.
COM_DISCONTENT_answer_0062	Incoraggiarlo e' stato $c[00BFFFFF]inutile$c.
COM_DISCONTENT_answer_0064	Serviva davvero sgridarlo?\nOra e' $c[00BFFFFF]giu' di morale$c.
COM_DISCONTENT_answer_0066	E' chiaramente $c[00BFFFFF]in difficolta'$c.
COM_DISCONTENT_answer_0068	E' $c[00BFFFFF]scioccato$c che non lo avessi considerato.\nConosci meglio i tuoi giocatori.
COM_DISCONTENT_answer_0070	E' $c[00BFFFFF]triste$c che tu non abbia visto la sua grinta.\nA volte devi lasciargli provare.
COM_DISCONTENT_answer_0072	$c[00BFFFFF]Svicolare$c non funziona.\nDovevi dargli una risposta vera.
COM_DISCONTENT_answer_0074	E' $c[00BFFFFF]scioccato$c che non lo avessi considerato.\nConosci meglio i tuoi giocatori.
COM_DISCONTENT_answer_0076	E' $c[00BFFFFF]triste$c che tu non abbia visto la sua grinta.\nA volte devi lasciargli provare.
COM_DISCONTENT_answer_0078	$c[00BFFFFF]Svicolare$c non funziona.\nDovevi dargli una risposta vera.
COM_DISCONTENT_answer_0080	Non voleva una risposta $c[00BFFFFF]vaga$c.\nServiva un motivo chiaro.
COM_DISCONTENT_answer_0082	Gli e' sembrata una $c[00BFFFFF]scusa$c.\nMeglio dirlo coi fatti.
COM_DISCONTENT_answer_0084	Non ha $c[00BFFFFF]senso$c se non gioca.\nNon voleva arrivare a tanto.
COM_DISCONTENT_answer_0086	Non hai potuto calmare le sue $c[00BFFFFF]preoccupazioni$c.\nServe risanare presto le finanze.
COM_DISCONTENT_answer_0088	Il tuo trattamento sbrigativo lo ha $c[00BFFFFF]scioccato$c.\nDevi trattare meglio i giocatori.
COM_DISCONTENT_answer_0090	Ora e' ancora piu' $c[00BFFFFF]in ansia$c.\nNon lamentarti davanti ai giocatori.
COM_DISCONTENT_answer_0092	Te lo aveva chiesto solo per cortesia.\nIn realta' $c[00BFFFFF]non voleva che venissi$c.
COM_DISCONTENT_answer_0094	Ogni tanto dovresti andare con lui.\nSe n'e' andato $c[00BFFFFF]deluso$c.
COM_DISCONTENT_answer_0095	Sei venuto nonostante gli impegni,\ne lui e' felicissimo.
COM_DISCONTENT_answer_0096	Il tuo atteggiamento freddo lo ha $c[00BFFFFF]deluso$c.\nDevi pensare di piu' ai giocatori.
COM_DISCONTENT_answer_0098	Se lo sapevi, dovevi intervenire prima.\nInvece ti sei attirato la sua $c[00BFFFFF]rabbia$c.
COM_DISCONTENT_answer_0099	Ha capito che non si vince\ncon allenamenti cosi' leggeri.
COM_DISCONTENT_answer_0100	Non accetti le sue opinioni,\ne mostra apertamente la sua $c[00BFFFFF]rabbia$c.
COM_DISCONTENT_answer_0102	Pensarci adesso e' $c[00BFFFFF]troppo tardi$c.\nVoleva che ci pensassi prima.
COM_DISCONTENT_answer_0104	Non voleva una risposta $c[00BFFFFF]vaga$c.\nServiva un motivo chiaro.
COM_DISCONTENT_answer_0105	Ha accettato il motivo.\nIl calcio e' un gioco di squadra.
COM_DISCONTENT_answer_0106	Gli e' sembrata una $c[00BFFFFF]scusa$c.\nMeglio dirlo coi fatti.
COM_DISCONTENT_answer_0107	La tua grinta gli ha fatto cambiare idea.\nNon giocare fa molto piu' male.
COM_DISCONTENT_answer_0108	Non ha $c[00BFFFFF]senso$c se non gioca.\nNon voleva arrivare a tanto.
COM_DISCONTENT_answer_0110	Gli dispiace che il numero non avesse un $c[00BFFFFF]senso$c.\nNon assegnare i numeri alla leggera.
COM_DISCONTENT_answer_0112	Hai ferito il suo $c[00BFFFFF]orgoglio$c.\nSui numeri di maglia, conta prima cio' che sente lui.
COM_DISCONTENT_answer_0114	Sembra $c[00BFFFFF]in ansia$c su quando cambiera'.\nUn campione merita il numero che vuole.
COM_DISCONTENT_answer_0115	Era gia' nervoso prima dell'incontro.\nEssere chiamato lo ha stressato.
COM_DISCONTENT_answer_0116	Le tue parole hanno acceso il loro $c[FF6347FF]spirito combattivo$c.\nOttimo clima per il prossimo incontro.
COM_DISCONTENT_answer_0117	Il tuo incitamento di facciata ha gelato i giocatori.\nHai rovinato il bel clima.
COM_DISCONTENT_answer_0118	Il tuo richiamo ha restituito loro la $c[FF6347FF]calma$c.\nAffronteranno l'incontro con la giusta tensione.
COM_DISCONTENT_answer_0119	La tua frase fuori luogo ha gelato i giocatori.\nHai rovinato il bel clima.
COM_DISCONTENT_answer_0120	Il tuo bel gesto ha entusiasmato i giocatori.\nUn $c[FF6347FF]clima ottimo$c per il prossimo incontro.
COM_DISCONTENT_answer_0121	La tua frase frivola e' caduta nel vuoto.\nHai rovinato il bel clima.
COM_DISCONTENT_choices_0000	Voglia di vincere
COM_DISCONTENT_choices_0001	Parla del voto
COM_DISCONTENT_choices_0002	Promessa di gioco
COM_DISCONTENT_choices_0003	Meno allenamento
COM_DISCONTENT_choices_0004	Parla del capitano
COM_DISCONTENT_choices_0005	Parla dei tiri
COM_DISCONTENT_choices_0006	Spiega ruolo
COM_DISCONTENT_choices_0007	Voglia di titoli
COM_DISCONTENT_choices_0008	Fai due chiacchiere
COM_DISCONTENT_choices_0009	Di' cosa pensi
COM_DISCONTENT_choices_0010	Parla del G. Chiave
COM_DISCONTENT_choices_0011	Cambia numero
COM_DISCONTENT_choices_0013	Attacco di classe
COM_DISCONTENT_choices_0014	Punta sulla difesa solida
COM_DISCONTENT_choices_0015	Cura l'equilibrio
COM_DISCONTENT_choices_0016	Parlate a fondo
COM_DISCONTENT_choices_0017	Indica i difetti
COM_DISCONTENT_choices_0019	Fai la predica
COM_DISCONTENT_choices_0020	Confronto di idee
COM_DISCONTENT_choices_0021	Ridici su
COM_DISCONTENT_choices_0022	Usa la sua idea
COM_DISCONTENT_choices_0023	Imponi la tattica
COM_DISCONTENT_choices_0024	Chiedi al mister
COM_DISCONTENT_choices_0026	Dici la tua
COM_DISCONTENT_choices_0058	Vinci ancora
COM_DISCONTENT_choices_0059	Calmati
COM_DISCONTENT_choices_0060	Andiamo a bere
COM_DISCONTENT_question_0000	Hai chiamato %s.\nCosa gli dirai?
COM_DISCONTENT_question_0001	Vuole sapere dove porterai la squadra.\nQuale visione mostri?
COM_DISCONTENT_question_0002	%s, che ha $c[00BFFFFF]saltato l'allenamento$c, e' qui.\nCosa fai?
COM_DISCONTENT_question_0003	$c[00BFFFFF]%s$c e' entrato imbronciato.\nLa sua $c[00BFFFFF]rabbia sta per esplodere$c. Come la calmi?
COM_DISCONTENT_question_0004	$c[00BFFFFF]%s$c entra con aria scontenta.\nContesta la $c[00BFFFFF]tattica perdente$c. Che rispondi?
COM_DISCONTENT_question_0005	$c[00BFFFFF]%s$c entra con aria scontenta.\nNon gli piace $c[00BFFFFF]il tuo comportamento$c. Che rispondi?
COM_DISCONTENT_question_0006	$c[00BFFFFF]%s$c entra con aria scontenta.\nVuole $c[00BFFFFF]giocare di piu'$c. Che rispondi?
COM_DISCONTENT_question_0007	$c[00BFFFFF]%s$c entra con aria scontenta.\nE' $c[00BFFFFF]sfinito dalle partite$c. Che rispondi?
COM_DISCONTENT_question_0008	$c[00BFFFFF]%s$c entra con aria scontenta.\nVuole $c[00BFFFFF]la fascia di capitano$c. Che rispondi?
COM_DISCONTENT_question_0009	$c[00BFFFFF]%s$c entra con aria scontenta.\nVuole $c[00BFFFFF]battere i piazzati$c. Che rispondi?
COM_DISCONTENT_question_0010	$c[00BFFFFF]%s$c entra con aria scontenta.\nVuole $c[00BFFFFF]il suo ruolo giusto$c. Che rispondi?
COM_DISCONTENT_question_0011	$c[00BFFFFF]%s$c entra con aria scontenta.\nVuole il trasferimento $c[00BFFFFF]per vincere titoli$c. Che rispondi?
COM_DISCONTENT_question_0012	$c[00BFFFFF]%s$c entra con aria scontenta.\nTi invita a cena per la $c[00BFFFFF]scarsa comunicazione$c.
COM_DISCONTENT_question_0013	$c[00BFFFFF]%s$c entra con aria scontenta.\nDice che $c[00BFFFFF]l'allenamento e' duro$c. Che rispondi?
COM_DISCONTENT_question_0014	$c[00BFFFFF]%s$c entra con aria scontenta.\nVuole $c[00BFFFFF]essere Giocatore Chiave$c piu' spesso. Che rispondi?
COM_DISCONTENT_question_0015	$c[00BFFFFF]%s$c entra con aria scontenta.\nVuole $c[00BFFFFF]un nuovo numero di maglia$c. Che rispondi?
COM_DISCONTENT_question_0016	L'ultimo risultato ha alzato il $c[FF6347FF]morale$c.\nCosa dirai prima del prossimo incontro?
COM_EVENT_answer_0000	Ha tanta voglia.\nSe ci riesce, la sua $c[FF6347FF]crescita accelerera'$c di sicuro.
COM_EVENT_answer_0001	Se fallisce, potrebbe perdere fiducia.\nPer ora lascialo aspettare il suo turno.
COM_EVENT_answer_0002	%s aveva tanta voglia di fare,\nma la tua scelta lo ha deluso.
COM_EVENT_choices_0000	Affare fatto
COM_EVENT_choices_0001	Rifiuta
COM_EVENT_question_0000	%s chiede di giocare il prossimo incontro\npromettendo 1 gol. Cosa fai?
COM_EVENT_question_0001	%s chiede di giocare il prossimo incontro\npromettendo 2 gol. Cosa fai?
COM_EVENT_question_0002	%s chiede di giocare il prossimo incontro\npromettendo 3 gol. Cosa fai?
COM_EVENT_question_0003	%s chiede di giocare il prossimo incontro\npromettendo un assist. Cosa fai?
COM_EVENT_question_0004	%s chiede di giocare il prossimo incontro\npromettendo di non subire gol. Cosa fai?
COM_EVENT_question_0005	%s chiede di giocare il prossimo incontro\npromettendo di vincere con 2 gol di scarto. Cosa fai?
COM_EVENT_question_0006	%s chiede di giocare il prossimo incontro\npromettendo di vincere con 3 gol di scarto. Cosa fai?
COM_EVENT_question_0007	Se lo nomini Giocatore Chiave nel prossimo incontro,\npromette di vincere con 2 gol di scarto. Cosa fai?
COM_EVENT_question_0008	Se lo nomini Giocatore Chiave nel prossimo incontro,\npromette di vincere con 3 gol di scarto. Cosa fai?
COM_EVENT_question_0009	Se lo nomini Giocatore Chiave nel prossimo incontro,\npromette di vincere con piu' possesso palla. Cosa fai?
COM_EVENT_question_0010	Se lo nomini Giocatore Chiave nel prossimo incontro,\npromette di vincere senza subire gol. Cosa fai?
COM_EVENT_question_0011	Se lo nomini Giocatore Chiave nel prossimo incontro,\ngiura di vincere. Cosa fai?
COM_EVENT_result_0000	Hai mantenuto la promessa fatta a %s\ne lui ti ha ripagato $c[FF6347FF]crescendo molto$c. Aspettiamoci grandi cose!
COM_EVENT_result_0001	Hai mantenuto la promessa fatta a %s,\nma ha sprecato l'occasione e $c[00BFFFFF]ha perso fiducia$c.
COM_EVENT_result_0002	Hai mantenuto la promessa fatta a %s\ne lui ti ha ripagato $c[FF6347FF]crescendo molto$c. Aspettiamoci grandi cose!
COM_EVENT_result_0003	Hai mantenuto la promessa fatta a %s,\nma ha sprecato l'occasione e $c[00BFFFFF]ha perso fiducia$c.
COM_EVENT_result_0004	Hai chiamato %s,\na cui avevi promesso di farlo giocare.
COM_FINEDF_choices_0000	Spinta offensiva
COM_FINEDF_choices_0001	Difesa solida
COM_FINEDF_choices_0002	Controllo linea
COM_FINEDF_choices_0003	Contrasti duri
COM_FINEDF_choices_0004	Cambi di fase
COM_FINEDF_choices_0005	Grinta
COM_FINEDF_question_0000	%s e' stato $c[FF6347FF]superbo$c nell'ultimo incontro.\nPer salire ancora, cosa vuoi da lui?
COM_FINEFW_choices_0000	Gol
COM_FINEFW_choices_0001	Pressing avanzato
COM_FINEFW_choices_0002	Tecnica
COM_FINEFW_choices_0003	Gioco di sponda
COM_FINEFW_choices_0004	Dribbling
COM_FINEFW_choices_0005	Sacrificio
COM_FINEFW_question_0000	%s e' stato una $c[FF6347FF]stella$c nell'ultimo incontro.\nPer salire ancora, cosa vuoi da lui?
COM_FINEGK_choices_0000	Rilanci lunghi
COM_FINEGK_choices_0001	Uno contro uno
COM_FINEGK_choices_0002	Comando
COM_FINEGK_choices_0003	Uscite alte
COM_FINEGK_choices_0004	Uscite decise
COM_FINEGK_choices_0005	Posizionamento
COM_FINEGK_question_0000	%s e' stato $c[FF6347FF]protagonista$c nell'ultimo incontro.\nPer farlo salire ancora, cosa ti aspetti?
COM_FINEMF_choices_0000	Tiri da fuori
COM_FINEMF_choices_0001	Difesa
COM_FINEMF_choices_0002	Costruzione
COM_FINEMF_choices_0003	Fisico
COM_FINEMF_choices_0004	Pressing rapido
COM_FINEMF_choices_0005	Resistenza
COM_FINEMF_question_0000	%s e' stato $c[FF6347FF]protagonista$c nell'ultimo incontro.\nPer farlo salire ancora, cosa ti aspetti?
COM_GROUNDBAD_answer_0000	Agitarsi da soli non serve.\nCoinvolgere tutta la squadra dovrebbe alzare il livello di tutti.
COM_GROUNDBAD_answer_0001	Prima se stesso, poi la squadra.\nQuella risposta debole lo ha reso piu' ansioso.
COM_GROUNDBAD_answer_0002	L'allenamento e' alla base di tutto.\nUn allenamento duro dovrebbe farci uscire da questa crisi.
COM_GROUNDBAD_answer_0003	Pensa di allenarsi abbastanza.\nPer l'ansia serve un altro metodo.
COM_GROUNDBAD_answer_0004	Certe cose non si risolvono\ncon le preoccupazioni. Dormi bene!
COM_GROUNDBAD_answer_0005	Un atteggiamento svogliato non aiuta.\nSe non ti impegni, nulla cambia, no?
COM_GROUNDFINE_answer_0000	Hai visto bene il suo talento.\n%s si fida di piu' ed e' carico!
COM_GROUNDFINE_answer_0001	%s e' pieno di fiducia.\nIl suo gioco sara' ancora piu' rifinito.
COM_GROUNDFINE_answer_0002	%s vuole ripagarti\ne puntera' ancora piu' in alto.
COM_GROUNDFINE_answer_0003	Gli hai mostrato cio' che gli mancava\ne %s e' motivato.
COM_GROUNDFINE_answer_0004	Non sa se fa per lui,\nma ha capito cosa vuoi da lui.
COM_GROUNDFINE_answer_0005	Non e' il suo forte,\nma si impegnera' per ripagarti.
COM_IMPOSSIBLE_answer_0000	%s e' infortunato e non puo' essere chiamato.\nControllalo nella Sala Medica.
COM_IMPOSSIBLE_answer_0001	%s e' furioso e non verra'.\nPer ora lascialo in pace.
COM_IMPOSSIBLE_answer_0002	Meglio non fare pressione prima dell'incontro.\nPer ora niente altra Comunicazione.
COM_INJURY_answer_0001	Chiamato mentre riposava,\nsi sente ancora peggio.
COM_INJURY_answer_0004	Hai toccato proprio il punto giusto.\nLa cura adatta ha alleviato la gamba.
COM_INJURY_answer_0006	L'esame ha trovato la causa.\nOra dovrebbe guarire in fretta.
COM_INJURY_answer_0007	Neanche l'esame ha trovato la causa.\nLa cura potrebbe durare di piu'.
COM_INJURY_answer_0008	La nuova terapia ha alleviato la gamba.\nPresto potrebbe tornare in forma.
COM_INJURY_answer_0009	Neanche la nuova terapia ha aiutato.\nCi vorra' tempo per guarire.
COM_INJURY_answer_0010	La medicina orientale l'ha aiutato\ne ora la gamba sta bene.
COM_INJURY_answer_0011	Neanche la medicina orientale\nha sistemato la gamba.
COM_INJURY_choices_0003	Esame
COM_INJURY_choices_0004	Nuova terapia
COM_INJURY_choices_0005	Med. orientale
COM_INJURY_question_0000	%s ha un fastidio alla gamba.\nCome intervieni?
COM_INJURY_question_0001	%s ha un fastidio alla gamba.\nCome intervieni?
COM_LOUNGEBAD_answer_0000	I due sono entusiasti di questo allenamento.\nL'intesa dovrebbe migliorare.
COM_LOUNGEBAD_answer_0001	Allenare da soli due che litigano...\nForse c'era un metodo migliore.
COM_LOUNGEBAD_answer_0002	Dividere la stanza li ha fatti parlare.\nComunicheranno meglio di prima.
COM_LOUNGEBAD_answer_0003	Forzarli a stare insieme e' inutile.\nSono stufi dei tuoi metodi bruschi.
COM_LOUNGEBAD_answer_0004	L'avventura dovrebbe avvicinarli.\nSaranno in sintonia anche in campo!
COM_LOUNGEBAD_answer_0005	Anche per scherzo, si poteva fare meglio.\nSono delusi dalla tua scarsa sensibilita'.
COM_LOUNGEBAD_choices_0000	Allen. segreto
COM_LOUNGEBAD_choices_0001	Stessa stanza
COM_LOUNGEBAD_choices_0002	Isola deserta
COM_LOUNGEBAD_question_0000	%s e %s:\nvorrei sciogliere la tensione tra loro in un colpo...
COM_MAX_MTG_answer_0000_00	Il suo piano di allenamento e' stato un successo.\nGli esercizi tattici aiuteranno tutta la squadra.
COM_MAX_MTG_answer_0000_01	Pianificare gli esercizi ripassa la tattica.\nHa apprezzato la tua abile guida.
COM_MAX_MTG_answer_0000_02	Non ha capito perche' dovesse pianificare.\nSi sente scaricato di un fastidio e fa il broncio.
COM_MAX_MTG_answer_0000_03	Ha condotto bene la riunione!\nTutti hanno capito meglio la tattica.
COM_MAX_MTG_answer_0000_04	Condurre gli ha dato una visione piu' ampia.\nUna bella lezione per un Giocatore Chiave.
COM_MAX_MTG_answer_0000_05	Non ha capito perche' gli hai dato l'incarico.\nLa riunione stessa e' andata a rotoli.
COM_MAX_MTG_answer_0000_06	Tutti dipendevano troppo dal Giocatore Chiave.\nSenza di lui, lui e la squadra sono cresciuti.
COM_MAX_MTG_answer_0000_07	Serve anche del tempo da soli.\nSenza il peso di Giocatore Chiave, si sente piu' leggero.
COM_MAX_MTG_answer_0000_08	Non ha capito perche' l'hai fatto uscire.\nOra e' molto giu' di morale.
COM_MAX_MTG_answer_0001_00	La sua fiducia tattica e' cresciuta.\nOra dagli presto un incontro vero.
COM_MAX_MTG_answer_0001_01	Ormai le lodi non servono.\nDagli un incontro vero, non parole.
COM_MAX_MTG_answer_0001_02	Calmandosi ha visto qualcosa in piu'.\nOra dagli presto un incontro vero.
COM_MAX_MTG_answer_0001_03	Non riesce a frenare la voglia di provare.\nDagli presto un incontro vero.
COM_MAX_MTG_answer_0001_04	Nel silenzio ha trovato nuovi spunti.\nOra dagli presto un incontro vero.
COM_MAX_MTG_answer_0001_05	Certe cose vanno dette.\nE' irritato: non gli dai un incontro vero.
COM_MAX_MTG_choices_0000_00	Piano allen.
COM_MAX_MTG_choices_0000_01	Guida riunione
COM_MAX_MTG_choices_0000_02	Fallo uscire
COM_MAX_MTG_choices_0001_00	Elogia
COM_MAX_MTG_question_0000	%s brilla come $c[FF6347FF]Giocatore Chiave$c della squadra.\nConosce la tattica. Cosa fargli fare?
COM_MAX_MTG_question_0001	%s sta sbocciando come Giocatore Chiave.\nVuole un incontro vero per provare idee nuove.
COM_MEDIVICTORY_answer_0000	Il tuo regalo di giorni liberi\nalleviera' di sicuro la sua fatica.
COM_MEDIVICTORY_answer_0001	Ha smorzato la sua voglia di continuare.
COM_MEDIVICTORY_answer_0002	La dieta e' alla base delle condizioni.\nUn pasto migliore ha rinfrescato corpo e mente.
COM_MEDIVICTORY_answer_0003	Ha mangiato troppo alla festa di ieri sera.\nNon ce la fa piu'...
COM_MEDIVICTORY_answer_0004	Gli hai detto di portare i compagni.\nHa adorato il gesto.
COM_MEDIVICTORY_answer_0005	Se fai un regalo, non c'era di meglio?\nUn buono l'ha deluso...
COM_MEDIVICTORY_choices_0000	Riposo
COM_MEDIVICTORY_choices_0001	Cena
COM_MEDIVICTORY_choices_0002	Buono terme
COM_MEDIVICTORY_question_0000	%s ha contribuito a vincere il torneo.\nCosa gli regali per ringraziarlo?
COM_MEETINGBAD_answer_0000	Le tue parole gli hanno schiarito le idee.\nE' ansioso di giocare il prossimo incontro.
COM_MEETINGBAD_answer_0001	Se fosse facile, sarebbe un sollievo.\nIl tuo ottimismo l'ha lasciato senza parole.
COM_MEETINGBAD_answer_0002	Ha ancora molto da dare.\nIl tuo incoraggiamento l'ha motivato.
COM_MEETINGBAD_answer_0003	Infierire su chi e' giu'\nlo ha buttato ancora piu' giu'.
COM_MEETINGBAD_answer_0004	Ha sentito la gentilezza del tuo silenzio.\nUn fuoco silenzioso arde in lui.
COM_MEETINGBAD_answer_0005	???\nDillo, o non lo sapra'?
COM_MEETINGBAD_choices_0000	Calma
COM_MEETINGBAD_choices_0001	Impegnati!
COM_MEETINGBAD_question_0000	%s e' stato $c[00BFFFFF]opaco$c nell'ultimo incontro.\nE' giu'. Cosa gli dici?
COM_MEETINGFINE_answer_0000	In questa forma puo' gestire tutto.\nCon la fiducia di tutti, e' motivatissimo.
COM_MEETINGFINE_answer_0001	Sperava in un ruolo diverso.\nLa differenza lo turba.
COM_MEETINGFINE_answer_0002	Con lui in campo la squadra e' sicura.\nPuo' sostituirti benissimo.
COM_MEETINGFINE_answer_0003	Una richiesta cosi' improvvisa l'ha sorpreso.\nForse prima costruisci piu' fiducia.
COM_MEETINGFINE_answer_0004	Gia' ora e' un grande sostegno.\nContinuera' a ripagare le tue speranze.
COM_MEETINGFINE_answer_0005	In forma e senza richieste: triste.\n%s fa un po' il broncio.
COM_MEETINGFINE_choices_0000	G. Chiave squadra
COM_MEETINGFINE_choices_0001	Guida in campo
COM_MEETINGFINE_choices_0002	Va bene cosi'
COM_MEETINGFINE_question_0000	%s e' stato una $c[FF6347FF]star$c nell'ultimo incontro.\nE' in forma. Cosa vuole da lui la squadra?
COM_MEETING_answer_0000	Ha preso a cuore le tue parole.\nI compagni condividono la tua valutazione.
COM_MEETING_answer_0001	Accetta la tua valutazione.\nAnche i compagni sono d'accordo.
COM_MEETING_answer_0002	Poca reazione, ma in parte accetta.\nGli altri reagiscono in modo diverso.
COM_MEETING_answer_0003	Rifiuta la tua valutazione e ora diffida.\nSpero non influenzi gli altri...
COM_MEETING_answer_0004	%s rifiuta chiaramente la valutazione.\nLe tue parole hanno cambiato il clima.
COM_MEETING_answer_0005	Non so dire
COM_MEETING_answer_0006	%s e' stato messo in mostra\ndi nuovo e fa il broncio.
COM_MEETING_answer_0007	Sentire le speranze della squadra l'ha motivato.\nOra si integrera' presto.
COM_MEETING_answer_0008	Pare tu gli abbia messo pressione.\nSembra in ansia per la nuova squadra.
COM_MEETING_answer_0009	L'ambiente amichevole l'ha rassicurato.\nOra si integrera' presto.
COM_MEETING_answer_0010	Si aspettava un clima serio e professionale.\nIl tuo approccio da amici lo preoccupa.
COM_MEETING_answer_0011	I compagni l'hanno accolto con sorrisi.\nOra si integrera' presto.
COM_MEETING_answer_0012	Deriderlo subito e' stato crudele.\nSembra in ansia per la nuova squadra.
COM_MEETING_answer_0013	Sara' un ottimo istruttore per i bambini.\nPuntiamo ancora sulla nostra bandiera.
COM_MEETING_answer_0014	Conquistera' il pubblico anche fuori dallo stadio.\nPuntiamo ancora sulla nostra bandiera.
COM_MEETING_answer_0015	Dovrebbe migliorare anche l'immagine della squadra.\nPuntiamo ancora sulla nostra bandiera.
COM_MEETING_answer_0016	Dovrebbe attirare molti tifosi.\nPuntiamo ancora sulla nostra bandiera.
COM_MEETING_answer_0017	Ovviamente aiutera' volentieri.\nPuntiamo ancora sulla nostra bandiera.
COM_MEETING_answer_0018	Le tue parole gli hanno dato spunti per un nuovo stile.\nSento che trovera' il suo stile nelle partite.
COM_MEETING_answer_0019	Non c'era da preoccuparsi.\nIl suo stile attuale basta e avanza.
COM_MEETING_answer_0020	Le tue parole decise gli hanno fatto scegliere di seguirti.\nI dubbi sulla tattica sono svaniti.
COM_MEETING_answer_0021	E' stufo del tuo egoismo.\nOra e' ancora piu' incerto sulla tattica.
COM_MEETING_answer_0022	E' sollevato di non essere solo.\nI dubbi sulla tattica sono svaniti.
COM_MEETING_answer_0023	Disprezza un allenatore che non risponde della tattica.\nOra e' ancora piu' incerto sulla tattica.
COM_MEETING_answer_0024	Ha fiducia in cio' che ha fatto finora.\nI dubbi sulla tattica sono svaniti.
COM_MEETING_answer_0025	Pensa che tu lo abbia abbandonato.\nOra e' ancora piu' incerto sulla tattica.
COM_MEETING_answer_0026	Si era gia' annoiato della riunione.\nEssere chiamato lo ha solo infastidito.
COM_MEETING_answer_0033	Le parole del suo maestro lo hanno commosso.\nAnche i compagni lo rispettano.
COM_MEETING_answer_0034	Anche dal suo maestro, era troppo per lui.\nI compagni sono rimasti spiazzati dalle tue parole.
COM_MEETING_answer_0035	Assapora le parole del suo maestro.\nI compagni riconoscono il suo valore.
COM_MEETING_answer_0036	Anche da te, le parole erano un po' pesanti.\nL'aria nella Sala Riunioni si e' fatta pesante.
COM_MEETING_answer_0037	E' felice di sentirlo dal suo maestro.\nI compagni sentono il vostro forte legame.
COM_MEETING_answer_0038	Le tue parole lo hanno sorpreso.\nOra i compagni si chiedono di voi due.
COM_MEETING_answer_0039	Si e' calmato abbastanza da ascoltare.
COM_MEETING_answer_0040	Calmarlo non ha funzionato.\nAnzi, lo ha irritato ancora di piu'.
COM_MEETING_answer_0041	E' piuttosto contento.\nIl suo umore e' migliorato.
COM_MEETING_answer_0042	L'adulazione non ha portato a nulla.
COM_MEETING_answer_0043	Condivide i tuoi ideali.\nIl suo umore e' migliorato.
COM_MEETING_answer_0044	Non ha capito i tuoi ideali.\nHai solo peggiorato il suo umore.
COM_MEETING_answer_0045	Le tue parole hanno rafforzato la sua fiducia in te.\nCon una fiducia solida potrebbe trovare un nuovo stile.
COM_MEETING_answer_0046	Non c'era da preoccuparsi.\nIl suo stile attuale basta e avanza.
COM_MEETING_answer_0047	Le tue parole decise hanno attenuato i dubbi.\nCon piu' fiducia i dubbi dovrebbero sparire.
COM_MEETING_answer_0048	E' stufo del tuo egoismo.\nOra e' ancora piu' incerto sulla tattica.
COM_MEETING_answer_0049	E' sollevato di non essere solo.\nCon piu' fiducia i dubbi dovrebbero sparire.
COM_MEETING_answer_0050	Disprezza un allenatore che non risponde della tattica.\nOra e' ancora piu' incerto sulla tattica.
COM_MEETING_answer_0051	Ha fiducia in cio' che ha fatto finora.\nCon piu' fiducia i dubbi dovrebbero sparire.
COM_MEETING_answer_0052	Pensa che tu lo abbia abbandonato.\nOra e' ancora piu' incerto sulla tattica.
COM_MEETING_answer_0053	%s e' rimasto colpito dalle tue parole.\nTutta la squadra e' devota al tuo calcio.
COM_MEETING_answer_0054	Il tuo giudizio ha rinnovato la sua determinazione.\nMolti capiscono la tua fame di vittoria.
COM_MEETING_answer_0055	%s accetta la tua giusta valutazione.\nAnche gli altri paiono condividere il tuo parere.
COM_MEETING_answer_0056	Non accetta la tua valutazione.\nAnche alcuni compagni sembrano scontenti.
COM_MEETING_answer_0057	Il suo volto mostra chiara sfiducia in te.\nAnche i compagni si lamentano.
COM_MEETING_answer_0058	Non sembra molto entusiasta.\nVoleva tenersi il suo tempo privato.
COM_MEETING_choices_0000	Elogia
COM_MEETING_choices_0001	Voto altissimo
COM_MEETING_choices_0002	Voto discreto
COM_MEETING_choices_0003	Voto basso
COM_MEETING_choices_0004	Stronca
COM_MEETING_choices_0005	Grande promessa
COM_MEETING_choices_0006	Sii gentile
COM_MEETING_choices_0007	Simpatico
COM_MEETING_choices_0011	Fan Festival
COM_MEETING_choices_0012	Partita benefica
COM_MEETING_choices_0013	Gioca furbo
COM_MEETING_choices_0014	Usa la squadra
COM_MEETING_choices_0015	Sii te stesso!
COM_MEETING_choices_0016	Segui ordini
COM_MEETING_choices_0017	Fidati
COM_MEETING_choices_0018	Libero tu!
COM_MEETING_choices_0022	Mio pupillo
COM_MEETING_choices_0023	Mio alleato
COM_MEETING_choices_0024	Il mio socio
COM_MEETING_choices_0025	Calmalo
COM_MEETING_choices_0026	Adulalo
COM_MEETING_choices_0027	Ideali
COM_MEETING_choices_0028	Gioca furbo
COM_MEETING_choices_0029	Usa la squadra
COM_MEETING_choices_0030	Sii te stesso!
COM_MEETING_choices_0031	Segui ordini
COM_MEETING_choices_0032	Fidati
COM_MEETING_choices_0033	Libero tu!
COM_MEETING_choices_0034	Acclama
COM_MEETING_choices_0035	Voto altissimo
COM_MEETING_choices_0036	Sufficienza
COM_MEETING_choices_0037	Indica i difetti
COM_MEETING_choices_0038	Lamentati
COM_MEETING_question_0000	Hai chiamato %s.\nCome valuti il suo recente lavoro?
COM_MEETING_question_0001	Il nuovo acquisto %s.\nCome lo presenti alla squadra?
COM_MEETING_question_0002	La sua visione tattica e' famosa nel mondo.\nCome aumenterai la sua fama?
COM_MEETING_question_0003	%s ha dubbi sul suo stile di gioco.\nCon quale consiglio lo guidi?
COM_MEETING_question_0004	%s e' confuso dalla tattica della squadra.\nChe consiglio gli dai?
COM_MEETING_question_0005	%s non capisce del tutto la tattica.\nChe consiglio gli dai?
COM_MEETING_question_0006	%s ha brillato nell'ultimo incontro.\nCome valuti il suo lavoro?
COM_MEETING_question_0007	%s ha giocato sul sicuro nell'ultimo incontro.\nCome valuti il suo lavoro?
COM_MEETING_question_0008	%s e' venuto perche' ti ammira.\nCome lo presenti alla squadra?
COM_MEETING_question_0009	Hai chiamato %s, ma\ne' stufo di essere messo in mostra. Che fai?
COM_MEETING_question_0010	%s ha dubbi sul suo stile di gioco.\nCon quale consiglio lo guidi?
COM_MEETING_question_0011	%s non capisce del tutto la tattica.\nChe consiglio gli dai?
COM_MEETING_question_0012	Hai chiamato %s.\nCome valuti la sua recente forma?
COM_NEW_GROUND_answer_0000_00	Ha sentito la tua fiducia!\nSi impegnera' per sviluppare quella dote.
COM_NEW_GROUND_answer_0000_01	Le tue speranze non l'hanno raggiunto...\nCol tempo capira' cosa provi.
COM_NEW_GROUND_answer_0001_00	La tua sincerita'\nl'ha conquistato un po'.
COM_NEW_GROUND_answer_0001_01	Scusarti non ha funzionato.\nNon chiamarlo senza motivo.
COM_NEW_GROUND_answer_0001_02	Gli elogi lo hanno messo di buon umore.\nE' anche piu' motivato.
COM_NEW_GROUND_answer_0001_03	Ha capito subito il tuo trucco.\nForse dovevi scusarti.
COM_NEW_GROUND_answer_0001_04	Ha sentito la tua passione!\nCarico, resta ad allenarsi.
COM_NEW_GROUND_answer_0001_05	Ma cosa fai?!\nL'hai messo a disagio.
COM_NEW_GROUND_answer_0002_00	Ha sentito la tua fiducia!\nSi impegnera' per sviluppare quella dote.
COM_NEW_GROUND_answer_0002_01	Le tue speranze non l'hanno raggiunto...\nCol tempo capira' cosa provi.
COM_NEW_GROUND_answer_0003_00	Ha sentito la tua fiducia!\nSi impegnera' per sviluppare quella dote.
COM_NEW_GROUND_answer_0003_01	Le tue speranze non l'hanno raggiunto...\nCol tempo capira' cosa provi.
COM_NEW_GROUND_answer_0004_00	Ha sentito la tua fiducia!\nLa ripaghera', lottando al tuo fianco.
COM_NEW_GROUND_answer_0004_01	Le tue speranze non l'hanno raggiunto...\nMa presto capira' cosa provi.
COM_NEW_GROUND_answer_0005_00	Ha sentito la tua fiducia!\nLa ripaghera', lottando al tuo fianco.
COM_NEW_GROUND_answer_0005_01	Le tue speranze non l'hanno raggiunto...\nMa presto capira' cosa provi.
COM_NEW_GROUND_answer_0006_00	Ha sentito la tua fiducia come giocatore chiave.\nPotrebbe crescere tutta la squadra.
COM_NEW_GROUND_answer_0006_01	Ha capito il messaggio: punta ancora piu' in alto.\nSara' piu' in forma per l'incontro.
COM_NEW_GROUND_answer_0006_02	Ha visto poco senso in questo esercizio.\nHa perso la motivazione...
COM_NEW_GROUND_answer_0006_03	Ha visto poco senso in questo esercizio.
COM_NEW_GROUND_answer_0007_00	Le tue parole lo hanno motivato ancora di piu'.\nOra migliorera' negli incontri veri.
COM_NEW_GROUND_answer_0007_01	E' gia' abbastanza motivato.\nDagli presto un'occasione.
COM_NEW_GROUND_answer_0007_02	Ha ritrovato la calma.\nOra migliorera' negli incontri veri.
COM_NEW_GROUND_answer_0007_03	Il suo entusiasmo si e' raffreddato.\nDagli occasioni, non parole.
COM_NEW_GROUND_answer_0007_04	Ha notato il tuo sguardo pieno di attese.\nOra migliorera' negli incontri veri.
COM_NEW_GROUND_answer_0007_05	Il tuo sguardo fisso lo ha messo a disagio.\nDagli presto un'occasione.
COM_NEW_GROUND_answer_0008_00	La tua sincerita'\nlo ha fatto pensare meglio di te.
COM_NEW_GROUND_answer_0008_01	Scusarti non ha funzionato.\nNon chiamarlo senza motivo.
COM_NEW_GROUND_answer_0008_02	Gli elogi lo hanno rallegrato.\nOra e' anche piu' motivato.
COM_NEW_GROUND_answer_0008_03	Ha capito subito il tuo trucco.\nForse dovevi scusarti.
COM_NEW_GROUND_answer_0008_04	Ha sentito la tua passione!\nOra e' carico.
COM_NEW_GROUND_answer_0008_05	Ma cosa fai?!\nL'hai messo a disagio.
COM_NEW_GROUND_answer_0009_00	Senza allenamento non si migliora.\nHa gia' trovato qualcosa.
COM_NEW_GROUND_answer_0009_01	L'allenamento non risolve tutto.\nVorrei aiutarlo, ma...
COM_NEW_GROUND_answer_0009_02	Fermarsi gli ha mostrato una nuova strada.\nOra ha trovato qualcosa.
COM_NEW_GROUND_answer_0009_03	Il riposo non gli ha risollevato il morale.\nVorrei aiutarlo, ma...
COM_NEW_GROUND_answer_0009_04	Detto di non dipendere dagli altri, si e' svegliato.\nGuardandosi dentro ha trovato qualcosa.
COM_NEW_GROUND_answer_0009_05	Sentendosi respinto, e' giu' di morale.\nVorrei aiutarlo, ma...
COM_NEW_GROUND_answer_0010_00	Muoversi ha spazzato via i suoi dubbi.\nOra migliorera' negli incontri veri.
COM_NEW_GROUND_answer_0010_01	L'allenamento non risolve tutto.\nVorrei aiutarlo, ma...
COM_NEW_GROUND_answer_0010_02	Ha preso un po' di distanza e visione d'insieme.\nOra migliorera' negli incontri veri.
COM_NEW_GROUND_answer_0010_03	E' troppo teso per rilassarsi cosi' facilmente.\nVorrei aiutarlo, ma...
COM_NEW_GROUND_answer_0010_04	Il tuo esempio gli ha parlato.\nOra migliorera' negli incontri veri.
COM_NEW_GROUND_answer_0010_05	Il tuo esempio e' andato perso.\nVorrei aiutarlo, ma...
COM_NEW_GROUND_answer_0011_00	Ha capito il tuo messaggio.\nE' motivato e lo rifinira' ancora.
COM_NEW_GROUND_answer_0011_01	Ha capito la tua richiesta.\nSi concentrera' sul migliorare cio' che chiedi.
COM_NEW_GROUND_answer_0011_02	Non sembra molto entusiasta...\nMa capisce dove vuoi arrivare.
COM_NEW_GROUND_answer_0012_00	E' ansioso di seguire le tue indicazioni.\nCosi' crescera' in fretta.
COM_NEW_GROUND_answer_0012_01	Non era un esercizio che voleva fare.\nSi e' avviato ad allenarsi a malincuore.
COM_NEW_GROUND_answer_0013_00	E' ansioso di seguire le tue indicazioni.\nCosi' crescera' in fretta.
COM_NEW_GROUND_answer_0013_01	Non era un esercizio che voleva fare.\nSi e' avviato ad allenarsi a malincuore.
COM_NEW_GROUND_answer_0014_00	Ha sentito la tua fiducia!\nSi impegnera' per sviluppare quella dote.
COM_NEW_GROUND_answer_0014_01	Le tue speranze non l'hanno raggiunto...\nCol tempo capira' cosa provi.
COM_NEW_GROUND_answer_0015_00	Sta prendendo la mano.\nContinuiamo a guardarlo crescere.
COM_NEW_GROUND_answer_0015_01	Fissarsi sull'Attacco non va bene.\nProponiamogli l'allenamento in Difesa.
COM_NEW_GROUND_answer_0015_02	Proprio quando aveva preso la mano,\nl'idea di cambiare l'ha deluso...
COM_NEW_GROUND_answer_0016_00	Sta prendendo la mano.\nContinuiamo a guardarlo crescere.
COM_NEW_GROUND_answer_0016_01	Fissarsi sulla Difesa non va bene.\nProponiamogli l'allenamento in Attacco.
COM_NEW_GROUND_answer_0016_02	Proprio quando aveva preso la mano,\nl'idea di cambiare l'ha deluso...
COM_NEW_GROUND_answer_0017_00	Sta prendendo la mano.\nContinuiamo a guardarlo crescere.
COM_NEW_GROUND_answer_0017_01	Fissarsi sulla Tecnica non va bene.\nProponiamogli l'allenamento di Corsa.
COM_NEW_GROUND_answer_0017_02	Proprio quando aveva preso la mano,\nl'idea di cambiare l'ha deluso...
COM_NEW_GROUND_answer_0018_00	Sta prendendo la mano.\nContinuiamo a guardarlo crescere.
COM_NEW_GROUND_answer_0018_01	Fissarsi sulla Resistenza non va bene.\nProponiamogli l'allenamento di Tecnica.
COM_NEW_GROUND_answer_0018_02	Proprio quando aveva preso la mano,\nl'idea di cambiare l'ha deluso...
COM_NEW_GROUND_answer_0019_00	Sta prendendo la mano.\nContinuiamo a guardarlo crescere.
COM_NEW_GROUND_answer_0019_01	Fissarsi sulla Potenza non va bene.\nProponiamogli l'allenamento di Scatto.
COM_NEW_GROUND_answer_0019_02	Proprio quando aveva preso la mano,\nl'idea di cambiare l'ha deluso...
COM_NEW_GROUND_answer_0020_00	Sta prendendo la mano.\nContinuiamo a guardarlo crescere.
COM_NEW_GROUND_answer_0020_01	Fissarsi sulla Velocita' non va bene.\nProponiamogli l'allenamento di Potenza.
COM_NEW_GROUND_answer_0020_02	Proprio quando aveva preso la mano,\nl'idea di cambiare l'ha deluso...
COM_NEW_GROUND_answer_0021_00	La tua guida ha affinato il suo allenamento.\nHa padroneggiato questo esercizio.
COM_NEW_GROUND_answer_0021_01	Fissarsi sull'Attacco non va bene.\nProponiamogli l'allenamento in Difesa.
COM_NEW_GROUND_answer_0021_02	Proprio quando aveva preso la mano,\nl'idea di cambiare l'ha deluso...
COM_NEW_GROUND_answer_0022_00	La tua guida ha affinato il suo allenamento.\nHa padroneggiato questo esercizio.
COM_NEW_GROUND_answer_0022_01	Fissarsi sulla Difesa non va bene.\nProponiamogli l'allenamento in Attacco.
COM_NEW_GROUND_answer_0022_02	Proprio quando aveva preso la mano,\nl'idea di cambiare l'ha deluso...
COM_NEW_GROUND_answer_0023_00	La tua guida ha affinato il suo allenamento.\nHa padroneggiato questo esercizio.
COM_NEW_GROUND_answer_0023_01	Fissarsi sulla Tecnica non va bene.\nProponiamogli l'allenamento di Corsa.
COM_NEW_GROUND_answer_0023_02	Proprio quando aveva preso la mano,\nl'idea di cambiare l'ha deluso...
COM_NEW_GROUND_answer_0024_00	La tua guida ha affinato il suo allenamento.\nHa padroneggiato questo esercizio.
COM_NEW_GROUND_answer_0024_01	Fissarsi sulla Resistenza non va bene.\nProponiamogli l'allenamento di Tecnica.
COM_NEW_GROUND_answer_0024_02	Proprio quando aveva preso la mano,\nl'idea di cambiare l'ha deluso...
COM_NEW_GROUND_answer_0025_00	La tua guida ha affinato il suo allenamento.\nHa padroneggiato questo esercizio.
COM_NEW_GROUND_answer_0025_01	Fissarsi sulla Potenza non va bene.\nProponiamogli l'allenamento di Scatto.
COM_NEW_GROUND_answer_0025_02	Proprio quando aveva preso la mano,\nl'idea di cambiare l'ha deluso...
COM_NEW_GROUND_answer_0026_00	La tua guida ha affinato il suo allenamento.\nHa padroneggiato questo esercizio.
COM_NEW_GROUND_answer_0026_01	Fissarsi sulla Velocita' non va bene.\nProponiamogli l'allenamento di Potenza.
COM_NEW_GROUND_answer_0026_02	Proprio quando aveva preso la mano,\nl'idea di cambiare l'ha deluso...
COM_NEW_GROUND_answer_0027_00	Ha capito il tuo messaggio.\nE' motivato e lo rifinira' ancora.
COM_NEW_GROUND_answer_0027_01	Ha capito la tua richiesta.\nSi concentrera' sul migliorare cio' che chiedi.
COM_NEW_GROUND_answer_0027_02	Non sembra molto entusiasta...\nMa capisce dove vuoi arrivare.
COM_NEW_GROUND_answer_0028_00	Soddisfatto dell'esercizio, e' ancora piu' motivato.\nDovrebbe rendere molto.
COM_NEW_GROUND_answer_0028_01	Non era l'esercizio che voleva.\nNon aspettarti molto.
COM_NEW_GROUND_answer_0029_00	Soddisfatto dell'esercizio, e' ancora piu' motivato.\nDovrebbe rendere molto.
COM_NEW_GROUND_answer_0029_01	Non era l'esercizio che voleva.\nNon aspettarti molto.
COM_NEW_GROUND_answer_0030_00	Le tue parole di fiducia lo hanno commosso.\nPer ripagarti, dovrebbe $c[FF6347FF]crescere molto qui$c.
COM_NEW_GROUND_answer_0030_01	Riconoscere il suo estro lo ha commosso.\nPer ripagarti, dovrebbe $c[FF6347FF]crescere molto qui$c.
COM_NEW_GROUND_answer_0030_02	Il tuo misticismo lo ha commosso.\nPer ripagarti, dovrebbe $c[FF6347FF]crescere molto qui$c.
COM_NEW_GROUND_answer_0031_00	Ha sentito la tua fiducia!\nPer ripagarti, dovrebbe $c[FF6347FF]crescere molto anche qui$c.
COM_NEW_GROUND_choice_0000_00	Attacco
COM_NEW_GROUND_choice_0000_01	Difesa
COM_NEW_GROUND_choice_0000_02	Tecnica
COM_NEW_GROUND_choice_0000_03	Potenza
COM_NEW_GROUND_choice_0000_04	Scatto
COM_NEW_GROUND_choice_0000_05	Corsa
COM_NEW_GROUND_choice_0001_01	Adulalo
COM_NEW_GROUND_choice_0002_00	Attacco
COM_NEW_GROUND_choice_0002_01	Difesa
COM_NEW_GROUND_choice_0002_02	Tecnica
COM_NEW_GROUND_choice_0002_03	Potenza
COM_NEW_GROUND_choice_0002_04	Scatto
COM_NEW_GROUND_choice_0002_05	Corsa
COM_NEW_GROUND_choice_0003_00	Attacco
COM_NEW_GROUND_choice_0003_01	Difesa
COM_NEW_GROUND_choice_0003_02	Tecnica
COM_NEW_GROUND_choice_0003_03	Potenza
COM_NEW_GROUND_choice_0003_04	Scatto
COM_NEW_GROUND_choice_0003_05	Corsa
COM_NEW_GROUND_choice_0004_00	Attacco
COM_NEW_GROUND_choice_0004_01	Difesa
COM_NEW_GROUND_choice_0004_02	Tecnica
COM_NEW_GROUND_choice_0004_03	Potenza
COM_NEW_GROUND_choice_0004_04	Scatto
COM_NEW_GROUND_choice_0004_05	Corsa
COM_NEW_GROUND_choice_0005_00	Attacco
COM_NEW_GROUND_choice_0005_01	Difesa
COM_NEW_GROUND_choice_0005_02	Tecnica
COM_NEW_GROUND_choice_0005_03	Potenza
COM_NEW_GROUND_choice_0005_04	Scatto
COM_NEW_GROUND_choice_0005_05	Corsa
COM_NEW_GROUND_choice_0006_00	Attacco
COM_NEW_GROUND_choice_0006_02	Tecnica
COM_NEW_GROUND_choice_0006_04	Scatti
COM_NEW_GROUND_choice_0006_05	Corsa
COM_NEW_GROUND_choice_0007_00	Avanti cosi'
COM_NEW_GROUND_choice_0007_01	Calmati e basta
COM_NEW_GROUND_choice_0007_02	Fissalo
COM_NEW_GROUND_choice_0008_01	Adulalo
COM_NEW_GROUND_choice_0009_00	"Allenati!"
COM_NEW_GROUND_choice_0009_01	"Riposati!"
COM_NEW_GROUND_choice_0009_02	"Dipende da te!"
COM_NEW_GROUND_choice_0010_00	"Pensa al calcio!"
COM_NEW_GROUND_choice_0010_01	"Rilassati!"
COM_NEW_GROUND_choice_0010_02	Con l'esempio
COM_NEW_GROUND_choice_0011_00	Attacco
COM_NEW_GROUND_choice_0011_01	Muro
COM_NEW_GROUND_choice_0011_02	Tocco magico
COM_NEW_GROUND_choice_0011_03	Potenza pura
COM_NEW_GROUND_choice_0011_04	Passo
COM_NEW_GROUND_choice_0011_05	Fiato infinito
COM_NEW_GROUND_choice_0012_00	Attacco
COM_NEW_GROUND_choice_0012_02	Tecnica
COM_NEW_GROUND_choice_0012_04	Scatti
COM_NEW_GROUND_choice_0012_05	Corsa
COM_NEW_GROUND_choice_0013_00	Attacco
COM_NEW_GROUND_choice_0013_02	Tecnica
COM_NEW_GROUND_choice_0013_04	Scatti
COM_NEW_GROUND_choice_0013_05	Corsa
COM_NEW_GROUND_choice_0014_00	Attacco
COM_NEW_GROUND_choice_0014_01	Difesa
COM_NEW_GROUND_choice_0014_02	Tecnica
COM_NEW_GROUND_choice_0014_03	Potenza
COM_NEW_GROUND_choice_0014_04	Scatto
COM_NEW_GROUND_choice_0014_05	Corsa
COM_NEW_GROUND_choice_0015_00	Osserva
COM_NEW_GROUND_choice_0015_01	Cambia
COM_NEW_GROUND_choice_0016_00	Osserva
COM_NEW_GROUND_choice_0016_01	Cambia
COM_NEW_GROUND_choice_0017_00	Osserva
COM_NEW_GROUND_choice_0017_01	Cambia
COM_NEW_GROUND_choice_0018_00	Osserva
COM_NEW_GROUND_choice_0018_01	Cambia
COM_NEW_GROUND_choice_0019_00	Osserva
COM_NEW_GROUND_choice_0019_01	Cambia
COM_NEW_GROUND_choice_0020_00	Osserva
COM_NEW_GROUND_choice_0020_01	Cambia
COM_NEW_GROUND_choice_0021_00	"Affinala!"
COM_NEW_GROUND_choice_0021_01	"Cambia!"
COM_NEW_GROUND_choice_0022_00	"Affinala!"
COM_NEW_GROUND_choice_0022_01	"Cambia!"
COM_NEW_GROUND_choice_0023_00	"Affinala!"
COM_NEW_GROUND_choice_0023_01	"Cambia!"
COM_NEW_GROUND_choice_0024_00	"Affinala!"
COM_NEW_GROUND_choice_0024_01	"Cambia!"
COM_NEW_GROUND_choice_0025_00	"Affinala!"
COM_NEW_GROUND_choice_0025_01	"Cambia!"
COM_NEW_GROUND_choice_0026_00	"Affinala!"
COM_NEW_GROUND_choice_0026_01	"Cambia!"
COM_NEW_GROUND_choice_0027_00	Precisione
COM_NEW_GROUND_choice_0027_01	Difesa
COM_NEW_GROUND_choice_0027_02	Classe
COM_NEW_GROUND_choice_0027_03	Fisico
COM_NEW_GROUND_choice_0027_04	Esplosivo
COM_NEW_GROUND_choice_0027_05	Corsa
COM_NEW_GROUND_choice_0028_00	Attacco
COM_NEW_GROUND_choice_0028_02	Tecnica
COM_NEW_GROUND_choice_0028_04	Scatti
COM_NEW_GROUND_choice_0028_05	Corsa
COM_NEW_GROUND_choice_0029_00	Attacco
COM_NEW_GROUND_choice_0029_02	Tecnica
COM_NEW_GROUND_choice_0029_04	Scatti
COM_NEW_GROUND_choice_0029_05	Corsa
COM_NEW_GROUND_choice_0030_00	Potenziale
COM_NEW_GROUND_choice_0030_01	Sorpresa
COM_NEW_GROUND_choice_0030_02	Oroscopo
COM_NEW_GROUND_choice_0031_00	Attacco
COM_NEW_GROUND_choice_0031_01	Difesa
COM_NEW_GROUND_choice_0031_02	Tecnica
COM_NEW_GROUND_choice_0031_03	Potenza
COM_NEW_GROUND_choice_0031_04	Scatto
COM_NEW_GROUND_choice_0031_05	Corsa
COM_NEW_GROUND_question_0000	%s e' appena arrivato in squadra.\nCosa ti aspetti da lui?
COM_NEW_GROUND_question_0001	Hai appena parlato con %s.\nSembra perplesso di essere richiamato.
COM_NEW_GROUND_question_0002	%s e' arrivato grazie allo $c[FF6347FF]scouting$c.\nPotrebbe essere il salvatore. Cosa ti aspetti?
COM_NEW_GROUND_question_0003	%s ha $c[FF6347FF]giocato poco$c altrove.\nL'hai voluto tu: chiede cosa ti aspetti.
COM_NEW_GROUND_question_0004	%s e' venuto con te.\nUomo di $c[FF6347FF]fiducia$c: cosa ti aspetti?
COM_NEW_GROUND_question_0005	%s e' venuto con te.\nIl tuo $c[FF6347FF]alleato$c piu' vicino: cosa ti aspetti?
COM_NEW_GROUND_question_0006	%s gioca a un livello alto.\nCome lo allenerai ancora?
COM_NEW_GROUND_question_0007	%s punta ancora piu' in alto.\nVuole un'amichevole per provare idee nuove.
COM_NEW_GROUND_question_0008	%s sembra\nstufo di essere chiamato cosi' spesso.
COM_NEW_GROUND_question_0009	%s e'\ntormentato su come migliorare ancora.
COM_NEW_GROUND_question_0010	%s punta ancora piu' in alto.\nAiutiamolo a superare l'ultimo ostacolo.
COM_NEW_GROUND_question_0011	%s e' stato una $c[FF6347FF]star$c nell'ultimo incontro.\nCosa ti aspetti ora?
COM_NEW_GROUND_question_0012	Hai chiamato %s.\nCon strutture $c[FF6347FF]ottime$c, quale allenamento?
COM_NEW_GROUND_question_0013	Hai chiamato %s.\nCosa deve allenare?
COM_NEW_GROUND_question_0014	%s e' un tuo acquisto personale.\nCosa ti aspetti da lui?
COM_NEW_GROUND_question_0015	Gli esercizi d'Attacco di %s hanno reso:\nil suo attacco e' migliorato.
COM_NEW_GROUND_question_0016	Gli esercizi di Difesa di %s hanno reso:\nla sua difesa e' migliorata.
COM_NEW_GROUND_question_0017	Gli esercizi di Tecnica di %s hanno reso:\nla sua tecnica e' migliorata.
COM_NEW_GROUND_question_0018	La Corsa di %s ha reso:\nla sua resistenza e' migliorata.
COM_NEW_GROUND_question_0019	Gli esercizi di Potenza di %s hanno reso:\nvince piu' duelli.
COM_NEW_GROUND_question_0020	Gli Scatti di %s hanno reso:\nla sua velocita' e' migliorata.
COM_NEW_GROUND_question_0021	%s ha\nproprio preso la mano con gli esercizi d'Attacco.
COM_NEW_GROUND_question_0022	%s ha\nproprio preso la mano con gli esercizi di Difesa.
COM_NEW_GROUND_question_0023	%s ha\nproprio preso la mano con gli esercizi di Tecnica.
COM_NEW_GROUND_question_0024	%s ha\nproprio preso la mano con gli esercizi di Corsa.
COM_NEW_GROUND_question_0025	%s ha\nproprio preso la mano con gli esercizi di Potenza.
COM_NEW_GROUND_question_0026	%s ha\nproprio preso la mano con gli esercizi di Scatto.
COM_NEW_GROUND_question_0027	%s ha $c[00BFFFFF]reso sotto le attese$c nell'ultimo incontro.\nCosa ti aspetti ora?
COM_NEW_GROUND_question_0028	%s e' carico per allungare la serie di vittorie.\nCosa deve allenare?
COM_NEW_GROUND_question_0029	%s vuole a tutti i costi spezzare la serie negativa.\nCosa deve allenare?
COM_NEW_GROUND_question_0030	%s ha $c[FF6347FF]giocato poco$c nell'ultima squadra.\nVuole sapere perche' lo hai preso.
COM_NEW_GROUND_question_0031	%s e' venuto con te.\nIl tuo $c[FF6347FF]alleato$c piu' vicino: cosa ti aspetti?
COM_NEW_LOUNGE_answer_0000_00	Tempismo perfetto.\nAnche loro avevano qualcosa da chiederti.
COM_NEW_LOUNGE_answer_0000_01	Essere chiamati due volte li ha irritati.\nMeglio dire tutto in una volta.
COM_NEW_LOUNGE_answer_0000_02	Apprezzano la tua premura.\nL'attenzione ha pagato.
COM_NEW_LOUNGE_answer_0000_03	Troppa apprensione non va bene.\nL'hanno trovata un po' fastidiosa.
COM_NEW_LOUNGE_answer_0000_04	Gli e' piaciuto essere chiamati per due chiacchiere.\nEsciamo tutti e tre a divertirci!
COM_NEW_LOUNGE_answer_0000_05	Si aspettavano notizie importanti.\nChiamati per niente, sono arrabbiati.
COM_NEW_LOUNGE_answer_0001_00	Hanno capito: non accontentatevi di essere in due!\nHanno invitato tutta la squadra ad allenarsi.
COM_NEW_LOUNGE_answer_0001_01	Capiscono che la fama gli e' andata alla testa.\nSi allenano sull'intesa.
COM_NEW_LOUNGE_answer_0001_02	Avevano altri programmi.\nOra forse non serve allenarsi.
COM_NEW_LOUNGE_answer_0001_03	Il viaggio e' stata un'ottima idea!\nUna gita guidata da loro dovrebbe migliorare l'intesa.
COM_NEW_LOUNGE_answer_0001_04	I due, sempre impegnati,\nhanno gradito il tuo gesto gentile.
COM_NEW_LOUNGE_answer_0001_05	Sempre insieme, anche nei giorni liberi? Mah...\nRispettiamo un po' la loro vita privata.
COM_NEW_LOUNGE_answer_0001_06	Il duo che si mescola ravviva la squadra.\nI legami creano legami: l'intesa cresce.
COM_NEW_LOUNGE_answer_0001_07	Sempre insieme, stare separati fa bene.\nE' stato un bel cambio d'aria.
COM_NEW_LOUNGE_answer_0001_08	Vogliono restare in sintonia, non separarsi...\nOrdini strani possono incrinare il duo, sai?
COM_NEW_LOUNGE_answer_0002_00	Le tue parole li hanno caricati.\nOra miglioreranno negli incontri veri.
COM_NEW_LOUNGE_answer_0002_01	Senza occasioni l'incoraggiamento non serve.\nDiamo presto loro un incontro vero.
COM_NEW_LOUNGE_answer_0002_02	Calmandosi hanno rimesso a fuoco l'obiettivo.\nOra miglioreranno negli incontri veri.
COM_NEW_LOUNGE_answer_0002_03	Senza occasioni, non riescono a calmarsi.\nDiamo presto loro un incontro vero.
COM_NEW_LOUNGE_answer_0002_04	Il tuo silenzio ha detto tutto.\nOra miglioreranno negli incontri veri.
COM_NEW_LOUNGE_answer_0002_05	Niente chance ne' consigli: che peccato.\nDiamo loro presto un vero incontro.
COM_NEW_LOUNGE_answer_0003_00	Tornati alle basi, hanno capito qualcosa.\nOra miglioreranno negli incontri.
COM_NEW_LOUNGE_answer_0003_01	Le basi le hanno gia' imparate.\nSe solo superassero questo muro...
COM_NEW_LOUNGE_answer_0003_02	Cambiare routine ha dato a entrambi qualcosa.\nOra miglioreranno negli incontri.
COM_NEW_LOUNGE_answer_0003_03	Sono troppo in pena per rilassarsi.\nSe solo superassero questo muro...
COM_NEW_LOUNGE_answer_0003_04	Il tuo messaggio e' arrivato senza parole.\nOra miglioreranno negli incontri.
COM_NEW_LOUNGE_answer_0003_05	Telepatia? Non e' facile.\nSe solo superassero questo muro...
COM_NEW_LOUNGE_answer_0004_00	Osservarsi a vicenda e' la base di tutto.\nL'intesa tra loro e' cresciuta.
COM_NEW_LOUNGE_answer_0004_01	Dirlo e' ovvio, non aiuta...\nRestano entrambi pensierosi.
COM_NEW_LOUNGE_answer_0004_02	Conoscersi e' importante.\nBel consiglio: l'intesa e' cresciuta.
COM_NEW_LOUNGE_answer_0004_03	Giocando non si migliora.\nRestano entrambi pensierosi.
COM_NEW_LOUNGE_answer_0004_04	Non sempre serve spiegare tutto.\nIl tuo silenzio li ha fatti parlare e avvicinare.
COM_NEW_LOUNGE_answer_0004_05	Speravano in qualche consiglio...\nRestano entrambi pensierosi.
COM_NEW_LOUNGE_answer_0005_00	Conoscersi e' importante.\nBel consiglio: l'intesa e' cresciuta.
COM_NEW_LOUNGE_answer_0005_01	Dirlo e' ovvio, non aiuta...\nRestano entrambi pensierosi.
COM_NEW_LOUNGE_answer_0005_02	Conoscersi e' importante.\nL'intesa tra loro e' cresciuta.
COM_NEW_LOUNGE_answer_0005_03	Giocando non si migliora.\nRestano entrambi pensierosi.
COM_NEW_LOUNGE_answer_0005_04	Non sempre serve spiegare tutto.\nIl tuo silenzio li ha fatti parlare e avvicinare.
COM_NEW_LOUNGE_answer_0005_05	Speravano in qualche consiglio...\nRestano entrambi pensierosi.
COM_NEW_LOUNGE_answer_0006_00	L'allenamento e' fondamentale.\nL'intesa tra loro e' cresciuta.
COM_NEW_LOUNGE_answer_0006_01	Gli esercizi non bastano.\nRestano entrambi pensierosi.
COM_NEW_LOUNGE_answer_0006_02	Divertirsi aiuta a conoscersi.\nBel consiglio: l'intesa e' cresciuta.
COM_NEW_LOUNGE_answer_0006_03	Giocando non si migliora.\nRestano entrambi pensierosi.
COM_NEW_LOUNGE_answer_0006_04	Invece li ha carichi.\nHanno parlato e si sono avvicinati.
COM_NEW_LOUNGE_answer_0006_05	Arrendersi non porta a nulla.\nRestano entrambi pensierosi.
COM_NEW_LOUNGE_answer_0007_00	L'allenamento e' fondamentale.\nL'intesa tra loro e' cresciuta.
COM_NEW_LOUNGE_answer_0007_01	Gli esercizi non bastano.\nRestano entrambi pensierosi.
COM_NEW_LOUNGE_answer_0007_02	Divertirsi aiuta a conoscersi.\nBel consiglio: l'intesa e' cresciuta.
COM_NEW_LOUNGE_answer_0007_03	Giocando non si migliora.\nRestano entrambi pensierosi.
COM_NEW_LOUNGE_answer_0007_04	Invece li ha carichi.\nHanno parlato e si sono avvicinati.
COM_NEW_LOUNGE_answer_0007_05	Arrendersi non porta a nulla.\nRestano entrambi pensierosi.
COM_NEW_LOUNGE_answer_0008_00	Il video ha svelato difetti mai notati.\nOra la loro intesa dovrebbe crescere.
COM_NEW_LOUNGE_answer_0008_01	Quell'incontro e' servito poco.\nForse provate qualcosa di diverso.
COM_NEW_LOUNGE_answer_0008_02	Commentando il film, si sono capiti.\nOra la loro intesa dovrebbe crescere.
COM_NEW_LOUNGE_answer_0008_03	Film poco bello.\nNiente di cui parlare: che imbarazzo.
COM_NEW_LOUNGE_answer_0008_04	Il tuo album li ha fatti chiacchierare.\nIn sintonia, la loro intesa dovrebbe decollare.
COM_NEW_LOUNGE_answer_0008_05	...\nPerche' hai mostrato il tuo album?
COM_NEW_LOUNGE_answer_0009_00	Il video ha svelato difetti mai notati.\nOra la loro intesa dovrebbe crescere.
COM_NEW_LOUNGE_answer_0009_01	Quell'incontro e' servito poco.\nForse provate qualcosa di diverso.
COM_NEW_LOUNGE_answer_0009_02	Commentando il film, si sono capiti.\nOra la loro intesa dovrebbe crescere.
COM_NEW_LOUNGE_answer_0009_03	Film poco bello.\nNiente di cui parlare: che imbarazzo.
COM_NEW_LOUNGE_answer_0009_04	Il tuo album li ha fatti chiacchierare.\nIn sintonia, la loro intesa dovrebbe decollare.
COM_NEW_LOUNGE_answer_0009_05	...\nPerche' hai mostrato il tuo album?
COM_NEW_LOUNGE_answer_0010_00	Parlare di tecnica li ha entusiasmati.\nOra la loro intesa dovrebbe migliorare.
COM_NEW_LOUNGE_answer_0010_01	I loro ideali di gioco si sono scontrati.\nMeglio un altro argomento.
COM_NEW_LOUNGE_answer_0010_02	Volevano parlare di intesa.\nUn dialogo utile li fara' crescere.
COM_NEW_LOUNGE_answer_0010_03	Non concordano sull'intesa.\nMeglio un altro argomento.
COM_NEW_LOUNGE_answer_0010_04	Hanno la stessa opinione su di te!\nIn sintonia, la loro intesa dovrebbe decollare.
COM_NEW_LOUNGE_answer_0010_05	Parlare di te non li avvicina...\nNon sanno cosa dire.
COM_NEW_LOUNGE_answer_0011_00	Parlare di tecnica li ha entusiasmati.\nOra la loro intesa dovrebbe migliorare.
COM_NEW_LOUNGE_answer_0011_01	I loro ideali di gioco si sono scontrati.\nMeglio un altro argomento.
COM_NEW_LOUNGE_answer_0011_02	Volevano parlare di intesa.\nUn dialogo utile li fara' crescere.
COM_NEW_LOUNGE_answer_0011_03	Non concordano sull'intesa.\nMeglio un altro argomento.
COM_NEW_LOUNGE_answer_0011_04	Hanno la stessa opinione su di te!\nIn sintonia, la loro intesa dovrebbe decollare.
COM_NEW_LOUNGE_answer_0011_05	Parlare di te non li avvicina...\nNon sanno cosa dire.
COM_NEW_LOUNGE_answer_0012_00	Vedere i pregi dell'altro aiuta.\nLa loro intesa dovrebbe crescere piano piano.
COM_NEW_LOUNGE_answer_0012_01	Sembrava adulazione: si sono irrigiditi.\nForse sii un po' piu' franco.
COM_NEW_LOUNGE_answer_0012_02	Difetti in comune li hanno avvicinati.\nLa loro intesa dovrebbe salire un po'.
COM_NEW_LOUNGE_answer_0012_03	Solo difetti? Cosi' nasce l'antipatia.\nForse guardate anche altro.
COM_NEW_LOUNGE_answer_0012_04	I tuoi hobby hanno dato loro un tema comune.\nIn sintonia, la loro intesa dovrebbe decollare.
COM_NEW_LOUNGE_answer_0012_05	Parlare di te non li avvicina...\nL'aria si e' fatta imbarazzante.
COM_NEW_LOUNGE_answer_0013_00	Vedere i pregi dell'altro aiuta.\nLa loro intesa dovrebbe crescere piano piano.
COM_NEW_LOUNGE_answer_0013_01	Sembrava adulazione: si sono irrigiditi.\nForse sii un po' piu' franco.
COM_NEW_LOUNGE_answer_0013_02	Difetti in comune li hanno avvicinati.\nLa loro intesa dovrebbe salire un po'.
COM_NEW_LOUNGE_answer_0013_03	Solo difetti? Cosi' nasce l'antipatia.\nForse guardate anche altro.
COM_NEW_LOUNGE_answer_0013_04	I tuoi hobby hanno dato loro un tema comune.\nIn sintonia, la loro intesa dovrebbe decollare.
COM_NEW_LOUNGE_answer_0013_05	Parlare di te non li avvicina...\nL'aria si e' fatta imbarazzante.
COM_NEW_LOUNGE_answer_0014_00	Accettano la tua opinione.\nLa tensione si e' un po' allentata.
COM_NEW_LOUNGE_answer_0014_01	Non accettano la tua opinione.\nHai solo soffiato sul fuoco.
COM_NEW_LOUNGE_answer_0014_02	Sfogarsi li ha calmati.\nOra si ascolteranno a vicenda.
COM_NEW_LOUNGE_answer_0014_03	Ascoltare soltanto non e' bastato.\nIl clima e' ancora peggiorato.
COM_NEW_LOUNGE_answer_0014_04	Il rifiuto netto ha chiarito l'aria.\nUn azzardo, ma ha funzionato.
COM_NEW_LOUNGE_answer_0014_05	Respinti, ora sono furiosi.\nMeglio rispettare le loro idee.
COM_NEW_LOUNGE_answer_0015_00	Stare insieme non ha prezzo.\nOra si avvicineranno.
COM_NEW_LOUNGE_answer_0015_01	Non sono amici e esitano a stare insieme.\nMeglio un altro modo.
COM_NEW_LOUNGE_answer_0015_02	Temi in comune aiutano a legare.\nSi avvicineranno piano piano.
COM_NEW_LOUNGE_answer_0015_03	Un tema in comune, ma non concordano nemmeno su quello.\nHai detto troppo, pare...
COM_NEW_LOUNGE_answer_0015_04	In realta' gli piacciono!\nHanno legato in fretta.
COM_NEW_LOUNGE_answer_0015_05	I vestiti proposti non erano di loro gusto.\nForse altri vestiti...
COM_NEW_LOUNGE_answer_0016_00	Le tattiche contano.\nL'intesa si affinera'.
COM_NEW_LOUNGE_answer_0016_01	Conoscono gia' le tattiche.\nNon complicare troppo le cose.
COM_NEW_LOUNGE_answer_0016_02	Sposano la linea di squadra.\nContinueranno a dare tutto per la squadra.
COM_NEW_LOUNGE_answer_0016_03	Non hanno capito bene. Spiegato male?\nParole piu' semplici sarebbero servite.
COM_NEW_LOUNGE_answer_0016_04	Scherzano e ridono.\nOra e' un bel ricordo.
COM_NEW_LOUNGE_answer_0016_05	Rievocare il passato era un errore...\nL'atmosfera e' peggiorata.
COM_NEW_LOUNGE_answer_0017_00	Per il passo successivo serve una visione comune.\nSono d'accordo col tuo consiglio.
COM_NEW_LOUNGE_answer_0017_01	Non riescono ancora a immaginarlo.\nRestano entrambi perplessi.
COM_NEW_LOUNGE_answer_0017_02	La chiave per l'intesa.\nLi vedremo crescere!
COM_NEW_LOUNGE_answer_0017_03	Volevano consigli piu' concreti.\nNon e' servito molto.
COM_NEW_LOUNGE_answer_0017_04	Stare insieme anche fuori dal campo aiutera'.\nCi sara' buona intesa.
COM_NEW_LOUNGE_answer_0017_05	Non sono ancora cosi' vicini.\nLascia che leghino con calma.
COM_NEW_LOUNGE_answer_0018_00	Badarsi a vicenda crea intesa.\nConcordano.
COM_NEW_LOUNGE_answer_0018_01	Lo fanno gia'.\nServiva un altro consiglio.
COM_NEW_LOUNGE_answer_0018_02	Spiazzando il rivale nascono chance.\nSembrano convinti.
COM_NEW_LOUNGE_answer_0018_03	Per ora e' troppo difficile pensarci.\nUn consiglio piu' semplice era meglio.
COM_NEW_LOUNGE_answer_0018_04	Prima gli amici, poi i nemici.\nAspettati azioni che sorprendono anche i compagni.
COM_NEW_LOUNGE_answer_0018_05	Spiazzare i compagni uccide l'intesa.\nI compagni andranno in confusione.
COM_NEW_LOUNGE_answer_0019_00	Allenarsi: la base.\nOra non molleranno.
COM_NEW_LOUNGE_answer_0019_01	Si allenano gia' con impegno.\nPensano che tu non li stia guardando.
COM_NEW_LOUNGE_answer_0019_02	Apprezzano la liberta' creativa.\nFuturo entusiasmante.
COM_NEW_LOUNGE_answer_0019_03	Sono rimasti perplessi.\nServivano consigli piu' concreti.
COM_NEW_LOUNGE_answer_0019_04	Farsi odiare e' proprio giusto.\nAltra crescita.
COM_NEW_LOUNGE_answer_0019_05	Non sono convinti.\n"Farsi odiare" era troppo.
COM_NEW_LOUNGE_answer_0020_00	Sostenere il capitano mantiene l'ordine.\nIl giocatore e' d'accordo.
COM_NEW_LOUNGE_answer_0020_01	E' furioso: hai favorito il capitano.\nNulla di fatto.
COM_NEW_LOUNGE_answer_0020_02	Il capitano ha risolto bene.\nTi ringraziano di non esserti intromesso.
COM_NEW_LOUNGE_answer_0020_03	Si e' acceso e sfuggito di mano.\nAvresti dovuto intervenire.
COM_NEW_LOUNGE_answer_0020_04	Chiacchierando hanno legato.\nBen schivato!
COM_NEW_LOUNGE_answer_0020_05	Non ha funzionato.\nProssima volta sii serio.
COM_NEW_LOUNGE_answer_0021_00	Le tue parole li hanno rilassati.\nCi sara' buona intesa.
COM_NEW_LOUNGE_answer_0021_01	Erano gia' carichissimi.\nOra si sentono sgonfiati.
COM_NEW_LOUNGE_answer_0021_02	Sono carichissimi entrambi.\nPotrebbero essere un gran duo.
COM_NEW_LOUNGE_answer_0021_03	Sentono la pressione.\nSpero non esagerino...
COM_NEW_LOUNGE_answer_0021_04	Apprezzano la tua fiducia.\nAspettati un'ottima intesa.
COM_NEW_LOUNGE_answer_0021_05	Troppo per un nuovo arrivato.\nPesano le aspettative.
COM_NEW_LOUNGE_answer_0022_00	Le tue parole li hanno rilassati.\nCi sara' buona intesa.
COM_NEW_LOUNGE_answer_0022_01	Erano gia' carichissimi.\nOra si sentono sgonfiati.
COM_NEW_LOUNGE_answer_0022_02	Sono carichissimi entrambi.\nPotrebbero essere un gran duo.
COM_NEW_LOUNGE_answer_0022_03	Sentono la pressione.\nSpero non esagerino...
COM_NEW_LOUNGE_answer_0022_04	Apprezzano la tua fiducia.\nAspettati un'ottima intesa.
COM_NEW_LOUNGE_answer_0022_05	E' chiedere decisamente troppo.\nPesano le aspettative.
COM_NEW_LOUNGE_choices_0000_00	Dimenticavo una cosa
COM_NEW_LOUNGE_choices_0000_01	Mi preoccupo per voi
COM_NEW_LOUNGE_choices_0000_02	Senza motivo
COM_NEW_LOUNGE_choices_0001_00	Allenali
COM_NEW_LOUNGE_choices_0001_01	Fai un viaggio
COM_NEW_LOUNGE_choices_0001_02	Un po' separati
COM_NEW_LOUNGE_choices_0003_00	"Alle basi!"
COM_NEW_LOUNGE_choices_0003_01	"Rilassatevi!"
COM_NEW_LOUNGE_choices_0003_02	Usa la telepatia
COM_NEW_LOUNGE_choices_0004_00	"Osservatevi!"
COM_NEW_LOUNGE_choices_0004_01	"Divertitevi!"
COM_NEW_LOUNGE_choices_0004_02	Silenzio
COM_NEW_LOUNGE_choices_0005_00	"Osservatevi!"
COM_NEW_LOUNGE_choices_0005_01	"Divertitevi!"
COM_NEW_LOUNGE_choices_0005_02	Silenzio
COM_NEW_LOUNGE_choices_0006_01	Falli svagare
COM_NEW_LOUNGE_choices_0006_02	Lascia il duo
COM_NEW_LOUNGE_choices_0007_01	Falli svagare
COM_NEW_LOUNGE_choices_0007_02	Lascia il duo
COM_NEW_LOUNGE_choices_0008_00	Video incontro
COM_NEW_LOUNGE_choices_0008_01	Film hit
COM_NEW_LOUNGE_choices_0008_02	Il tuo album
COM_NEW_LOUNGE_choices_0009_00	Video incontro
COM_NEW_LOUNGE_choices_0009_01	Film hit
COM_NEW_LOUNGE_choices_0009_02	Il tuo album
COM_NEW_LOUNGE_choices_0010_02	Di te
COM_NEW_LOUNGE_choices_0011_02	Di te
COM_NEW_LOUNGE_choices_0012_02	I tuoi hobby
COM_NEW_LOUNGE_choices_0013_02	I tuoi hobby
COM_NEW_LOUNGE_choices_0014_00	Di' la tua
COM_NEW_LOUNGE_choices_0014_01	Ascolta
COM_NEW_LOUNGE_choices_0014_02	Respingi entrambi
COM_NEW_LOUNGE_choices_0015_00	Tempo insieme
COM_NEW_LOUNGE_choices_0015_01	Stesso tema
COM_NEW_LOUNGE_choices_0015_02	Abiti uguali
COM_NEW_LOUNGE_choices_0016_00	Tattica
COM_NEW_LOUNGE_choices_0016_01	Linea squadra
COM_NEW_LOUNGE_choices_0016_02	Vecchia lite
COM_NEW_LOUNGE_choices_0017_00	Visione comune
COM_NEW_LOUNGE_choices_0017_01	Osservalo bene
COM_NEW_LOUNGE_choices_0017_02	Uscite
COM_NEW_LOUNGE_choices_0018_00	Badate all'altro
COM_NEW_LOUNGE_choices_0018_01	Beffa i rivali
COM_NEW_LOUNGE_choices_0018_02	Beffa i compagni
COM_NEW_LOUNGE_choices_0019_00	Allenatevi
COM_NEW_LOUNGE_choices_0019_01	Siate creativi
COM_NEW_LOUNGE_choices_0019_02	Antipatici
COM_NEW_LOUNGE_choices_0020_00	Aiuta il capitano
COM_NEW_LOUNGE_choices_0020_01	Osserva
COM_NEW_LOUNGE_choices_0020_02	Cambia argomento
COM_NEW_LOUNGE_choices_0021_00	Rilassatevi
COM_NEW_LOUNGE_choices_0021_01	Caricatevi
COM_NEW_LOUNGE_choices_0021_02	Nasce il duo top
COM_NEW_LOUNGE_choices_0022_00	Rilassatevi
COM_NEW_LOUNGE_choices_0022_01	Caricatevi
COM_NEW_LOUNGE_choices_0022_02	Inizia una leggenda
COM_NEW_LOUNGE_question_0000	%s e %s.\nNon capiscono perche' li hai richiamati.
COM_NEW_LOUNGE_question_0001	Hai chiamato un famoso $c[FF6347FF]duo da sogno$c.\nCome li userai per la squadra?
COM_NEW_LOUNGE_question_0002	La loro intesa e' eccellente.\nVogliono un incontro per provare nuove idee.
COM_NEW_LOUNGE_question_0003	La loro intesa e' eccellente.\nCosa li portera' all'ultimo passo?
COM_NEW_LOUNGE_question_0004	La loro intesa e' abbastanza buona.\nCosa li portera' al livello dopo?
COM_NEW_LOUNGE_question_0005	La loro intesa e' discreta.\nCosa li portera' al livello dopo?
COM_NEW_LOUNGE_question_0006	Fanno fatica come duo.\nChe consiglio dai?
COM_NEW_LOUNGE_question_0007	Fanno fatica come duo.\nChe consiglio dai?
COM_NEW_LOUNGE_question_0008	%s e %s.\nIn questa sala accogliente, cosa guardi?
COM_NEW_LOUNGE_question_0009	%s e %s.\nCosa guardi con loro?
COM_NEW_LOUNGE_question_0010	%s e %s.\nIn questa sala accogliente, di cosa parli?
COM_NEW_LOUNGE_question_0011	%s e %s.\nDi cosa parli con loro?
COM_NEW_LOUNGE_question_0012	%s e %s.\nNon sono ancora vicini. Di cosa parli?
COM_NEW_LOUNGE_question_0013	%s e %s.\nSono ancora distanti. Di cosa parli?
COM_NEW_LOUNGE_question_0014	Le loro idee si scontrano e c'e' tensione.\nCome rimetti le cose a posto?
COM_NEW_LOUNGE_question_0015	Vanno meglio, ma non si sopportano ancora.\nCosa li aiutera' a capirsi?
COM_NEW_LOUNGE_question_0016	Un tempo in rotta, ora vanno d'accordo.\nCosa affinera' la loro intesa?
COM_NEW_LOUNGE_question_0017	Si piacciono ma non sono ancora vicini.\nQuale consiglio li avvicinera'?
COM_NEW_LOUNGE_question_0018	Si leggono a vicenda.\nQuale consiglio rafforzera' l'intesa?
COM_NEW_LOUNGE_question_0019	Gli avversari li temono.\nQuale consiglio li rendera' piu' pericolosi?
COM_NEW_LOUNGE_question_0020	Sta litigando col capitano.\nCome ti comporti?
COM_NEW_LOUNGE_question_0021	Uno e' arrivato con uno scambio.\nCosa dici al nuovo duo?
COM_NEW_LOUNGE_question_0022	Uno e' un giocatore esperto.\nCosa dici a questo nuovo duo promettente?
COM_NEW_MEDIC_answer_0000_00	I nuovi farmaci funzionano.\nL'infortunio dovrebbe guarire del tutto.
COM_NEW_MEDIC_answer_0000_01	I farmaci richiedono tempo.\nContinuiamo a curarlo.
COM_NEW_MEDIC_answer_0000_02	Un top massaggiatore fa miracoli.\nHa aiutato l'infortunio e l'equilibrio.
COM_NEW_MEDIC_answer_0000_03	Il solo massaggio ha i suoi limiti.\nContinuiamo a curarlo.
COM_NEW_MEDIC_answer_0000_04	Le tue cure lo hanno toccato.\nLa voce si sparge: lui e la squadra migliorano.
COM_NEW_MEDIC_answer_0000_05	Le buone intenzioni non bastano a tutto.\nContinuiamo a curarlo.
COM_NEW_MEDIC_answer_0001_00	I nuovi farmaci funzionano.\nL'infortunio dovrebbe guarire del tutto.
COM_NEW_MEDIC_answer_0001_01	I farmaci richiedono tempo.\nContinuiamo a curarlo.
COM_NEW_MEDIC_answer_0001_02	Un top massaggiatore fa miracoli.\nHa aiutato l'infortunio e l'equilibrio.
COM_NEW_MEDIC_answer_0001_03	Il solo massaggio ha i suoi limiti.\nContinuiamo a curarlo.
COM_NEW_MEDIC_answer_0001_04	Le tue cure lo hanno toccato.\nE' in gran forma!
COM_NEW_MEDIC_answer_0001_05	Le buone intenzioni non bastano a tutto.\nContinuiamo a curarlo.
COM_NEW_MEDIC_answer_0002_00	La cura ha funzionato.\nL'infortunio dovrebbe guarire del tutto.
COM_NEW_MEDIC_answer_0002_01	I farmaci richiedono tempo.\nContinuiamo a curarlo.
COM_NEW_MEDIC_answer_0002_02	Il massaggio funziona davvero.\nHa aiutato l'infortunio e l'equilibrio.
COM_NEW_MEDIC_answer_0002_03	Il solo massaggio ha i suoi limiti.\nContinuiamo a curarlo.
COM_NEW_MEDIC_answer_0002_04	La tua diagnosi era esatta!\nLa voce si sparge: lui e la squadra migliorano.
COM_NEW_MEDIC_answer_0002_05	Meglio i pro: diagnosi errata.\nContinuiamo a curarlo.
COM_NEW_MEDIC_answer_0003_00	La cura ha funzionato.\nL'infortunio dovrebbe guarire del tutto.
COM_NEW_MEDIC_answer_0003_01	I farmaci richiedono tempo.\nContinuiamo a curarlo.
COM_NEW_MEDIC_answer_0003_02	Il massaggio funziona davvero.\nHa aiutato l'infortunio e l'equilibrio.
COM_NEW_MEDIC_answer_0003_03	Il solo massaggio ha i suoi limiti.\nContinuiamo a curarlo.
COM_NEW_MEDIC_answer_0003_04	La tua diagnosi era esatta!\nE' tornato in gran forma!
COM_NEW_MEDIC_answer_0003_05	Meglio i pro: diagnosi errata.\nContinuiamo a curarlo.
COM_NEW_MEDIC_answer_0004_00	Un grande chef aiuta davvero.\nSi e' ripreso e ha piu' equilibrio.
COM_NEW_MEDIC_answer_0004_01	Il solo cibo ha i suoi limiti.\nForse prova a proporgli altro.
COM_NEW_MEDIC_answer_0004_02	La tecnologia fa miracoli.\nLa stanchezza e' sparita.
COM_NEW_MEDIC_answer_0004_03	I nuovi macchinari non l'hanno ripreso molto.\nForse prova a proporgli altro.
COM_NEW_MEDIC_answer_0004_04	La tua cucina l'ha commosso.\nLa voce si sparge: lui e la squadra migliorano.
COM_NEW_MEDIC_answer_0004_05	Troppo sale? Non era di suo gusto.\nForse prova a proporgli altro.
COM_NEW_MEDIC_answer_0005_00	Un grande chef aiuta davvero.\nSi e' ripreso e ha piu' equilibrio.
COM_NEW_MEDIC_answer_0005_01	Il solo cibo ha i suoi limiti.\nForse prova a proporgli altro.
COM_NEW_MEDIC_answer_0005_02	La tecnologia fa miracoli.\nLa stanchezza e' sparita.
COM_NEW_MEDIC_answer_0005_03	I nuovi macchinari non l'hanno ripreso molto.\nForse prova a proporgli altro.
COM_NEW_MEDIC_answer_0005_04	La tua cucina l'ha commosso.\nOra e' in forma smagliante!
COM_NEW_MEDIC_answer_0005_05	Troppo sale? Non era di suo gusto.\nForse prova a proporgli altro.
COM_NEW_MEDIC_answer_0006_00	Digiuni non si lotta!\nUn buon pasto vince la fatica.
COM_NEW_MEDIC_answer_0006_01	Il solo cibo ha i suoi limiti.\nForse prova a proporgli altro.
COM_NEW_MEDIC_answer_0006_02	Massaggio batte fatica.\nLa stanchezza e' sparita.
COM_NEW_MEDIC_answer_0006_03	Il massaggiatore non l'ha ripreso.\nForse prova a proporgli altro.
COM_NEW_MEDIC_answer_0006_04	Il tuo cibo e' stato una sorpresa!\nLa voce si sparge: lui e la squadra migliorano.
COM_NEW_MEDIC_answer_0006_05	Troppo sale? Non era di suo gusto.\nForse prova a proporgli altro.
COM_NEW_MEDIC_answer_0007_00	Digiuni non si lotta!\nUn buon pasto vince la fatica.
COM_NEW_MEDIC_answer_0007_01	Il solo cibo ha i suoi limiti.\nForse prova a proporgli altro.
COM_NEW_MEDIC_answer_0007_02	Massaggio batte fatica.\nLa stanchezza e' sparita.
COM_NEW_MEDIC_answer_0007_03	Il massaggiatore non l'ha ripreso.\nForse prova a proporgli altro.
COM_NEW_MEDIC_answer_0007_04	La tua cucina l'ha commosso.\nOra e' in forma smagliante!
COM_NEW_MEDIC_answer_0007_05	Troppo sale? Non era di suo gusto.\nForse prova a proporgli altro.
COM_NEW_MEDIC_answer_0008_00	Un grande medico vale la pena.\nCure precise: forma ritrovata.
COM_NEW_MEDIC_answer_0008_01	Fisicamente sembra a posto, pero'...\nServe un controllo piu' attento.
COM_NEW_MEDIC_answer_0008_02	Lo psicologo ha dissipato i suoi dubbi.\nMente e corpo dovrebbero riprendersi.
COM_NEW_MEDIC_answer_0008_03	Forse non e' questione di testa.\nServe un controllo piu' attento.
COM_NEW_MEDIC_answer_0008_04	L'ipnosi ha spazzato via la tristezza.\nTornato al top! Vedrai che brilla.
COM_NEW_MEDIC_answer_0008_05	L'ipnosi? Davvero...?\nNon gli ha fatto molto.
COM_NEW_MEDIC_answer_0009_00	La visita e' stata un'ottima idea.\nProblema trovato; forma ritrovata.
COM_NEW_MEDIC_answer_0009_01	Fisicamente sembra a posto, pero'...\nServe un controllo piu' attento.
COM_NEW_MEDIC_answer_0009_02	Parlarne gli ha alleggerito l'animo.\nMente e corpo dovrebbero riprendersi.
COM_NEW_MEDIC_answer_0009_03	Forse non e' questione di testa.\nServe un controllo piu' attento.
COM_NEW_MEDIC_answer_0009_04	L'ipnosi ha spazzato via la tristezza.\nTornato al top! Vedrai che brilla.
COM_NEW_MEDIC_answer_0009_05	L'ipnosi? Davvero...?\nNon gli ha fatto molto.
COM_NEW_MEDIC_answer_0010_00	La salute e' tutto.\nLo stretching ha migliorato le condizioni.
COM_NEW_MEDIC_answer_0010_01	Non ha sentito grandi effetti.\nProva ancora qualcos'altro.
COM_NEW_MEDIC_answer_0010_02	I tutori evitano infortuni.\nCon l'ultimo tutore si muove liberamente.
COM_NEW_MEDIC_answer_0010_03	Non ha sentito grandi effetti.\nProva ancora qualcos'altro.
COM_NEW_MEDIC_answer_0010_04	Ricetta vincente!\nSi e' diffusa: squadra in forma.
COM_NEW_MEDIC_answer_0010_05	Uff, non e' per niente buono...\nI risultati contano, ma anche il gusto.
COM_NEW_MEDIC_answer_0011_00	La salute e' tutto.\nLo stretching ha migliorato le condizioni.
COM_NEW_MEDIC_answer_0011_01	Non ha sentito grandi effetti.\nProva ancora qualcos'altro.
COM_NEW_MEDIC_answer_0011_02	I tutori evitano infortuni.\nCon l'ultimo tutore si muove liberamente.
COM_NEW_MEDIC_answer_0011_03	Non ha sentito grandi effetti.\nProva ancora qualcos'altro.
COM_NEW_MEDIC_answer_0011_04	Ricetta vincente!\nE' al top e brillera' negli incontri.
COM_NEW_MEDIC_answer_0011_05	Uff, non e' per niente buono...\nI risultati contano, ma anche il gusto.
COM_NEW_MEDIC_answer_0012_00	La salute e' tutto.\nOra e' in forma migliore.
COM_NEW_MEDIC_answer_0012_01	Non ha sentito grandi effetti.\nProva ancora qualcos'altro.
COM_NEW_MEDIC_answer_0012_02	I tutori evitano infortuni.\nCon un tutore si muove liberamente.
COM_NEW_MEDIC_answer_0012_03	Non ha sentito grandi effetti.\nProva ancora qualcos'altro.
COM_NEW_MEDIC_answer_0012_04	Idratarsi e' la base della forma.\nLa squadra lo imita: la forma sale.
COM_NEW_MEDIC_answer_0012_05	La sola acqua non basta.\nProva ancora qualcos'altro.
COM_NEW_MEDIC_answer_0013_00	La salute e' tutto.\nOra e' in forma migliore.
COM_NEW_MEDIC_answer_0013_01	Non ha sentito grandi effetti.\nProva ancora qualcos'altro.
COM_NEW_MEDIC_answer_0013_02	I tutori evitano infortuni.\nCon un tutore si muove liberamente.
COM_NEW_MEDIC_answer_0013_03	Non ha sentito grandi effetti.\nProva ancora qualcos'altro.
COM_NEW_MEDIC_answer_0013_04	Idratarsi e' la base della forma.\nE' in forma e al top.
COM_NEW_MEDIC_answer_0013_05	La sola acqua non basta.\nProva ancora qualcos'altro.
COM_NEW_MEDIC_answer_0014_00	Una bella sudata rinfresca.\nCi voleva proprio.
COM_NEW_MEDIC_answer_0014_01	Non ne ha voglia.\nSi sente ancora peggio.
COM_NEW_MEDIC_answer_0014_02	Gli swing lo hanno rilassato.\nCi voleva proprio.
COM_NEW_MEDIC_answer_0014_03	Il golf non gli piace.\nProponigli altro un'altra volta.
COM_NEW_MEDIC_answer_0014_04	Una carta rara! E' al settimo cielo.\nLa pausa che gli serviva.
COM_NEW_MEDIC_answer_0014_05	Ha perso anche al gioco.\nMomento sbagliato per proporlo.
COM_NEW_MEDIC_choices_0000_00	Farmaci
COM_NEW_MEDIC_choices_0000_01	Massaggio top
COM_NEW_MEDIC_choices_0000_02	Le tue cure
COM_NEW_MEDIC_choices_0001_00	Farmaci
COM_NEW_MEDIC_choices_0001_01	Massaggio top
COM_NEW_MEDIC_choices_0001_02	Le tue cure
COM_NEW_MEDIC_choices_0002_00	Pillole
COM_NEW_MEDIC_choices_0002_01	Massaggio
COM_NEW_MEDIC_choices_0002_02	Diagnosi
COM_NEW_MEDIC_choices_0003_00	Pillole
COM_NEW_MEDIC_choices_0003_01	Massaggio
COM_NEW_MEDIC_choices_0003_02	Diagnosi
COM_NEW_MEDIC_choices_0004_00	Pasto da chef
COM_NEW_MEDIC_choices_0004_01	Macchina massaggi
COM_NEW_MEDIC_choices_0004_02	Tua cucina
COM_NEW_MEDIC_choices_0005_00	Pasto da chef
COM_NEW_MEDIC_choices_0005_01	Macchina massaggi
COM_NEW_MEDIC_choices_0005_02	Tua cucina
COM_NEW_MEDIC_choices_0006_00	Dieta
COM_NEW_MEDIC_choices_0006_01	Massaggi
COM_NEW_MEDIC_choices_0006_02	Tua cucina
COM_NEW_MEDIC_choices_0007_00	Dieta
COM_NEW_MEDIC_choices_0007_01	Massaggi
COM_NEW_MEDIC_choices_0007_02	Tua cucina
COM_NEW_MEDIC_choices_0008_00	Gran medico
COM_NEW_MEDIC_choices_0008_01	Ottimo psicologo
COM_NEW_MEDIC_choices_0008_02	Ipnotista
COM_NEW_MEDIC_choices_0009_00	Visita
COM_NEW_MEDIC_choices_0009_01	Psicologo
COM_NEW_MEDIC_choices_0009_02	Ipnosi
COM_NEW_MEDIC_choices_0010_00	Stretch intenso
COM_NEW_MEDIC_choices_0010_01	Ultimo tutore
COM_NEW_MEDIC_choices_0010_02	Il tuo energizzante
COM_NEW_MEDIC_choices_0011_00	Stretch intenso
COM_NEW_MEDIC_choices_0011_01	Ultimo tutore
COM_NEW_MEDIC_choices_0011_02	Il tuo energizzante
COM_NEW_MEDIC_choices_0012_00	Stretching
COM_NEW_MEDIC_choices_0012_01	Tutore
COM_NEW_MEDIC_choices_0013_00	Stretching
COM_NEW_MEDIC_choices_0013_01	Tutore
COM_NEW_MEDIC_choices_0014_00	Corsa
COM_NEW_MEDIC_choices_0014_01	Golf
COM_NEW_MEDIC_choices_0014_02	WCCF
COM_NEW_MEDIC_question_0000	%s non e' guarito del tutto.\nAbbiamo strutture $c[FF6347FF]eccellenti$c. Cosa consigli?
COM_NEW_MEDIC_question_0001	%s non e' guarito del tutto.\nAbbiamo strutture $c[FF6347FF]eccellenti$c. Cosa consigli?
COM_NEW_MEDIC_question_0002	%s non e' guarito del tutto.\nCome lo aiuti a rientrare?
COM_NEW_MEDIC_question_0003	%s non e' guarito del tutto.\nCome lo aiuti a rientrare?
COM_NEW_MEDIC_question_0004	%s e' stremato.\nAbbiamo strutture $c[FF6347FF]eccellenti$c. Cosa consigli?
COM_NEW_MEDIC_question_0005	%s e' stremato.\nAbbiamo strutture $c[FF6347FF]eccellenti$c. Cosa consigli?
COM_NEW_MEDIC_question_0006	%s e' stremato.\nPuo' pesare sull'incontro. Cosa consigli?
COM_NEW_MEDIC_question_0007	%s e' stremato.\nPuo' pesare sull'incontro. Cosa consigli?
COM_NEW_MEDIC_question_0008	%s ha perso del tutto la forma.\nAbbiamo strutture $c[FF6347FF]eccellenti$c. Cosa consigli?
COM_NEW_MEDIC_question_0009	%s ha perso del tutto la forma.\nPuo' pesare sull'incontro. Cosa consigli?
COM_NEW_MEDIC_question_0010	Hai chiamato %s.\nAbbiamo strutture $c[FF6347FF]eccellenti$c. Cosa consigli?
COM_NEW_MEDIC_question_0011	Hai chiamato %s.\nAbbiamo strutture $c[FF6347FF]eccellenti$c. Cosa consigli?
COM_NEW_MEDIC_question_0012	Hai chiamato %s.\nCosa lo terra' in forma?
COM_NEW_MEDIC_question_0013	Hai chiamato %s.\nCosa lo terra' in forma?
COM_NEW_MEDIC_question_0014	%s e' giu' dopo aver perso un Friendly Match.\nCosa lo tirera' su?
COM_NEW_ONLY1_0001	$c[FF6347FF]Solo 1 giocatore disponibile$c: niente colloqui d'intesa.\nTorna alla Lounge quando gli altri rientrano.
COM_NEW_zero_0000	$c[FF6347FF]Nessun giocatore disponibile$c.\nTorna quando i giocatori rientrano.
COM_NEW_zero_0001	$c[FF6347FF]Nessun giocatore disponibile$c.\nTorna quando i giocatori rientrano.
COM_NEW_zero_0002	$c[FF6347FF]Nessun giocatore disponibile$c.\nTorna quando i giocatori rientrano.
COM_NEW_zero_0003	$c[FF6347FF]Nessun giocatore disponibile$c.\nTorna quando i giocatori rientrano.
COM_NEW_zero_0004	$c[FF6347FF]Nessun giocatore disponibile$c.\nTorna quando i giocatori rientrano.
COM_ROLE_answer_0000	Nessun altro come capitano.\nTutti lo accetteranno.
COM_ROLE_answer_0001	Amato da tutti, e' una scelta sicura.\nUnira' di certo la squadra.
COM_ROLE_answer_0005	E' sicuro sui calci d'angolo.\nAspettati angoli splendidi da lui.
COM_ROLE_answer_0010	Non voleva fare il capitano.\nAlcuni non gradiscono la tua scelta.
COM_ROLE_answer_0012	Non voleva fare il capitano.\nAlcuni non gradiscono la tua scelta.
COM_ROLE_answer_0013	Non e' sicuro sui calci d'angolo.\nTeme di non essere preciso.
COM_ROLE_answer_0018	Inutile forzare chi non e' portato.\nOra pensa a giocare.
COM_ROLE_answer_0023	Senza la tua fiducia,\nha perso sicurezza.
COM_ROLE_answer_0027	E' gia' tiratore CK.\nE' scioccato che te ne sia scordato.
COM_ROLE_answer_0028	E' gia' tiratore FK.\nE' scioccato che te ne sia scordato.
COM_ROLE_answer_0029	E' gia' tiratore PK.\nE' scioccato che te ne sia scordato.
COM_ROLE_answer_0030	Nessun altro come capitano.\nGuidera' la squadra da primo della fila.
COM_ROLE_answer_0031	Amato da tutti, e' una scelta sicura.\nLa squadra lottera' unita.
COM_ROLE_answer_0032	Anche con la forza, unira' la squadra.\nNessuno si lamentera'.
COM_ROLE_answer_0033	Sembra sicuro come capitano.\nLa squadra si unira' a lui.
COM_ROLE_answer_0034	Voleva fare il capitano.\nE' carichissimo!
COM_ROLE_answer_0035	E' sicuro sui calci d'angolo.\nAspettati molti assist.
COM_ROLE_answer_0036	La tua fiducia lo rallegra.\nAspettati piu' gol dalle palle inattive.
COM_ROLE_answer_0037	Il ruolo chiave gli ha dato sicurezza.\nDovrebbe reggere la tensione e vincere.
COM_ROLE_answer_0040	Non voleva fare il capitano.\nAlcuni non gradiscono la tua scelta.
COM_ROLE_answer_0042	Non voleva fare il capitano.\nAlcuni non gradiscono la tua scelta.
COM_ROLE_answer_0043	Non e' sicuro sui calci d'angolo.\nTeme di non essere preciso.
COM_ROLE_answer_0051	E' gia' tiratore CK.\nE' scioccato che te ne sia scordato.
COM_ROLE_answer_0052	E' gia' tiratore FK.\nE' scioccato che te ne sia scordato.
COM_ROLE_answer_0053	E' gia' tiratore PK.\nE' scioccato che te ne sia scordato.
COM_ROLE_choices_0000	Fai capitano
COM_ROLE_choices_0001	Fai tiratore CK
COM_ROLE_choices_0002	Fai tiratore FK
COM_ROLE_choices_0003	Fai tiratore PK
COM_ROLE_choices_0004	Togli tiratore CK
COM_ROLE_choices_0005	Togli tiratore FK
COM_ROLE_choices_0006	Togli tiratore PK
COM_ROLE_explain_0000	%s nominato capitano.
COM_ROLE_explain_0001	%s nominato tiratore CK.
COM_ROLE_explain_0002	%s nominato tiratore FK.
COM_ROLE_explain_0003	%s nominato tiratore PK.
COM_ROLE_explain_0004	%s non e' piu' tiratore CK.
COM_ROLE_explain_0005	%s non e' piu' tiratore FK.
COM_ROLE_explain_0006	%s non e' piu' tiratore PK.
COM_ROLE_question_0000	Hai chiamato %s.\nQuale ruolo gli dai?
COM_ROLE_question_0001	Hai chiamato %s.\nQuale ruolo gli dai?
COM_STAMINA_answer_0000	%s e' irritato: lo chiami troppo spesso.\nSe n'e' andato senza ascoltarti.
COM_STAMINA_answer_0004	Serviva davvero sgridarlo?\nSgridare da solo non risolve nulla.
COM_STAMINA_answer_0006	Stare a guardare non cambia nulla.
COM_STAMINA_answer_0007	Lo faccio riposare fino al via.
COM_STAMINA_answer_0010	Non vuole vedere il dottore.
COM_STAMINA_answer_0011	Era stanco mentalmente?\nSi e' un po' distratto.
COM_STAMINA_answer_0013	La consulenza gli ha sollevato l'animo.\nOra e' molto piu' fresco.
COM_STAMINA_answer_0014	Non e' un problema mentale.\nForse serve cura per il fisico.
COM_STAMINA_answer_0015	Cure precise lo hanno rimesso come prima.\nPuo' giocare senza problemi.
COM_STAMINA_answer_0016	Stava peggio del previsto.\nMeglio tenerlo d'occhio.
COM_STAMINA_answer_0017	L'ipnosi ha funzionato bene.\nE' pieno di energia.
COM_STAMINA_answer_0018	Capisco che speri in un miracolo...\nma servono cure serie.
COM_STAMINA_answer_0019	Gli piacciono le strutture del club.\nDovrebbe ambientarsi bene qui.
COM_STAMINA_answer_0020	Le strutture non erano come sperava.\nSembra incerto sul nuovo club.
COM_STAMINA_answer_0021	Ha capito che conti su di lui negli incontri.\nDovrebbe ambientarsi bene qui.
COM_STAMINA_answer_0022	Non sapeva come fare defaticamento.\nSembra incerto sul nuovo club.
COM_STAMINA_answer_0023	Ha capito che anche la mente deve riposare.\nDovrebbe ambientarsi bene qui.
COM_STAMINA_answer_0024	Non ci si addormenta a comando.\nSembra incerto sul nuovo club.
COM_STAMINA_answer_0025	Lo stretching previene gli infortuni.\nE' carico per il prossimo incontro.
COM_STAMINA_answer_0026	Troppo stretching gli ha dato fastidio.\nOra dubita dei tuoi metodi.
COM_STAMINA_answer_0027	Il massaggio previene gli infortuni.\nE' carico per il prossimo incontro.
COM_STAMINA_answer_0028	Il massaggio non faceva per lui.\nOra dubita dei tuoi metodi.
COM_STAMINA_answer_0029	Non gli piaceva essere forzato.\nCon fiducia nel suo metodo, e' motivato.
COM_STAMINA_answer_0030	Non capisce perche' l'hai chiamato.\nHa perso un po' di fiducia in te.
COM_STAMINA_answer_0032	Non vuole ingerenze nella vita privata.\nL'hai un po' infastidito.
COM_STAMINA_answer_0037	Aveva in mente una sua routine.\nLa tua ingerenza lo ha irritato.
COM_STAMINA_answer_0038	Si riposava per l'incontro.\nEssere chiamato lo ha messo di cattivo umore.
COM_STAMINA_answer_0039	Una dieta migliore gli ha insegnato a curarsi.\nDovrebbe aiutare anche il recupero.
COM_STAMINA_answer_0040	Non vuole cambiare dieta.\nNon voleva cambiare il suo ritmo.
COM_STAMINA_answer_0041	Gli piace il semicupio, facile da fare a casa.\nAlleviera' la stanchezza quotidiana.
COM_STAMINA_answer_0042	Non voleva consigli su come fare il bagno.\nHa il suo modo di rilassarsi nella vasca.
COM_STAMINA_answer_0043	Il sonno cura la fatica.\nRigenera corpo e mente per il prossimo incontro.
COM_STAMINA_answer_0044	Dormiva abbastanza.\nLa stanchezza aveva un'altra causa.
COM_STAMINA_answer_0045	Un vero psicologo di fama.\nHa letto la sua mente e l'ha sollevata.
COM_STAMINA_answer_0046	Non e' un problema mentale.\nForse serve cura per il fisico.
COM_STAMINA_answer_0047	Un vero psichiatra di fama.\nCure precise lo hanno rimesso come prima.
COM_STAMINA_answer_0048	Stava peggio del previsto.\nMeglio tenerlo d'occhio.
COM_STAMINA_answer_0049	Un vero ipnotista da star.\nLe sue suggestioni gli hanno ridato grinta.
COM_STAMINA_answer_0050	Capisco che speri in un miracolo...\nma servono cure serie.
COM_STAMINA_answer_0051	Ha ricordato perche' il riscaldamento conta.\nTornato alle basi, e' di nuovo carico.
COM_STAMINA_answer_0052	Un consiglio cosi' ovvio l'ha irritato.\nGli ha smorzato un po' l'entusiasmo.
COM_STAMINA_answer_0053	Un buon bendaggio ha calmato i timori.\nAspettati che giochi senza paura.
COM_STAMINA_answer_0054	Il bendaggio non lo convinceva del tutto.\nVa rifatto.
COM_STAMINA_answer_0055	Il defaticamento aiuta a evitare infortuni.\nRigenera anche la mente.
COM_STAMINA_answer_0056	Sapeva gia' tutto sul defaticamento.\nSentirselo ripetere lo ha irritato un po'.
COM_STAMINA_choices_0004	Dal dottore
COM_STAMINA_choices_0005	Barzelletta
COM_STAMINA_choices_0006	Psicologo
COM_STAMINA_choices_0007	Dottore
COM_STAMINA_choices_0008	Ipnotista
COM_STAMINA_choices_0009	Massaggio post-allen.
COM_STAMINA_choices_0010	Defaticante post-inc.
COM_STAMINA_choices_0011	Riposino
COM_STAMINA_choices_0012	Stretching
COM_STAMINA_choices_0013	Massaggio
COM_STAMINA_choices_0014	Decide lui
COM_STAMINA_choices_0018	Migliora la dieta
COM_STAMINA_choices_0019	Semicupio
COM_STAMINA_choices_0020	Orari regolari
COM_STAMINA_choices_0021	Psicologo
COM_STAMINA_choices_0022	Psichiatra
COM_STAMINA_choices_0023	Ipnotista famoso
COM_STAMINA_choices_0024	Riscald.
COM_STAMINA_choices_0025	Taping
COM_STAMINA_choices_0026	Defatic.
COM_STAMINA_question_0000	%s e' un po' stanco.\nCosa fai?
COM_STAMINA_question_0001	%s non sembra stare bene.\nCosa fai?
COM_STAMINA_question_0002	%s sembra del tutto a terra.\nServe uno specialista. Chi chiami?
COM_STAMINA_question_0003	%s e' appena arrivato in squadra.\nCosa gli consigli per restare in forma?
COM_STAMINA_question_0004	%s sembra in forma.\nQualcosa per prevenire infortuni?
COM_STAMINA_question_0006	%s e' un po' stanco.\nCosa fai?
COM_STAMINA_question_0007	%s sembra del tutto a terra.\nServe uno specialista. Chi chiami?
COM_STAMINA_question_0008	%s sembra in forma.\nQualcosa per prevenire infortuni?
COM_TIME_answer_0000	Sta per iniziare l'incontro.\nSenza istruzioni, se ne e' andato deluso.
COM_TRAINING_answer_0000	%s e' carichissimo.\nL'allenamento potrebbe sbloccare una nuova abilita'.
COM_TRAINING_answer_0001	Era proprio quello che voleva.\nSara' molto efficace.
COM_TRAINING_answer_0002	Accetta le tue istruzioni.\nGli fara' bene.
COM_TRAINING_answer_0003	Non gradisce i tuoi ordini\ne ha poca voglia.
COM_TRAINING_answer_0004	Sembra scontento.\nNon accetta i tuoi ordini.
COM_TRAINING_answer_0005	Non ha alcuna voglia.\nVoleva un altro allenamento.
COM_TRAINING_answer_0006	%s e' carichissimo.\nL'allenamento potrebbe sbloccare una nuova abilita'.
COM_TRAINING_answer_0007	Era proprio quello che voleva.\nSara' molto efficace.
COM_TRAINING_answer_0008	Accetta le tue istruzioni.\nGli fara' bene.
COM_TRAINING_answer_0009	Non gradisce i tuoi ordini\ne ha poca voglia.
COM_TRAINING_answer_0010	Sembra scontento.\nNon accetta i tuoi ordini.
COM_TRAINING_answer_0011	Non ha alcuna voglia.\nVoleva un altro allenamento.
COM_TRAINING_answer_0012	%s e' stufo di essere chiamato.\nE' andato via senza ascoltarti.
COM_TRAINING_answer_0013	Per un calciatore correre e' fondamentale.\nSi integrera' con slancio nella squadra.
COM_TRAINING_answer_0014	Aiutarlo a integrarsi e' compito tuo.\nE' in ansia per il nuovo club.
COM_TRAINING_answer_0015	Il piano della squadra lo rassicura.\nSi integrera' aiutando i compagni.
COM_TRAINING_answer_0016	E' presto per badare agli altri.\nE' in ansia per il nuovo club.
COM_TRAINING_answer_0017	Apprezza che rispetti i giocatori.\nSi integrera' a modo suo.
COM_TRAINING_answer_0018	All'inizio tutti sono nervosi.\nE' in ansia per il nuovo club.
COM_TRAINING_answer_0019	Sara' bravo con i ragazzi.\nDa questo fuoriclasse ci aspettiamo altro.
COM_TRAINING_answer_0020	Incantera' i tifosi anche fuori campo.\nDa questo fuoriclasse ci aspettiamo altro.
COM_TRAINING_answer_0021	Migliorera' anche l'immagine del club.\nDa questo fuoriclasse ci aspettiamo altro.
COM_TRAINING_answer_0022	Dovrebbe attirare molti tifosi.\nDa questo fuoriclasse ci aspettiamo altro.
COM_TRAINING_answer_0023	Non si tirera' mai indietro.\nDa questo fuoriclasse ci aspettiamo altro.
COM_TRAINING_answer_0024	Le tue parole gli hanno dato la svolta.\nCrescera' ancora negli incontri.
COM_TRAINING_answer_0025	Ha ritrovato un po' di fiducia.\nA uno cosi' bravo bastano poche parole.
COM_TRAINING_answer_0026	La fiducia si riconquista allenandosi.\nIl suo sorriso dice che ha superato un ostacolo.
COM_TRAINING_answer_0027	Non sa su cosa lavorare ancora.\nSenza fiducia non crescera'.
COM_TRAINING_answer_0028	Ora ha la mente piu' serena.\nIl suo sorriso dice che ha superato un ostacolo.
COM_TRAINING_answer_0029	Non ha proprio voglia di divertirsi.\nSenza fiducia non crescera'.
COM_TRAINING_answer_0030	Serve anche staccare dal calcio.\nIl suo sorriso dice che ha superato un ostacolo.
COM_TRAINING_answer_0031	Non ha proprio voglia di farlo.\nSenza fiducia non crescera'.
COM_TRAINING_answer_0032	Aveva pianificato un allenamento suo.\nE' scontento che tu l'abbia convocato.
COM_TRAINING_answer_0033	Aveva appena finito di allenarsi da solo.\nEssere richiamato in campo lo infastidisce.
COM_TRAINING_answer_0034	Ha capito cosa provi.\nSi allena sodo per la prossima occasione.
COM_TRAINING_answer_0035	Pensa troppo agli incontri per concentrarsi.\nForse dobbiamo rivedere il suo impiego.
COM_TRAINING_answer_0036	Parlarti lo ha rilassato.\nPotra' prepararsi con calma alla prossima.
COM_TRAINING_answer_0037	Non ha voglia di rilassarsi.\nSembra un po' irritato.
COM_TRAINING_answer_0038	Ha percepito l'urgenza.\nOra si allena a modo suo.
COM_TRAINING_answer_0039	Ha frainteso la liberta'\ne' andato a divertirsi...
COM_TRAINING_answer_0040	Le parole del suo maestro lo hanno commosso.\nDara' tutto come giocatore chiave.
COM_TRAINING_answer_0041	Anche da un allenatore amato, era troppo.\nVoleva solo lavorare con te.
COM_TRAINING_answer_0042	Fa tesoro delle parole del suo maestro.\nDa uomo chiave guidera' la squadra.
COM_TRAINING_answer_0043	Anche da chi rispetta, era pesante.\nVoleva un rapporto piu' informale.
COM_TRAINING_answer_0044	Le parole del suo maestro lo rallegrano.\nTerra' alto il morale dello spogliatoio.
COM_TRAINING_answer_0045	Le tue parole lo hanno sorpreso.\nVoleva che riconoscessi le sue qualita'.
COM_TRAINING_answer_0051	I tuoi sogni non l'hanno colpito.\nL'hai solo fatto stare peggio.
COM_TRAINING_answer_0052	Le tue parole gli hanno dato la svolta.\nCon piu' fiducia reciproca crescera' ancora.
COM_TRAINING_answer_0053	Ha ritrovato un po' di fiducia.\nA uno cosi' bravo bastano poche parole.
COM_TRAINING_answer_0054	La fiducia si riconquista allenandosi.\nCon piu' intesa la ritrovera'.
COM_TRAINING_answer_0055	Non sa su cosa lavorare ancora.\nSenza fiducia non crescera'.
COM_TRAINING_answer_0056	Ora ha la mente piu' serena.\nCon piu' intesa ritrovera' la fiducia.
COM_TRAINING_answer_0057	Non ha proprio voglia di divertirsi.\nSenza fiducia non crescera'.
COM_TRAINING_answer_0058	Serve anche staccare dal calcio.\nCon piu' intesa ritrovera' la fiducia.
COM_TRAINING_answer_0059	Non ha proprio voglia di farlo.\nSenza fiducia non crescera'.
COM_TRAINING_answer_0060	E' pieno di motivazione.\nCosi' potrebbe migliorare moltissimo.
COM_TRAINING_answer_0061	Era proprio quello che voleva.\nMigliorera' rapidamente.
COM_TRAINING_answer_0062	Gli piacciono i tuoi ordini.\nQuesto lo fara' crescere molto.
COM_TRAINING_answer_0063	Non gradisce i tuoi ordini,\nma lo faranno migliorare.
COM_TRAINING_answer_0064	Sembra scontento.\nNon accetta i tuoi ordini.
COM_TRAINING_answer_0065	Non ha alcuna voglia.\nVoleva un altro allenamento.
COM_TRAINING_answer_0066	E' pieno di motivazione.\nCosi' potrebbe migliorare moltissimo.
COM_TRAINING_answer_0067	Era proprio quello che voleva.\nMigliorera' rapidamente.
COM_TRAINING_answer_0068	Gli piacciono i tuoi ordini.\nQuesto lo fara' crescere molto.
COM_TRAINING_answer_0069	Non gradisce i tuoi ordini,\nma lo faranno migliorare.
COM_TRAINING_answer_0070	Sembra scontento.\nNon accetta i tuoi ordini.
COM_TRAINING_answer_0071	Non ha alcuna voglia.\nVoleva un altro allenamento.
COM_TRAINING_answer_0072	Non sembra molto convinto.\nVoleva tenersi il tempo libero.
COM_TRAINING_choices_0000	Attacco
COM_TRAINING_choices_0002	Tecnica palla
COM_TRAINING_choices_0004	Scatti
COM_TRAINING_choices_0005	Corsa
COM_TRAINING_choices_0006	Attacco
COM_TRAINING_choices_0008	Tecnica palla
COM_TRAINING_choices_0010	Scatti
COM_TRAINING_choices_0011	Corsa
COM_TRAINING_choices_0012	Muoviti molto
COM_TRAINING_choices_0013	Aiuta i compagni
COM_TRAINING_choices_0014	Nessun ordine
COM_TRAINING_choices_0018	Festa dei Fan
COM_TRAINING_choices_0019	Partita benefica
COM_TRAINING_choices_0020	Zero scorciatoie
COM_TRAINING_choices_0021	Non hai limiti
COM_TRAINING_choices_0022	Non pensare! Senti!
COM_TRAINING_choices_0023	Allenati forte
COM_TRAINING_choices_0024	Goditi il calcio
COM_TRAINING_choices_0025	Andiamo a svagarci
COM_TRAINING_choices_0026	Rinvii
COM_TRAINING_choices_0027	Pugni
COM_TRAINING_choices_0028	Presa
COM_TRAINING_choices_0029	Palle alte
COM_TRAINING_choices_0030	Uscite
COM_TRAINING_choices_0031	Piazzamento
COM_TRAINING_choices_0032	Fallo concentrare
COM_TRAINING_choices_0033	Fallo rilassare
COM_TRAINING_choices_0034	Lascialo fare
COM_TRAINING_choices_0035	Simbolo
COM_TRAINING_choices_0036	Perno
COM_TRAINING_choices_0037	Mascotte
COM_TRAINING_choices_0041	Zero scorciatoie
COM_TRAINING_choices_0042	Non hai limiti
COM_TRAINING_choices_0043	Non pensare! Senti!
COM_TRAINING_choices_0044	Allenati forte
COM_TRAINING_choices_0045	Goditi il calcio
COM_TRAINING_choices_0046	Andiamo a svagarci
COM_TRAINING_choices_0047	Attacco+
COM_TRAINING_choices_0048	Difesa+
COM_TRAINING_choices_0049	Tecnica+
COM_TRAINING_choices_0050	Fisico+
COM_TRAINING_choices_0051	Velocita'+
COM_TRAINING_choices_0052	Resistenza+
COM_TRAINING_choices_0053	Rinvii+
COM_TRAINING_choices_0054	Pugni+
COM_TRAINING_choices_0055	Presa+
COM_TRAINING_choices_0056	Palle alte+
COM_TRAINING_choices_0057	Uscite+
COM_TRAINING_choices_0058	Piazzamento+
COM_TRAINING_explain_0000	Allena le capacita' d'attacco.
COM_TRAINING_explain_0001	Allena le capacita' difensive.
COM_TRAINING_explain_0002	Allena la tecnica.
COM_TRAINING_explain_0003	Rafforza il fisico.
COM_TRAINING_explain_0004	Allena la velocita' di gioco.
COM_TRAINING_explain_0005	Allena la resistenza.
COM_TRAINING_explain_0006	Allena le capacita' d'attacco.
COM_TRAINING_explain_0007	Allena le capacita' difensive.
COM_TRAINING_explain_0008	Allena la tecnica.
COM_TRAINING_explain_0009	Rafforza il fisico.
COM_TRAINING_explain_0010	Allena la velocita' di gioco.
COM_TRAINING_explain_0011	Allena la resistenza.
COM_TRAINING_question_0000	E' rimasto a rafforzare i $c[FF6347FF]punti forti dell'incontro$c.\nCome alleni %s?
COM_TRAINING_question_0001	E' rimasto a correggere i $c[00BFFFFF]punti deboli dell'incontro$c.\nCome alleni %s?
COM_TRAINING_question_0002	Ecco il nuovo acquisto %s.\nChe gioco ti aspetti da lui?
COM_TRAINING_question_0003	Il suo gioco spettacolare e' noto nel mondo.\nCome ne aumenti la fama?
COM_TRAINING_question_0004	%s teme di aver toccato il suo limite.\nCome lo rassereni?
COM_TRAINING_question_0005	%s gioca senza fiducia.\nCosa gli dici per farlo concentrare?
COM_TRAINING_question_0006	Vuole sviluppare i $c[FF6347FF]punti forti dell'incontro$c.\nCome alleni %s?
COM_TRAINING_question_0007	Vuole correggere i $c[00BFFFFF]punti deboli dell'incontro$c.\nCome alleni %s?
COM_TRAINING_question_0008	Stavolta vuole sviluppare i $c[FF6347FF]punti forti dell'incontro$c.\nCome alleni %s?
COM_TRAINING_question_0009	Stavolta vuole correggere i $c[00BFFFFF]punti deboli dell'incontro$c.\nCome alleni %s?
COM_TRAINING_question_0010	%s non ha giocato prima,\nquindi ha energie da vendere. Cosa gli fai fare?
COM_TRAINING_question_0011	%s e' arrivato perche' ti ammira.\nCosa ti aspetti da lui?
COM_TRAINING_question_0012	Hai chiamato %s.\nE' stufo delle convocazioni. Cosa fai?
COM_TRAINING_question_0013	%s teme di aver toccato il suo limite.\nCome lo rassereni?
COM_TRAINING_question_0014	%s gioca senza fiducia.\nCosa gli dici per farlo concentrare?
COM_TRAINING_question_0015	Vuole sviluppare $c[FF6347FF]quel che ha funzionato$c nell'incontro.\nChe esercizio per %s?
COM_TRAINING_question_0016	Vuole migliorare $c[00BFFFFF]quel che e' andato male$c nell'incontro.\nChe esercizio per %s?
COM_TRAINING_question_0017	Vuole perfezionare $c[FF6347FF]quel che ha funzionato$c nell'incontro.\nChe esercizio per %s?
COM_TRAINING_question_0018	Vuole superare $c[00BFFFFF]quel che e' andato male$c nell'incontro.\nChe esercizio per %s?
GAM_CHALLENGE_message_0000	Le sfide continue hanno creato una stella.\n$c[FF6347FF]Talento senza limiti$c potrebbe sbocciare.
GAM_CHALLENGE_message_0001	Puntare piu' in alto ha portato la squadra a un nuovo livello.\nIl gioco creativo preannuncia la $c[FF6347FF]nascita di un nuovo stile$c.
GAM_CHALLENGE_message_0002	Col nostro gioco di squadra non temiamo nulla.\nSta nascendo una splendida $c[FF6347FF]coppia d'oro$c.
GAM_CHALLENGE_message_0003	Battere una big ha riempito i giocatori di fiducia.\n$c[FF6347FF]Alcuni sono migliorati piu' del previsto$c.
GAM_CHALLENGE_message_0004	Con grande volonta' abbiamo vinto una sfida dura.\nI giocatori sono $c[FF6347FF]nettamente migliorati$c.
GAM_CHALLENGE_message_0005	Siamo riusciti a battere una grande squadra.\nAlcuni $c[FF6347FF]hanno fatto molta esperienza$c.
GAM_CHALLENGE_message_0006	Un pari, ma abbiamo superato i nostri limiti.\nCon un obiettivo chiaro, $c[FF6347FF]i giocatori sono migliorati$c.
GAM_CHALLENGE_message_0007	Un pari, ma abbiamo ottenuto piu' del risultato.\nE' stata una $c[FF6347FF]buona esperienza$c per la squadra.
GAM_CHALLENGE_message_0008	Pareggiare con una squadra cosi' e' un'impresa.\nSono stanchi, ma $c[FF6347FF]hanno imparato molto$c.
GAM_CHALLENGE_message_0009	Abbiamo perso, ma abbiamo osato sfidare.\nQuesto $c[FF6347FF]fara' crescere la squadra$c di sicuro.
GAM_CHALLENGE_message_0010	Una sconfitta nata dall'ambizione.\nLa sfida ci $c[FF6347FF]ha resi piu' forti$c.
GAM_CHALLENGE_message_0011	Battere una big ha riempito i giocatori di fiducia.\nIl Giocatore Chiave ha $c[FF6347FF]unito la visione della squadra$c.
GAM_CHALLENGE_message_0012	Con grande volonta' abbiamo vinto una sfida dura.\nLa $c[FF6347FF]comunicazione attiva$c da' i suoi frutti.
GAM_CHALLENGE_message_0013	Siamo riusciti a battere una grande squadra.\nSento una $c[FF6347FF]fede salda$c nei giocatori.
GAM_CHALLENGE_message_0014	Un pari, ma abbiamo superato i nostri limiti.\nAnche il nostro stile e' $c[FF6347FF]cresciuto ancora$c.
GAM_CHALLENGE_message_0015	Un pari, ma abbiamo ottenuto piu' del risultato.\nCerte cose si ottengono $c[FF6347FF]solo contro le big$c.
GAM_CHALLENGE_message_0016	Pareggiare con una squadra cosi' e' un'impresa.\nAbbiamo ottenuto $c[FF6347FF]molto di piu'$c della fatica persa.
GAM_CHALLENGE_message_0017	Abbiamo perso, ma abbiamo osato sfidare.\nQualcuno ha scoperto un $c[FF6347FF]nuovo stile di gioco$c.
GAM_CHALLENGE_message_0018	Una sconfitta nata dall'ambizione.\nQuesto dolore $c[FF6347FF]sara' utile$c piu' avanti.
GAM_CHALLENGE_message_0019	Battere una big ha riempito i giocatori di fiducia.\nLa squadra e' $c[FF6347FF]unita come mai prima$c.
GAM_CHALLENGE_message_0020	Con grande volonta' abbiamo vinto una sfida dura.\nLe intese di squadra $c[FF6347FF]voleranno piu' in alto$c.
GAM_CHALLENGE_message_0021	Siamo riusciti a battere una grande squadra.\nQuesta vittoria puo' portare $c[FF6347FF]intese di alto livello$c.
GAM_CHALLENGE_message_0022	Un pari, ma abbiamo superato i nostri limiti.\nL'esperienza in campo migliora le $c[FF6347FF]intese di squadra$c.
GAM_CHALLENGE_message_0023	Un pari, ma abbiamo ottenuto piu' del risultato.\nDopo l'incontro $c[FF6347FF]ripassano le intese$c.
GAM_CHALLENGE_message_0024	Pareggiare con una squadra cosi' e' un'impresa.\nLottare contro una big ha rafforzato il loro $c[FF6347FF]legame$c.
GAM_CHALLENGE_message_0025	Abbiamo perso, ma abbiamo osato sfidare.\nAnche nella sconfitta hanno brillato $c[FF6347FF]grandi intese$c.
GAM_CHALLENGE_message_0026	Una sconfitta nata dall'ambizione.\nHanno imparato $c[FF6347FF]il valore del gioco di squadra$c.
GAM_CHALLENGE_message_0027	Vittoria preziosa su un'avversaria forte.
GAM_CHALLENGE_message_0028	Risultato non soddisfacente, ma abbiamo pareggiato.
GAM_CHALLENGE_message_0029	Risultato amaro, ma la grinta resta accesa.
GAM_COMMON_result_0011	Premier Division: Promozione
GAM_COMMON_result_0012	Premier Division: Permanenza
GAM_COMMON_result_0013	Premier Division: Retrocessione
GAM_COMMON_result_0014	1st Division: Promozione
GAM_COMMON_result_0015	1st Division: Permanenza
GAM_COMMON_result_0016	1st Division: Retrocessione
GAM_COMMON_result_0017	2nd Division: Promozione
GAM_COMMON_result_0018	2nd Division: Permanenza
GAM_COMMON_result_0019	2nd Division: Retrocessione
GAM_COMMON_result_0020	3rd Division: Promozione
GAM_COMMON_result_0021	3rd Division: Permanenza
GAM_COMMON_result_0022	3rd Division: Retrocessione
GAM_COMMON_result_0023	4th Division: Promozione
GAM_COMMON_result_0024	4th Division: Permanenza
GAM_COMMON_result_0025	4th Division: Retrocessione
GAM_COMMON_result_0026	V%d
GAM_COMMON_result_0027	S%d
GAM_COMMON_result_0028	P%d
GAM_COMMON_result_0030	Accesso 2o turno
GAM_COMMON_result_0032	Accesso ai quarti di finale
GAM_COMMON_result_0039	Accesso alla finale %d posto
GAM_COMMON_round_0051	Finale %d posto
GAM_COMMON_round_0058	(no rig.)
GAM_COMMON_round_0059	(con rigori)
GAM_COMMON_round_0062	%s [%s]
GAM_CONTINUE_states_0004	In porta
GAM_CONTINUE_states_0012	%d'
GAM_FINR_WTpoint_000	Record WT
GAM_FINR_prize_000	 mln
GAM_FINR_prize_001	00
GAM_FINR_regular_000	V/
GAM_FINR_regular_001	S/
GAM_FINR_start_000	$%dM + $%d00
GAM_FINR_start_002	(assunto %d/%d/%d)
GAM_FINR_title_000	Totale RL
GAM_FINR_title_003	Ult. stip.
GAM_FINR_title_004	Totale
GAM_FORM_header_0001	Allenatore %s
GAM_FRIENDLY_message_0000	Un incontro che ricorderemo a lungo.\nE' nata una nuova $c[FF6347FF]stella$c.\n
GAM_FRIENDLY_message_0001	%s.\nGli altri temeranno la sua $c[FF6347FF]tecnica sfavillante$c.
GAM_FRIENDLY_message_0002	Questa vittoria ha fatto maturare la squadra.\nAlcuni $c[FF6347FF]giocatori sono cresciuti piu' che mai$c.
GAM_FRIENDLY_message_0003	%s.\nLa sua tecnica sta diventando $c[FF6347FF]classe mondiale$c.
GAM_FRIENDLY_message_0004	%s.\nLa sua tecnica attira $c[FF6347FF]molta attenzione$c.
GAM_FRIENDLY_message_0005	%s.\nOra la sua tecnica sembra $c[FF6347FF]piu' solida$c.
GAM_FRIENDLY_message_0006	%s.\nLa sua tecnica incerta e' $c[FF6347FF]migliorata un po'$c.
GAM_FRIENDLY_message_0007	Una vittoria molto preziosa.\nAlcuni $c[FF6347FF]giocatori sono migliorati piu' del previsto$c.
GAM_FRIENDLY_message_0008	%s.\nHa davvero $c[FF6347FF]brillato$c.
GAM_FRIENDLY_message_0009	E' stata una prova solida.\nOgni giocatore $c[FF6347FF]sta migliorando$c.
GAM_FRIENDLY_message_0010	%s.\nI suoi movimenti $c[FF6347FF]hanno funzionato$c.
GAM_FRIENDLY_message_0011	Abbiamo ottenuto il risultato.\nAlcuni $c[FF6347FF]hanno imparato piu' del previsto$c.
GAM_FRIENDLY_message_0012	%s.\nIl suo gioco e' particolarmente $c[FF6347FF]promettente$c.
GAM_FRIENDLY_message_0013	Un pari, ma con molti spunti interessanti.\nI giocatori $c[FF6347FF]sono migliorati nei loro ambiti$c.
GAM_FRIENDLY_message_0014	Pari senza colpi decisivi.\nPero' e' stata una $c[FF6347FF]buona esperienza$c per la squadra.
GAM_FRIENDLY_message_0015	Pari raggiunto a fatica, partita scialba.\nSolo stanchezza e $c[FF6347FF]poco guadagnato$c.
GAM_FRIENDLY_message_0016	%s.\nI suoi movimenti sono stati $c[FF6347FF]particolarmente spenti$c.
GAM_FRIENDLY_message_0017	Purtroppo abbiamo perso.\nMa questa esperienza $c[FF6347FF]sara' utile in futuro$c.
GAM_FRIENDLY_message_0018	Una sconfitta totale.\nI giocatori hanno $c[FF6347FF]perso fiducia$c e sono storditi.
GAM_FRIENDLY_message_0019	Un incontro che ricorderemo a lungo.\nE' nato un nuovo $c[FF6347FF]Giocatore Chiave$c.
GAM_FRIENDLY_message_0020	%s.\nGli altri temeranno $c[FF6347FF]le tattiche costruite su di lui$c.
GAM_FRIENDLY_message_0021	Questa vittoria ha fatto maturare la squadra.\nAlcuni $c[FF6347FF]giocatori hanno ampliato il loro gioco$c.
GAM_FRIENDLY_message_0022	%s.\nD'ora in poi dovrebbe $c[FF6347FF]trascinare la squadra$c.
GAM_FRIENDLY_message_0023	%s.\nOra diventera' un $c[FF6347FF]giocatore chiave$c per noi.
GAM_FRIENDLY_message_0024	%s.\nOra $c[FF6347FF]dara' un contributo alla squadra$c.
GAM_FRIENDLY_message_0025	%s.\nIl suo stile non si adattava, ma $c[FF6347FF]migliorera' un po'$c.
GAM_FRIENDLY_message_0026	Una vittoria molto preziosa.\nLe tattiche hanno unito i $c[FF6347FF]movimenti dei giocatori$c.
GAM_FRIENDLY_message_0027	%s.\nHa davvero $c[FF6347FF]brillato$c.
GAM_FRIENDLY_message_0028	E' stata una prova solida.\nOra i giocatori $c[FF6347FF]condividono una visione piu' chiara$c.
GAM_FRIENDLY_message_0029	%s.\nI suoi movimenti $c[FF6347FF]hanno funzionato$c.
GAM_FRIENDLY_message_0030	Abbiamo ottenuto il risultato.\nI giocatori $c[FF6347FF]hanno capito i rispettivi stili$c.
GAM_FRIENDLY_message_0031	%s.\nIl suo gioco e' particolarmente $c[FF6347FF]promettente$c.
GAM_FRIENDLY_message_0032	Un pari, ma con molti spunti interessanti.\nSi sono visti $c[FF6347FF]cambi di stile per i giocatori chiave$c.
GAM_FRIENDLY_message_0033	Pari senza colpi decisivi.\nPero' e' stata una $c[FF6347FF]buona esperienza$c per la squadra.
GAM_FRIENDLY_message_0034	Pari raggiunto a fatica, partita scialba.\nSolo stanchezza e $c[FF6347FF]poco guadagnato$c.
GAM_FRIENDLY_message_0035	%s.\nI suoi movimenti sono stati $c[FF6347FF]particolarmente spenti$c.
GAM_FRIENDLY_message_0036	Purtroppo abbiamo perso.\nMa questa esperienza $c[FF6347FF]sara' utile in futuro$c.
GAM_FRIENDLY_message_0037	Una sconfitta totale.\nI giocatori hanno $c[FF6347FF]perso fiducia$c e sono storditi.
GAM_FRIENDLY_message_0038	Un incontro che ricorderemo a lungo.\nE' l'inizio di una $c[FF6347FF]grande intesa$c.
GAM_FRIENDLY_message_0039	%s e %s.\nGli altri temeranno questa $c[FF6347FF]coppia d'oro$c.
GAM_FRIENDLY_message_0040	Questa vittoria ha fatto maturare la squadra.\nAlcune $c[FF6347FF]coppie hanno rafforzato la fiducia$c.
GAM_FRIENDLY_message_0041	%s e %s.\nFormeranno la $c[FF6347FF]migliore intesa del mondo$c.
GAM_FRIENDLY_message_0042	%s e %s.\nMostreranno un'$c[FF6347FF]intesa incredibile$c.
GAM_FRIENDLY_message_0043	%s e %s.\nMostreranno una $c[FF6347FF]buona intesa$c.
GAM_FRIENDLY_message_0044	%s e %s.\nNon si capivano, ma $c[FF6347FF]miglioreranno un po'$c.
GAM_FRIENDLY_message_0045	Una vittoria molto preziosa.\nLe intese di squadra sono $c[FF6347FF]migliorate moltissimo$c.
GAM_FRIENDLY_message_0046	%s e %s.\nLa loro combinazione ha davvero $c[FF6347FF]brillato$c.
GAM_FRIENDLY_message_0047	E' stata una prova solida.\nLe intese di squadra $c[FF6347FF]migliorano di continuo$c.
GAM_FRIENDLY_message_0048	%s e %s.\nLa loro combinazione ha $c[FF6347FF]funzionato$c benissimo.
GAM_FRIENDLY_message_0049	Abbiamo ottenuto il risultato.\nI giocatori $c[FF6347FF]hanno capito i reciproci movimenti$c.
GAM_FRIENDLY_message_0050	%s e %s.\nLa loro combinazione e' $c[FF6347FF]molto promettente$c.
GAM_FRIENDLY_message_0051	Un pari, ma con molti spunti interessanti.\nL'esperienza di gara migliora le $c[FF6347FF]intese di squadra$c.
GAM_FRIENDLY_message_0052	Pari senza colpi decisivi.\nPero' e' stata una $c[FF6347FF]buona esperienza$c per la squadra.
GAM_FRIENDLY_message_0053	Pari raggiunto a fatica, partita scialba.\nSolo stanchezza e $c[FF6347FF]poco guadagnato$c.
GAM_FRIENDLY_message_0054	%s e %s.\nLa loro combinazione e' stata $c[FF6347FF]particolarmente spenta$c.
GAM_FRIENDLY_message_0055	Purtroppo abbiamo perso.\nMa questa esperienza $c[FF6347FF]sara' utile in futuro$c.
GAM_FRIENDLY_message_0056	Una sconfitta totale.\nI giocatori hanno $c[FF6347FF]perso fiducia$c e sono storditi.
GAM_FRIENDLY_message_0057	Notevole.\nLa $c[FF6347FF]miglior partita$c possibile per questa rosa.
GAM_FRIENDLY_message_0058	%s.\nHa mostrato $c[FF6347FF]nuovo potenziale$c. Ci aspettiamo altro.
GAM_FRIENDLY_message_0059	Non vincere con questa rosa indica un problema.
GAM_FRIENDLY_message_0060	%s.\nSemmai, $c[FF6347FF]il problema potrebbe essere lui$c.
GAM_FRIENDLY_message_0061	Perdere con questa rosa indica un problema.
GAM_FRIENDLY_message_0062	%s.\nSemmai, $c[FF6347FF]il problema potrebbe essere lui$c.
GAM_FRIENDLY_message_0063	Vittoria strappata a fatica.
GAM_FRIENDLY_message_0064	%s.\nLa sua forma $c[FF6347FF]trascina i compagni$c.
GAM_FRIENDLY_message_0065	Risultato tutt'altro che soddisfacente.
GAM_FRIENDLY_message_0066	%s.\nIl suo $c[FF6347FF]gioco fiacco$c preoccupa un po'.
GAM_FRIENDLY_message_0067	Risultato deludente.
GAM_FRIENDLY_message_0068	%s.\nIl suo $c[FF6347FF]gioco fiacco$c preoccupa un po'.
GAM_FRIENDLY_message_0069	Servono $c[FF6347FF]nuovi giocatori$c per la prossima.
GAM_GAME_score_0000	Allenatore: CPU
GAM_HALF_button_0001	Nessuno
GAM_HALF_message_0000	Resistenza a rischio, ma il vantaggio e' ampio.\nDai ordini e porta a casa la vittoria.
GAM_HALF_message_0001	Siamo avanti, ma la resistenza preoccupa un po'.\nDai ordini per il 2o tempo.
GAM_HALF_message_0002	Entrambe danno tutto. Gara equilibrata.\nOcchio alla resistenza e pianifica il 2o tempo.
GAM_HALF_message_0003	Abbiamo subito il primo gol.\nDefinisci un piano per ribaltarla nel 2o tempo.
GAM_HALF_message_0004	Loro dettano il ritmo e la resistenza preoccupa.\nDai ordini e raddrizza l'incontro.
GAM_HALF_message_0005	Si nota la stanchezza, ma il gioco e' nostro.\nMostra il tuo talento e chiudi la gara.
GAM_HALF_message_0006	Siamo avanti, ma alcuni sono a corto di fiato.\nDai ordini e affronta il 2o tempo con calma.
GAM_HALF_message_0007	Un 1o tempo mozzafiato.\nPotrebbe restare teso fino alla fine, dipende da noi.
GAM_HALF_message_0008	Chiudiamo il 1o tempo sotto di un gol.\nMa con la tua tattica si puo' ribaltare.
GAM_HALF_message_0009	Chiudiamo il 1o tempo molto sotto.\nUsa la tattica per cambiare le cose.
GAM_HALF_message_0010	Abbiamo dominato il 1o tempo.\nDai ordini e rendi certa la vittoria.
GAM_HALF_message_0011	Siamo avanti con margine.\nDai ordini per difendere il vantaggio.
GAM_HALF_message_0012	Un 1o tempo teso.\nLa tua tattica decidera' tutto.
GAM_HALF_message_0013	Solo 1 gol sotto. Non e' finita.\nDai ordini per il 2o tempo e reagisci.
GAM_HALF_message_0014	Resistenza ok, ma siamo sotto pressione.\nDai ordini per il 2o tempo e cambia l'inerzia.
GAM_HALF_message_0015	Fine del 1o tempo.
GAM_HALF_message_0016	Ordine per il 2o tempo: "$c[FF6347FF]%s$c".\nIl 2o tempo inizia a breve.
GAM_HALF_message_0018	Ti fidi dei giocatori: nessun ordine.\nInizia il 2o tempo.
GAM_HALF_order_0000	Ti fidi dei giocatori: nessun ordine.
GAM_HALF_order_0001	Sii cinico
GAM_HALF_order_0002	Compattati
GAM_HALF_order_0003	Tieni palla
GAM_HALF_order_0004	Recupera palla
GAM_HALF_order_0005	Attacca veloce
GAM_HALF_order_0006	Vinci duelli
GAM_HALF_order_0010	Concludi in porta
GAM_HALF_order_0011	Chiudi gli spazi
GAM_HALF_order_0012	Passa palla
GAM_HALF_order_0013	Pressa subito
GAM_HALF_order_0014	Punta sulla corsa
GAM_HALF_order_0015	Cerca la boa
GAM_HALF_order_0016	Rispetta i ruoli
GAM_HALF_order_0017	Sorprendili
GAM_HALF_order_0018	1 contro 1
GAM_HALF_order_0019	Marca stretto
GAM_HALF_order_0020	Passa veloce
GAM_HALF_order_0021	Cambio rapido
GAM_HALF_order_0022	Recupera e lancia
GAM_HALF_order_0023	Pressing alto
GAM_HALF_order_0024	Usa le fasce
GAM_HALF_order_0025	Usa il centro
GAM_HALF_order_0026	Guida la difesa
GAM_HALF_order_0027	Palla in avanti
GAM_HALF_order_0028	Sfrutta chance
GAM_HALF_order_0029	Concentrati
GAM_HALF_order_0030	Affina le intese
GAM_HALF_order_0031	Contropiede rapido
GAM_HALF_order_0032	Sovrapponi
GAM_HALF_order_0033	Muoviti fluido
GAM_HALF_order_0034	Usa lo spazio
GAM_HALF_order_0035	Passaggi corti
GAM_HALF_order_0036	Mostra l'allenamento
GAM_HALF_order_0037	Difendi la porta
GAM_HALF_order_0038	Inserisciti
GAM_HALF_order_0039	Non mollare
GAM_HALF_order_0040	Disorientali
GAM_HALF_order_0041	Mostra la tecnica
GAM_HALF_order_0042	Muovi palla e uomini
GAM_HALF_order_0043	Domina da squadra
GAM_OPENING_status_0004	$%dM + $%d00
GAM_OPENING_status_0008	%d tifosi
GAM_OPENING_status_0011	---
GAM_OROGINAL_stadium_0027	Estadio Salvador
GAM_OROGINAL_stadium_0041	Johannesburg Stadium
GAM_OROGINAL_stadium_0042	Durban Stadium
GAM_OROGINAL_stadium_0043	Cape Town Stadium
GAM_OROGINAL_stadium_0044	Pretoria Stadium
GAM_OROGINAL_stadium_0045	Port Elizabeth Stadium
GAM_OROGINAL_stadium_0046	Busan Stadium
GAM_OROGINAL_stadium_0047	Seoul Football Stadium
GAM_OROGINAL_stadium_0048	Daegu Stadium
GAM_OROGINAL_stadium_0049	Incheon Seaside Park
GAM_OROGINAL_stadium_0050	Suwon Star Stadium
GAM_OROGINAL_stadium_0051	Beijing Memorial Park
GAM_OROGINAL_stadium_0052	Shanghai Marine Park
GAM_OROGINAL_stadium_0053	Dalian Big Wave
GAM_OROGINAL_stadium_0054	Taipei Football Stadium
GAM_OROGINAL_stadium_0055	Chengdu Stadium
GAM_OROGINAL_stadium_0057	Aomori Apple Swan
GAM_OROGINAL_stadium_0058	Fjord Stadium
GAM_OROGINAL_stadium_0059	Crescent Moon Stadium
GAM_OROGINAL_stadium_0060	Bamboo Candle Park
GAM_OROGINAL_stadium_0062	Hibiscus Stadium
GAM_OROGINAL_stadium_0064	Tochigi Masurao Stadium
GAM_OROGINAL_stadium_0067	Chiba Seaside Stadium
GAM_OROGINAL_stadium_0073	Mirage Dome
GAM_OROGINAL_stadium_0074	Kaga Hyakumangoku Stadium
GAM_OROGINAL_stadium_0075	Echizen Ono Memorial Park
GAM_OROGINAL_stadium_0078	Sekigahara Country Stadium
GAM_OROGINAL_stadium_0081	Nagoya Crown Stadium
GAM_OROGINAL_stadium_0082	Suzuka Firefly Stadium
GAM_OROGINAL_stadium_0083	Shiga Lake Park
GAM_OROGINAL_stadium_0086	Kobe Victory Ship
GAM_OROGINAL_stadium_0087	Yamatokoriyama Goldfish Park
GAM_OROGINAL_stadium_0088	Wakayama Plum Park
GAM_OROGINAL_stadium_0089	Tottori Camel Hump
GAM_OROGINAL_stadium_0090	Delaware Stadium
GAM_OROGINAL_stadium_0092	Hiroshima Big Wing
GAM_OROGINAL_stadium_0093	Shimonoseki Balloon Stadium
GAM_OROGINAL_stadium_0094	Tokushima Sports Park
GAM_OROGINAL_stadium_0095	Sanuki Big Mountain
GAM_OROGINAL_stadium_0096	Ehime Summer Eye Stadium
GAM_OROGINAL_stadium_0097	Katsurahama Dragon Horse Stadium
GAM_OROGINAL_stadium_0100	Nagasaki Poppen Dome
GAM_OROGINAL_stadium_0103	Miyazaki Hamayu Seed
GAM_OROGINAL_stadium_0104	Kagoshima Vulcan Stadium
GAM_OROGINAL_stadium_0105	Ryukyu Memorial Stadium
GAM_OROGINAL_stadium_0116	Estadio Lisboa
GAM_OROGINAL_stadium_0117	Estadio Coimbra
GAM_OROGINAL_stadium_0118	Estadio Leiria
GAM_OROGINAL_stadium_0119	Estadio Funchal
GAM_OROGINAL_stadium_0120	St. Petersburg Stadium
GAM_OROGINAL_stadium_0121	Kazan Stadium
GAM_OROGINAL_stadium_0122	Vladikavkaz Stadium
GAM_OROGINAL_stadium_0123	Volgograd Stadium
GAM_PK_title_0000	Rigori
GAM_PRIZE_states_0001	Premio gara
GAM_PRIZE_states_0002	$%d milioni
GAM_PRIZE_states_0005	$%d milioni
GAM_PRIZE_states_0008	$%d milioni
GAM_PRIZE_states_0012	Ricavi squadra
GAM_PRIZE_states_0013	$%d milioni
GAM_REAL_stadium_0000	San Siro
GAM_REAL_stadium_0001	Estadio Santiago Bernabeu
GAM_REAL_stadium_0002	Emirates Stadium
GAM_REAL_stadium_0004	Nissan Stadium
GAM_REAL_stadium_0005	La Bombonera
GAM_REAL_stadium_0006	Estadio do Dragao
GAM_REAL_stadium_0007	Luzhniki Stadium
GAM_RESULT_score_0000	%d-%d
GAM_RESULT_score_0002	%d-%d
GAM_RESULT_side_0000	CASA
GAM_RESULT_side_0001	OSPITI
GAM_RESULT_states_0000	Incontro CPU
GAM_RESULT_states_0001	%d RIG %d
GAM_RESULT_states_0002	DR
GAM_RESULT_states_0003	+
GAM_RESULT_states_0004	-
GAM_RESULT_states_0005	0 (RIG +%d)
GAM_RESULT_states_0006	0 (PK -%d)
GAM_RESULT_states_0008	Punti Card totali
GAM_RESULT_states_0009	%d pt
GAM_RESULT_states_0010	CASA/OSPITI
GAM_RESULT_states_0011	CASA
GAM_RESULT_states_0012	OSPITI
GAM_RESULT_states_0013	Ris.
GAM_RESULT_states_0016	IGNOTO
GAM_SALARY_states_0001	Incontri
GAM_SALARY_states_0002	$%dM
GAM_SALARY_states_0004	Titoli
GAM_SALARY_states_0005	$%dM
GAM_SALARY_states_0008	$%dM
GAM_WT_result_0001	N.%d
GAM_WT_result_0002	Bonus vitt.:
GAM_WT_result_0003	Bonus diff. reti:
GAM_WT_result_0004	Bonus rosa:
GAM_WT_result_0005	Voto:
GAM_WT_result_0006	Bonus titolo:
GAM_WT_result_0007	Voto totale:
GAM_WT_result_0008	3 ed. fa
GAM_WT_result_0009	2 ed. fa
GAM_WT_result_0010	Ultima
GAM_WT_result_0011	Ora
GAM_WT_result_0012	Totale punti WT
GAM_WT_result_0013	Ieri
GAM_WT_result_0014	Iscrizione a fine torneo
GAM_WT_result_0015	Iscritto alla classifica settimanale
GAM_WT_result_0016	---
GAM_WT_result_0017	Iscritto in classifica
GAM_WT_result_0018	Punti WT in classifica aggiornati
INF_057_contents_0000	Prec.
INF_057_contents_0001	Area:
INF_057_contents_0005	ULTIMI 16
INF_057_contents_0006	ULTIMI 8
INF_057_contents_0007	ULTIMI 4
INF_057_message_0000	Grazie per aver partecipato all'AREA CHAMPIONSHIP.\nBuona fortuna!
INF_057_title_0000	$p[16]$t[0:1]★★★$t$p  AREA CHAMPIONSHIP  $p[16]$t[0:1]★★★$t$p
INF_058_message_0000	Hai vinto l'$c[FF6347FF]AREA CHAMPIONSHIP$c!\nComplimenti.\n
INF_058_message_0001	Con questo risultato la tua fama cresce ogni giorno.\nContinuiamo a giocare da migliori dell'area.
INF_058_title_0000	$p[16]$t[0:1]★★★$t$p  AREA CHAMPION  $p[16]$t[0:1]★★★$t$p
INF_059_contents_0000	Prec.
INF_059_contents_0001	Nazionale:
INF_059_contents_0002	Fuori nel girone
INF_059_contents_0003	ULTIMI 16
INF_059_contents_0004	ULTIMI 8
INF_059_contents_0005	ULTIMI 4
INF_059_message_0000	Grazie per aver partecipato al JAPAN WINNER'S CHAMPIONSHIP.\nBuona fortuna per la prossima.
INF_059_title_0000	$p[16]$t[0:1]★★★$t$p  JAPAN WINNER'S CHAMPIONSHIP  $p[16]$t[0:1]★★★$t$p
INF_060_message_0000	Sei il $c[FF6347FF]campione del JAPAN WINNER'S CHAMPIONSHIP$c!\nComplimenti!\n
INF_060_message_0001	La tua fama si sta diffondendo nel mondo.\nContinua a lottare da numero 1 del Giappone.
INF_060_title_0000	$p[16]$t[0:1]★★★$t$p  JAPAN CHAMPION  $p[16]$t[0:1]★★★$t$p
INF_061_message_0000	Hai ottenuto l'$c[FF6347FF]accesso$c all'AREA CHAMPIONSHIP! Complimenti!!
INF_061_message_0001	Per iscriverti all'AREA CHAMPIONSHIP,\nscegli $c[FF6347FF]"Data Match"$c in Iscrizioni / Richieste.
INF_061_message_0002	L'iscrizione al prossimo AREA CHAMPIONSHIP e' chiusa.\n$c[FF6347FF]Riapre dalla prossima settimana$c.
INF_061_message_0003	Hai ottenuto l'$c[FF6347FF]accesso$c all'ASIA CHAMPIONSHIP! Complimenti!!
INF_061_message_0004	Per iscriverti all'ASIA CHAMPIONSHIP,\nscegli $c[FF6347FF]"Data Match"$c in Iscrizioni / Richieste.
INF_061_message_0005	L'iscrizione al prossimo ASIA CHAMPIONSHIP e' chiusa.\n$c[FF6347FF]Riapre dalla prossima settimana$c.
INF_061_title_0000	$p[16]$t[0:1]★★★$t$p  Accesso ottenuto  $p[16]$t[0:1]★★★$t$p
INF_062_message_0000	I giocatori si fidano di te ora,\ne chiedono un allenamento diverso.
INF_062_message_0001	Per il nuovo allenamento,\nscegli $c[FF6347FF]"Speciale All."$c in Training squadra.
INF_062_title_0000	$p[16]$t[0:1]★★★$t$p  SPECIALE ALL.  $p[16]$t[0:1]★★★$t$p
INF_063_message_0000	Le finanze ci permettono di ingaggiare giocatori.\nUsa $c[FF6347FF]"Scambi"$c per fare $c[FF6347FF]2 scambi$c al massimo.
INF_063_message_0001	Giocatori con esperienza in altre squadre\npotrebbero $c[FF6347FF]rendere ancora di piu'$c da noi.
INF_063_title_0000	$p[16]$t[0:1]★★★$t$p  Mercato Aperto  $p[16]$t[0:1]★★★$t$p
INF_064_message_0000	L'AREA CHAMPIONSHIP ha avuto troppe iscrizioni,\nquindi non abbiamo $c[FF6347FF]ottenuto un posto$c.
INF_064_message_0001	L'ASIA CHAMPIONSHIP ha avuto troppe iscrizioni,\nquindi non abbiamo $c[FF6347FF]ottenuto un posto$c.
INF_064_title_0000	$p[16]$t[0:1]★★★$t$p   AREA CHAMPIONSHIP Risultato  $p[16]$t[0:1]★★★$t$p
INF_064_title_0001	$p[16]$t[0:1]★★★$t$p   ASIA CHAMPIONSHIP Risultato  $p[16]$t[0:1]★★★$t$p
INF_067_message_0000	Per i $c[FF6347FF]meriti$c della tua squadra,\nsei $c[FF6347FF]invitato a partecipare$c all'AREA CHAMPIONSHIP.
INF_067_message_0001	Per iscriverti all'AREA CHAMPIONSHIP,\nscegli $c[FF6347FF]"Data Match"$c in Iscrizioni / Richieste.
INF_067_message_0002	Per i $c[FF6347FF]meriti$c della tua squadra,\nsei $c[FF6347FF]invitato a partecipare$c all'ASIA CHAMPIONSHIP.
INF_067_message_0003	Per iscriverti all'ASIA CHAMPIONSHIP,\nscegli $c[FF6347FF]"Data Match"$c in Iscrizioni / Richieste.
INF_067_title_0000	$p[16]$t[0:1]★★★$t$p  INVITO AL TORNEO  $p[16]$t[0:1]★★★$t$p
INF_068_message_0000	Un giocatore in prestito altrove\ne' tornato nella nostra squadra.
INF_068_message_0001	Il prestito lo ha $c[FF6347FF]fatto crescere moltissimo$c.\nCi aspettiamo grandi cose da lui.
INF_068_message_0002	Il prestito sembra $c[FF6347FF]averlo aiutato a crescere$c.\nCi aspettiamo grandi cose da lui.
INF_068_message_0003	Il prestito $c[00BFFFFF]non gli ha insegnato molto$c.\nCi aspettiamo grandi cose da lui.
INF_068_title_0000	$p[16]$t[0:1]★★★$t$p  FINE PRESTITO  $p[16]$t[0:1]★★★$t$p
INF_070_contents_0000	Prec.
INF_070_contents_0001	Mondiale:
INF_070_contents_0002	Fuori al 1o turno
INF_070_contents_0003	ULTIMI 8
INF_070_contents_0004	ULTIMI 4
INF_070_message_0000	Grazie per aver partecipato al WORLD WINNER'S CHAMPIONSHIP.\nBuona fortuna!
INF_070_title_0000	$p[16]$t[0:1]★★★$t$p  WORLD WINNER'S CHAMPIONSHIP  $p[16]$t[0:1]★★★$t$p
INF_071_message_0000	Sei il $c[FF6347FF]campione del WORLD WINNER'S CHAMPIONSHIP$c.\nComplimenti per il titolo.
INF_071_message_0001	Ora sei considerato il miglior allenatore del mondo.\nContinuiamo a giocare da numero 1 al mondo.
INF_071_title_0000	$p[16]$t[0:1]★★★$t$p  WORLD CHAMPION  $p[16]$t[0:1]★★★$t$p
INF_072_contents_0000	Prec.
INF_072_contents_0001	Asia:
INF_072_contents_0002	Fuori T1
INF_072_contents_0003	ULTIMI 8
INF_072_contents_0004	ULTIMI 4
INF_072_message_0000	Grazie per aver partecipato all'ASIA CHAMPIONSHIP.\nTi aspettiamo alla prossima.
INF_072_title_0000	$p[16]$t[0:1]★★★$t$p  ASIA CHAMPIONSHIP  $p[16]$t[0:1]★★★$t$p
INF_073_message_0000	Sei il $c[FF6347FF]campione dell'ASIA CHAMPIONSHIP$c.\nComplimenti.
INF_073_message_0001	La tua fama si sta diffondendo nel mondo.\nContinua a lottare da numero 1 dell'Asia.
INF_073_title_0000	$p[16]$t[0:1]★★★$t$p  ASIA CHAMPION  $p[16]$t[0:1]★★★$t$p
INF_074_message_0000	$c[FF6347FF]%s$c e' nella Top 11 della settimana.\nAnche questa settimana e' in gran forma.
INF_074_title_0000	$p[16]$t[0:1]★★★$t$p  TOP 11 SALA  $p[16]$t[0:1]★★★$t$p
INF_075_message_0000	$c[FF6347FF]%s$c e' l'MVP della settimana.\nCon un MVP in squadra, il morale e' alle stelle.
INF_075_title_0000	$p[16]$t[0:1]★★★$t$p  MVP SALA  $p[16]$t[0:1]★★★$t$p
INF_76_contents_0001	COMPLIMENTI!
INF_76_message_0000	L'Incontro Sfida ha rafforzato la squadra.\nAlcuni giocatori $c[FF6347FF]sono cresciuti molto$c.
INF_76_message_0001	%s.\nLa voglia di sfidare ha risvegliato il suo $c[FF6347FF]talento raro$c.
INF_76_message_0002	%s.\nLa voglia di sfidare ha risvegliato il suo $c[FF6347FF]vero stile$c.
INF_76_message_0003	%s e %s.\nLa voglia di sfidare ha creato un $c[FF6347FF]legame d'oro$c.
INF_76_title_0000	$p[16]$t[0:1]★★★$t$p  Forza Squadra+  $p[16]$t[0:1]★★★$t$p
INF_76_title_0001	$p[16]$t[0:1]★★★$t$p  Abilita' +  $p[16]$t[0:1]★★★$t$p
INF_76_title_0002	$p[16]$t[0:1]★★★$t$p  Stile +  $p[16]$t[0:1]★★★$t$p
INF_76_title_0003	$p[16]$t[0:1]★★★$t$p  Intesa +  $p[16]$t[0:1]★★★$t$p
INF_ABILITY_message_0000	Ultimamente $c[FF6347FF]%s$c\nmostra movimenti superbi.
INF_ABILITY_message_0001	Se trova la scintilla giusta,\npotrebbe giocare in modo irriconoscibile.
INF_ABSENCE_message_0000	Ultimamente $c[FF6347FF]%s$c si e' lamentato molto.\nOra la pazienza e' finita.
INF_ABSENCE_message_0001	I giocatori che si lamentavano da tempo\nhanno perso la pazienza.
INF_ABSENCE_message_0002	Non si vede neppure alla sede del club,\ne probabilmente salta il Training squadra.
INF_BIRTHDAY_message_0002	Oggi e' il compleanno di $c[FF6347FF]%s$c.
INF_BIRTHDAY_message_0003	Vuole fare una grande partita\nnel suo giorno speciale.
INF_BIRTHDAY_message_0004	Oggi e' il compleanno di un giocatore.
INF_BIRTHDAY_message_0005	Il festeggiato vuole fare\nuna grande partita nel suo giorno.
INF_BONUS_message_0001	Il bonus ha motivato i giocatori.\nSperiamo di darne presto un altro.
INF_CAMP_message_0000	Per fermare la serie di sconfitte,\nlo staff propone un mini-ritiro.
INF_CAMP_message_0001	Per fare il mini-ritiro,\nscegli $c[FF6347FF]Speciale$c in Training squadra.
INF_CAPTAIN_message_0000	Complimenti, nuovo Allenatore.
INF_CAPTAIN_message_0001	Inizia una nuova sfida.\nCostruiamo $c[FF6347FF]la squadra piu' forte$c insieme ai giocatori.
INF_CAPTAIN_message_0002	Il capitano $c[FF6347FF]%s$c e' venuto a salutarti.
INF_CLUBHOUSEF_message_0000	I lavori sono finiti: $c[FF6347FF]nuovo Club House$c.\nVederlo ha motivato ancora di piu' i giocatori.
INF_CLUBHOUSEF_message_0001	Lavori al Club House finiti: nuovo $c[FF6347FF]campo$c.\nOra la comunicazione coi giocatori sara' piu' fluida.
INF_CLUBHOUSEF_message_0002	Lavori al Club House finiti: nuovo $c[FF6347FF]Ufficio Allenatore$c.\nOra la comunicazione coi giocatori sara' piu' fluida.
INF_CLUBHOUSEF_message_0003	Lavori al Club House finiti: nuova $c[FF6347FF]Sala Riunioni$c.\nOra la comunicazione coi giocatori sara' piu' fluida.
INF_CLUBHOUSEF_message_0004	Lavori al Club House finiti: nuovo $c[FF6347FF]Lounge$c.\nOra la comunicazione coi giocatori sara' piu' fluida.
INF_CLUBHOUSEF_message_0005	Lavori al Club House finiti: nuova $c[FF6347FF]Sala Medica$c.\nOra la comunicazione coi giocatori sara' piu' fluida.
INF_CLUBHOUSER_contents_0001	Ufficio Allenatore
INF_CLUBHOUSER_contents_0002	Sala Riunioni
INF_CLUBHOUSER_contents_0003	Lounge
INF_CLUBHOUSER_contents_0004	Sala Medica
INF_CLUBHOUSER_message_0000	I fondi permettono di rinnovare le strutture.\nRifaremo anche $c[FF6347FF]il Club House$c, ormai troppo stretto.
INF_CLUBHOUSER_message_0001	Seleziona la struttura da rinnovare.
INF_CLUBHOUSER_message_0002	Un campo rinnovato\npotrebbe motivare i giocatori.
INF_CLUBHOUSER_message_0003	Un Ufficio Allenatore rinnovato potrebbe\nfarti ascoltare di piu' dai giocatori.
INF_CLUBHOUSER_message_0004	Una Sala Riunioni rinnovata\npotrebbe far apprezzare i tuoi giudizi.
INF_CLUBHOUSER_message_0005	Un Lounge rinnovato\npotrebbe far socializzare i giocatori.
INF_CLUBHOUSER_message_0006	Una Sala Medica rinnovata\npotrebbe accelerare il recupero fisico.
INF_CLUBHOUSER_message_0007	Dopo questo incontro faremo\nil rinnovo e la ricostruzione del Club House.
INF_CLUBHOUSER_message_0008	Dopo l'incontro: rinnovo $c[FF6347FF]%s$c\ne $c[FF6347FF]ricostruzione Club House$c.
INF_CLUBHOUSER_message_0009	Rinnovare il campo e il Club House\npotrebbe motivare i giocatori.
INF_CLUBHOUSER_message_0010	Rinnovare l'ufficio e il Club House\npotrebbe far ascoltare i tuoi ordini.
INF_CLUBHOUSER_message_0011	Rinnovare Sala Riunioni e Club House\npotrebbe far apprezzare i tuoi giudizi.
INF_CLUBHOUSER_message_0012	Rinnovare il Lounge e il Club House\npotrebbe far legare i giocatori.
INF_CLUBHOUSER_message_0013	Rinnovare la Sala Medica e il Club House\npotrebbe velocizzare il recupero fisico.
INF_CLUBHOUSER_message_0014	I fondi permettono di rinnovare le strutture.\nRinnoviamo per migliorare la $c[FF6347FF]comunicazione$c con i giocatori.
INF_CLUBHOUSER_message_0016	Dopo l'incontro: rinnovo $c[FF6347FF]%s$c.
INF_CLUBHOUSER_message_0017	Un campo rinnovato\nmotivera' sicuramente i giocatori.
INF_CLUBHOUSER_message_0018	Un ufficio rinnovato\nti fara' ascoltare dai giocatori.
INF_CLUBHOUSER_message_0019	Una Sala Riunioni rinnovata\nfara' apprezzare i tuoi giudizi.
INF_CLUBHOUSER_message_0020	Un Lounge rinnovato\nunira' di piu' i giocatori.
INF_CLUBHOUSER_message_0021	Una Sala Medica rinnovata\nvelocizzera' il recupero di resistenza e infortuni.
INF_COACHTRAINING_contents_0000	Eserc.:
INF_COACHTRAINING_contents_0001	Eff. 1:
INF_COACHTRAINING_contents_0002	Eff. 2:
INF_COACHTRAINING_contents_0003	Per aggiungere il nuovo esercizio,\ndevi toglierne uno dal menu Training.\nScegli l'esercizio da togliere.
INF_COACHTRAINING_contents_0007	Vuoi $c[FF6347FF]togliere$c "%s"?
INF_COACHTRAINING_message_0000	Col successo dell'ultima squadra hai nuovi esercizi.\nInfluiscono sulla crescita: scegli con cura.
INF_COACHTRAINING_message_0001	Il menu Training verra' modificato.\n
INF_COACHTRAINING_message_0003	Gli esercizi per questa squadra sono pronti.\nSfrutta l'esperienza per creare una big!
INF_COACH_country_0008	Nord America
INF_COACH_country_0009	Africa
INF_COACH_country_0010	Asia
INF_COACH_message_0000	Con la squadra in forma,\n$c[FF6347FF]un coach di punta da %s$c verra' a trovarci.
INF_COACH_message_0001	Per allenarti con questo coach,\n$c[FF6347FF]scegli il menu Speciale$c in Training squadra.
INF_CONTRACT_contents_0000	Incontri rim.: %d
INF_CONTRACT_contents_0001	Contratto +%d incontri
INF_CONTRACT_message_0001	Contratto prolungato di $c[FF6347FF]%d incontri$c.
INF_COOPERATION_message_0000	$c[FF6347FF]%s$c e $c[FF6347FF]%s$c\nultimamente si intendono alla grande.
INF_COOPERATION_message_0001	Se trovano la scintilla giusta,\npotremmo vedere intese ancora migliori.
INF_CRISIS_contents_0000	Tuo stipendio:
INF_CRISIS_contents_0001	$%d milioni
INF_CRISIS_contents_0003	%d per cento GIU'↓
INF_CRISIS_message_0000	URGENTE! A causa degli stipendi alti,\nla tua squadra e' $c[FF6347FF]in rosso$c!
INF_DEFENDING_contents_0000	%s CHAMPIONSHIP
INF_DEFENDING_contents_0001	Difese:
INF_DEFENDING_contents_0003	Bonus vitt.:
INF_DEFENDING_contents_0004	$%d milioni
INF_DEFENDING_contents_0006	Totale premi:
INF_DEFENDING_contents_0007	$%d milioni
INF_DEFENDING_message_0000	Per il %s CHAMPIONSHIP\nsiamo i $c[FF6347FF]campioni in carica$c.
INF_DEFENDING_message_0001	In base alle difese del titolo accumulate,\nlo sponsor paga un $c[FF6347FF]bonus vittoria$c.
INF_DISSATISFACTION_contents_0000	poche vittorie
INF_DISSATISFACTION_contents_0001	il suo voto
INF_DISSATISFACTION_contents_0002	poco spazio
INF_DISSATISFACTION_contents_0003	la cura fisica
INF_DISSATISFACTION_contents_0004	la fascia
INF_DISSATISFACTION_contents_0005	scelta battitori
INF_DISSATISFACTION_contents_0006	il ruolo
INF_DISSATISFACTION_contents_0007	i risultati
INF_DISSATISFACTION_contents_0008	il tuo silenzio
INF_DISSATISFACTION_contents_0009	Allenam. duri
INF_DISSATISFACTION_contents_0010	scelta G. Chiave
INF_DISSATISFACTION_contents_0011	il numero
INF_DISSATISFACTION_message_0000	Ultimamente $c[FF6347FF]%s$c sembra\nirritato, forse per $c[FF6347FF]%s$c.
INF_DISSATISFACTION_message_0001	Prima che si accumuli ancora,\nsarebbe meglio parlargli.
INF_ENTRY_division_0000	Divisione Premier
INF_ENTRY_division_0001	1a Divisione
INF_ENTRY_division_0002	2a Divisione
INF_ENTRY_division_0003	3a Divisione
INF_ENTRY_division_0004	4a Divisione
INF_ENTRY_message_0000	Da campioni di %s,\nci qualifichiamo per $c[FF6347FF]%s$c.
INF_ENTRY_message_0001	Vinto %s: partecipiamo a $c[FF6347FF]%s\ne %s$c.
INF_ENTRY_message_0002	Il piazzamento in Regular League %s (%s)\nci qualifica per $c[FF6347FF]%s$c.
INF_ENTRY_message_0003	Premi oltre $10,000,000. Ottimo lavoro.\nCi qualifichiamo per l'$c[FF6347FF]International Club Championship$c.
INF_ENTRY_message_0004	Complimenti per la vittoria in %s!\nIl posto al $c[FF6347FF]World Trophy$c e' nostro!
INF_ENTRY_message_0005	Promossi in Divisione Premier di Regular League,\nci qualifichiamo per la $c[FF6347FF]Continental Cup$c.
INF_ENTRY_message_0006	Promossi in 1a Divisione di Regular League,\nci qualifichiamo per la $c[FF6347FF]Nations Cup$c.
INF_ENTRY_message_0007	Vinta la Nations Cup,\nci qualifichiamo per la $c[FF6347FF]Oceans Cup$c.
INF_ENTRY_result_0002	1o
INF_ENTRY_result_0003	2o
INF_ENTRY_result_0004	3o
INF_ENTRY_result_0005	4o
INF_ENTRY_result_0006	5o
INF_ENTRY_result_0007	6o
INF_ENTRY_title_0004	W4 Title Holders Cup
INF_ENTRY_title_0010	World Trophy
INF_ENTRY_title_0024	Regular League Divisione Premier
INF_ENTRY_title_0025	Regular League 1a Divisione
INF_ENTRY_title_0026	Regular League 2a Divisione
INF_ENTRY_title_0027	Regular League 3a Divisione
INF_ENTRY_title_0028	Regular League 4a Divisione
INF_FANEVENT_contents_0001	$%d milioni
INF_FANEVENT_contents_0003	%s SU↑
INF_FANEVENT_fan_0000	Affluenza evento:
INF_FANEVENT_fan_0001	tifosi
INF_FANEVENT_fan_0002	%d0K
INF_FANEVENT_fan_0003	%d00M
INF_FANEVENT_message_0000	Con la squadra in ascesa,\nsi terra' un $c[FF6347FF]evento per i tifosi$c.
INF_FANEVENT_message_0001	Ripaghiamo i tanti tifosi accorsi\ne puntiamo in alto!!
INF_FANEVENT_money_0000	Incassi:
INF_FANEVENT_money_0001	$%d,000,000
INF_FANEVENT_title_0000	Tifosi Locali
INF_FANEVENT_title_0001	Tour Nazionale
INF_FANEVENT_title_0002	Tour Mondiale
INF_FRE_message_0002	$c[FF6347FF]%s$c ci ha regalato: "$c[FF6347FF]Bonus vittoria$c".\nPotrebbe aiutare i conti.
INF_FRE_message_0003	$c[FF6347FF]%s$c ci ha regalato: "$c[FF6347FF]Home Theater$c".\nPiace ai giocatori.
INF_FRE_message_0004	$c[FF6347FF]%s$c ci ha regalato: "$c[FF6347FF]Simulatore di calcio$c".\nLa loro tattica migliorera'.
INF_FRE_message_0005	$c[FF6347FF]%s$c ci ha regalato: "$c[FF6347FF]Cellulare ultimo modello$c".\nLi unira' ancora di piu'.
INF_FRE_message_0006	$c[FF6347FF]%s$c ci ha regalato: "$c[FF6347FF]Cellulare ultimo modello$c".\nLi unira' ancora di piu'.
INF_FRE_message_0007	$c[FF6347FF]%s$c ci ha regalato: "$c[FF6347FF]Auto di lusso$c".\nIl giocatore e' felice.
INF_FRE_message_0008	$c[FF6347FF]%s$c ci ha regalato: "$c[FF6347FF]Auto di lusso$c".\nIl giocatore e' felice.
INF_FRE_message_0009	$c[FF6347FF]%s$c ci ha regalato: "$c[FF6347FF]Camera a ossigeno$c".\nI giocatori recupereranno molto prima.
INF_FRE_message_0010	$c[FF6347FF]%s$c ci ha regalato: "$c[FF6347FF]Cellulare ultimo modello$c".\nLi unira' ancora di piu'.
INF_FRE_message_0011	$c[FF6347FF]%s$c ci ha regalato: "$c[FF6347FF]Maxi bonus vittoria$c".\nUn bel aiuto per le finanze.
INF_FRE_message_0012	$c[FF6347FF]%s$c ci propone: "$c[FF6347FF]Spot TV$c".\nLa visibilita' del club salira'.
INF_FRE_message_0013	$c[FF6347FF]%s$c ci ha regalato: "$c[FF6347FF]Camera a ossigeno$c".\nI giocatori recupereranno molto prima.
INF_FRE_message_0014	$c[FF6347FF]%s$c ci propone: "$c[FF6347FF]Campagna pubblicitaria$c".\nCresceranno molto in professionalita'.
INF_FRE_message_0015	$c[FF6347FF]%s$c ci propone: "$c[FF6347FF]Cameo in un gioco di calcio$c".\nCresceranno molto in professionalita'.
INF_FRE_message_0016	$c[FF6347FF]%s$c ci ha regalato: "$c[FF6347FF]TV al plasma$c".\nI giocatori sembrano contenti.
INF_FRE_message_0017	$c[FF6347FF]%s$c ci ha regalato: "$c[FF6347FF]TV al plasma$c".\nI giocatori sembrano contenti.
INF_FRE_message_0018	$c[FF6347FF]%s$c ci ha regalato: "$c[FF6347FF]Ultimo gioco di calcio$c".\nSvago e allenamento mentale insieme.
INF_FRE_message_0019	$c[FF6347FF]%s$c ci ha regalato: "$c[FF6347FF]Ultimo gioco di calcio$c".\nSvago e allenamento mentale insieme.
INF_FRE_message_0020	$c[FF6347FF]%s$c ci ha regalato: "$c[FF6347FF]Proteine$c".\nI giocatori sono pieni di energia.
INF_FRE_message_0021	$c[FF6347FF]%s$c ci ha regalato: "$c[FF6347FF]Proteine$c".\nI giocatori sono pieni di energia.
INF_FRE_message_0022	$c[FF6347FF]%s$c ci ha regalato: "$c[FF6347FF]Integratori$c".\nIdeali per le condizioni.
INF_FRE_message_0023	$c[FF6347FF]%s$c ci ha regalato: "$c[FF6347FF]Integratori$c".\nIdeali per le condizioni.
INF_FRE_message_0024	$c[FF6347FF]%s$c ci ha regalato: "$c[FF6347FF]Auto sportiva$c".\nIl giocatore ringrazia.
INF_FRE_message_0025	$c[FF6347FF]%s$c ci ha regalato: "$c[FF6347FF]Auto sportiva$c".\nIl giocatore ringrazia.
INF_FRE_message_0026	$c[FF6347FF]%s$c ci ha regalato: "$c[FF6347FF]Giro del mondo$c".\nUn viaggio li rigenerera' per allenarsi.
INF_FRE_message_0027	$c[FF6347FF]%s$c ci ha regalato: "$c[FF6347FF]Giro del mondo$c".\nUn viaggio li rigenerera' per allenarsi.
INF_FRE_message_0028	$c[FF6347FF]%s$c ci ha regalato: "$c[FF6347FF]Attrezzi riabilitazione$c".\nUtili per le cure.
INF_FRE_message_0029	$c[FF6347FF]%s$c ci ha regalato: "$c[FF6347FF]Attrezzi riabilitazione$c".\nUtili per le cure.
INF_FRE_message_0030	$c[FF6347FF]%s$c ci ha regalato: "$c[FF6347FF]Bonus vittoria$c".\nAiutera' i conti del club.
INF_FRE_message_0031	$c[FF6347FF]%s$c ci ha regalato: "$c[FF6347FF]Bonus vittoria$c".\nAiutera' i conti del club.
INF_FRE_message_0032	$c[FF6347FF]%s$c ci propone: "$c[FF6347FF]Programma TV speciale$c".\nIl club diventera' piu' popolare.
INF_FRE_message_0033	$c[FF6347FF]%s$c ci propone: "$c[FF6347FF]Programma TV speciale$c".\nIl club diventera' piu' popolare.
INF_FRE_message_0034	$c[FF6347FF]%s$c ci ha regalato: "$c[FF6347FF]Cellulari$c".\nAiuteranno la comunicazione.
INF_FRE_message_0035	$c[FF6347FF]%s$c ci ha regalato: "$c[FF6347FF]Cellulari$c".\nAiuteranno la comunicazione.
INF_FRE_message_0036	$c[FF6347FF]%s$c ci ha regalato: "$c[FF6347FF]Impianto AV$c".\nPiaceranno ai giocatori.
INF_FRE_message_0037	$c[FF6347FF]%s$c ci ha regalato: "$c[FF6347FF]Impianto AV$c".\nPiaceranno ai giocatori.
INF_FRE_message_0038	$c[FF6347FF]%s$c ci ha regalato: "$c[FF6347FF]Gioco di calcio famoso$c".\nUtile per simulare gli incontri.
INF_FRE_message_0039	$c[FF6347FF]%s$c ci ha regalato: "$c[FF6347FF]Gioco di calcio famoso$c".\nUtile per simulare gli incontri.
INF_FRE_message_0040	$c[FF6347FF]%s$c ci ha regalato: "$c[FF6347FF]Bevande energetiche$c".\nEnergia dopo incontri e allenamenti.
INF_FRE_message_0041	$c[FF6347FF]%s$c ci ha regalato: "$c[FF6347FF]Bevande energetiche$c".\nEnergia dopo incontri e allenamenti.
INF_FRE_message_0042	$c[FF6347FF]%s$c ci ha regalato: "$c[FF6347FF]Cibo salutare$c".\nLa dieta aiutera' le condizioni.
INF_FRE_message_0043	$c[FF6347FF]%s$c ci ha regalato: "$c[FF6347FF]Cibo salutare$c".\nLa dieta aiutera' le condizioni.
INF_FRE_message_0044	$c[FF6347FF]%s$c ci ha regalato: "$c[FF6347FF]Auto$c".\nDovrebbe piacere ai giocatori.
INF_FRE_message_0045	$c[FF6347FF]%s$c ci ha regalato: "$c[FF6347FF]Auto$c".\nDovrebbe piacere ai giocatori.
INF_FRE_message_0046	$c[FF6347FF]%s$c ci ha regalato: "$c[FF6347FF]Viaggio all'estero$c".\nUn viaggio dovrebbe rigenerarli.
INF_FRE_message_0047	$c[FF6347FF]%s$c ci ha regalato: "$c[FF6347FF]Viaggio all'estero$c".\nUn viaggio dovrebbe rigenerarli.
INF_FRE_message_0048	$c[FF6347FF]%s$c ci ha regalato: "$c[FF6347FF]Kit bendaggi$c".\nUtile per le cure.
INF_FRE_message_0049	$c[FF6347FF]%s$c ci ha regalato: "$c[FF6347FF]Kit bendaggi$c".\nUtile per le cure.
INF_FRE_message_0050	$c[FF6347FF]%s$c ci ha regalato: "$c[FF6347FF]Bonus vittoria$c".\nDovrebbe aiutare i conti.
INF_FRE_message_0051	$c[FF6347FF]%s$c ci ha regalato: "$c[FF6347FF]Bonus vittoria$c".\nDovrebbe aiutare i conti.
INF_FRE_message_0052	$c[FF6347FF]%s$c ci propone: "$c[FF6347FF]Programma sportivo TV$c".\nPiu' tifosi per il club.
INF_FRE_message_0053	$c[FF6347FF]%s$c ci propone: "$c[FF6347FF]Programma sportivo TV$c".\nPiu' tifosi per il club.
INF_FRE_message_0054	$c[FF6347FF]%s$c ci ha regalato: "$c[FF6347FF]FAX$c".\nAiutera' la comunicazione.
INF_FRE_message_0055	$c[FF6347FF]%s$c ci ha regalato: "$c[FF6347FF]FAX$c".\nAiutera' la comunicazione.
INF_FRE_message_0056	$c[FF6347FF]%s$c ci ha regalato: "$c[FF6347FF]Elettrodomestici$c".\nSperiamo che piaccia.
INF_FRE_message_0057	$c[FF6347FF]%s$c ci ha regalato: "$c[FF6347FF]Elettrodomestici$c".\nSperiamo che piaccia.
INF_FRE_message_0058	$c[FF6347FF]%s$c ci ha regalato: "$c[FF6347FF]Gioco di calcio$c".\nSperiamo aiuti a simulare gli incontri.
INF_FRE_message_0059	$c[FF6347FF]%s$c ci ha regalato: "$c[FF6347FF]Gioco di calcio$c".\nSperiamo aiuti a simulare gli incontri.
INF_FRE_message_0060	$c[FF6347FF]%s$c ci ha regalato: "$c[FF6347FF]Bevande sportive$c".\nSperiamo li rinfreschi dopo gli incontri.
INF_FRE_message_0061	$c[FF6347FF]%s$c ci ha regalato: "$c[FF6347FF]Bevande sportive$c".\nSperiamo li rinfreschi dopo gli incontri.
INF_FRE_message_0062	$c[FF6347FF]%s$c ci ha regalato: "$c[FF6347FF]Buoni pasto$c".\nSperiamo che mangiare bene dia energia.
INF_FRE_message_0063	$c[FF6347FF]%s$c ci ha regalato: "$c[FF6347FF]Buoni pasto$c".\nSperiamo che mangiare bene dia energia.
INF_FRE_message_0064	$c[FF6347FF]%s$c ci ha regalato: "$c[FF6347FF]Utilitaria$c".\nSperiamo piaccia ai giocatori.
INF_FRE_message_0065	$c[FF6347FF]%s$c ci ha regalato: "$c[FF6347FF]Utilitaria$c".\nSperiamo piaccia ai giocatori.
INF_FRE_message_0066	$c[FF6347FF]%s$c ci ha regalato: "$c[FF6347FF]Viaggio nazionale$c".\nSperiamo il viaggio li aiuti ad allenarsi.
INF_FRE_message_0067	$c[FF6347FF]%s$c ci ha regalato: "$c[FF6347FF]Viaggio nazionale$c".\nSperiamo il viaggio li aiuti ad allenarsi.
INF_FRE_message_0068	$c[FF6347FF]%s$c ci ha regalato: "$c[FF6347FF]Cassetta pronto soccorso$c".\nSperiamo serva a curare i giocatori.
INF_FRE_message_0069	$c[FF6347FF]%s$c ci ha regalato: "$c[FF6347FF]Cassetta pronto soccorso$c".\nSperiamo serva a curare i giocatori.
INF_FRE_message_0070	$c[FF6347FF]%s$c ci ha regalato: "$c[FF6347FF]Bonus vittoria$c".\nSperiamo aiuti i conti del club.
INF_FRE_message_0071	$c[FF6347FF]%s$c ci ha regalato: "$c[FF6347FF]Bonus vittoria$c".\nSperiamo aiuti i conti del club.
INF_FRE_message_0072	$c[FF6347FF]%s$c ci propone: "$c[FF6347FF]Programma TV locale$c".\nSperiamo in piu' tifosi.
INF_FRE_message_0073	$c[FF6347FF]%s$c ci propone: "$c[FF6347FF]Programma TV locale$c".\nSperiamo in piu' tifosi.
INF_FRE_message_0074	$c[FF6347FF]%s$c ci ha regalato: "$c[FF6347FF]Telefoni PHS$c".\nSperiamo aiuti la comunicazione.
INF_FRE_message_0075	$c[FF6347FF]%s$c ci ha regalato: "$c[FF6347FF]Telefoni PHS$c".\nSperiamo aiuti la comunicazione.
INF_FRE_message_0076	Dummy
INF_FRE_message_0077	Dummy
INF_FRE_message_0078	Dummy
INF_FRE_message_0079	Dummy
INF_FRE_message_0080	Dummy
INF_FRE_message_0081	Dummy
INF_FRE_message_0082	Dummy
INF_FRE_message_0083	Dummy
INF_FRE_message_0084	Dummy
INF_FRE_message_0085	Dummy
INF_FRE_message_0086	Dummy
INF_FRE_message_0087	Dummy
INF_FRE_message_0088	Dummy
INF_FRE_message_0089	Dummy
INF_FRE_message_0090	Dummy
INF_FRE_message_0091	Dummy
INF_FRE_message_0092	Dummy
INF_FRE_message_0093	Dummy
INF_FRE_message_0094	Dummy
INF_FRE_message_0095	Dummy
INF_FRE_message_0096	Dummy
INF_FRE_message_0097	Dummy
INF_FRE_message_0098	Dummy
INF_FRE_message_0099	Dummy
INF_FRE_message_0100	$c[FF6347FF]%s$c ci ha regalato: "$c[FF6347FF]Sakatsuku 7 EURO PLUS$c".\nSperiamo aiuti la comunicazione.
INF_FRE_message_0101	$c[FF6347FF]%s$c ci ha regalato: "$c[FF6347FF]Sakatsuku 7 EURO PLUS$c".\nSperiamo aiuti la comunicazione.
INF_FRE_message_0102	Dummy
INF_FRE_message_0103	Dummy
INF_FRE_message_0104	Dummy
INF_FRE_message_0105	Dummy
INF_FRE_message_0106	Dummy
INF_FRE_message_0107	Dummy
INF_FRE_message_0108	Dummy
INF_FRE_message_0109	Dummy
INF_FRE_message_0110	Dummy
INF_FRE_message_0111	Dummy
INF_FRE_message_0112	Dummy
INF_FRE_message_0113	Dummy
INF_FRE_message_0114	Dummy
INF_FRE_message_0115	Dummy
INF_FRE_message_0116	Dummy
INF_FRE_message_0117	Dummy
INF_FRE_message_0118	Dummy
INF_FRE_message_0119	Dummy
INF_FRE_message_0120	Dummy
INF_FRE_message_0121	Dummy
INF_FRE_message_0122	Dummy
INF_FRE_message_0123	Dummy
INF_FRE_message_0124	Dummy
INF_FRE_message_0125	Dummy
INF_FRE_message_0126	Dummy
INF_FRE_message_0127	Dummy
INF_FRE_sponsor_0002	Sponsor: Win Lg Sports
INF_FRE_sponsor_0003	Sponsor: ADMINISTRA
INF_FRE_sponsor_0004	Sponsor: TRIONFO
INF_FRE_sponsor_0005	Sponsor: Hard Wall
INF_FRE_sponsor_0006	Sponsor: FALCHION
INF_FRE_sponsor_0007	Sponsor: TRIPLO
INF_FRE_sponsor_0008	Sponsor: MONSTER CHAMP
INF_FRE_sponsor_0009	Sponsor: MIRACLE MIRACLE
INF_FRE_sponsor_0010	Sponsor: GENERATION
INF_FRE_sponsor_0011	Sponsor: ESPECTADOR
INF_FRE_sponsor_0012	Sponsor: GALACTIC
INF_FRE_sponsor_0013	Sponsor: NEVER GIVE UP
INF_FRE_sponsor_0014	Sponsor: New Century Oil
INF_FRE_sponsor_0015	Sponsor: TOMORROW
INF_FRE_sponsor_0016	Sponsor: U&T ELECTRONICS
INF_FRE_sponsor_0017	Sponsor: KLICKA Electric
INF_FRE_sponsor_0018	Sponsor: INCH GAMES
INF_FRE_sponsor_0019	Sponsor: eFcuss
INF_FRE_sponsor_0020	Sponsor: GOLK BERG
INF_FRE_sponsor_0021	Sponsor: ABEN WATERS
INF_FRE_sponsor_0022	Sponsor: JUMBO STOMACH
INF_FRE_sponsor_0023	Sponsor: Cesto Foods
INF_FRE_sponsor_0024	Sponsor: Schneider
INF_FRE_sponsor_0025	Sponsor: RANOORD
INF_FRE_sponsor_0026	Sponsor: HAM Airline
INF_FRE_sponsor_0027	Sponsor: KOLTAX Airlines
INF_FRE_sponsor_0028	Sponsor: Deportes UNO
INF_FRE_sponsor_0029	Sponsor: DNA Sports
INF_FRE_sponsor_0030	Sponsor: Vest Card Bank
INF_FRE_sponsor_0031	Sponsor: EXHUME BANK
INF_FRE_sponsor_0032	Sponsor: SEBC NETWORK
INF_FRE_sponsor_0033	Sponsor: RNM TELEVISION
INF_FRE_sponsor_0034	Sponsor: IK Telephone
INF_FRE_sponsor_0035	Sponsor: MOMENTO Communications
INF_FRE_sponsor_0036	Sponsor: VOLTAGE
INF_FRE_sponsor_0037	Sponsor: KEIMBLATT Electric
INF_FRE_sponsor_0038	Sponsor: NKA SOFT WARE
INF_FRE_sponsor_0039	Sponsor: PHOLTON
INF_FRE_sponsor_0040	Sponsor: PETA WATER
INF_FRE_sponsor_0041	Sponsor: Blue Sphere
INF_FRE_sponsor_0042	Sponsor: NYN Foods
INF_FRE_sponsor_0043	Sponsor: Nachtisch
INF_FRE_sponsor_0044	Sponsor: UBERMENSCH
INF_FRE_sponsor_0045	Sponsor: Gravel Motors
INF_FRE_sponsor_0046	Sponsor: Cyclone Airlines
INF_FRE_sponsor_0047	Sponsor: CEBVIA AIRLINE
INF_FRE_sponsor_0048	Sponsor: S1 SPORTS
INF_FRE_sponsor_0049	Sponsor: K's LEE Sports
INF_FRE_sponsor_0050	Sponsor: KBYS BANK
INF_FRE_sponsor_0051	Sponsor: TOP Bank
INF_FRE_sponsor_0052	Sponsor: SGMTV
INF_FRE_sponsor_0053	Sponsor: GLOBALE. T
INF_FRE_sponsor_0054	Sponsor: pulsar+pulsar
INF_FRE_sponsor_0055	Sponsor: Telejim NETWORK
INF_FRE_sponsor_0056	Sponsor: FUTURE
INF_FRE_sponsor_0057	Sponsor: TOR ELECTRONICS
INF_FRE_sponsor_0058	Sponsor: glimpse
INF_FRE_sponsor_0059	Sponsor: CELL GAMES
INF_FRE_sponsor_0060	Sponsor: La Nina DRINK
INF_FRE_sponsor_0061	Sponsor: ROV POINT
INF_FRE_sponsor_0062	Sponsor: ENZEES Foods
INF_FRE_sponsor_0063	Sponsor: POPO Foods
INF_FRE_sponsor_0064	Sponsor: RVF MOTORS
INF_FRE_sponsor_0065	Sponsor: salopette Motors
INF_FRE_sponsor_0066	Sponsor: HAYLAND AIRWAYS
INF_FRE_sponsor_0067	Sponsor: KUKUHAI Airlines
INF_FRE_sponsor_0068	Sponsor: KELLTTEN Sports
INF_FRE_sponsor_0069	Sponsor: Viv@SHOP
INF_FRE_sponsor_0070	Sponsor: BANCOREF Bank
INF_FRE_sponsor_0071	Sponsor: SB-BANCA
INF_FRE_sponsor_0072	Sponsor: Sports Victory 15
INF_FRE_sponsor_0073	Sponsor: Take It CH
INF_FRE_sponsor_0074	Sponsor: TEATRO Network
INF_FRE_sponsor_0075	Sponsor: GBL Communications
INF_FRE_sponsor_0076	Sponsor: Dummy
INF_FRE_sponsor_0077	Sponsor: Dummy
INF_FRE_sponsor_0078	Sponsor: Dummy
INF_FRE_sponsor_0079	Sponsor: Dummy
INF_FRE_sponsor_0080	Sponsor: Dummy
INF_FRE_sponsor_0081	Sponsor: Dummy
INF_FRE_sponsor_0082	Sponsor: Dummy
INF_FRE_sponsor_0083	Sponsor: Dummy
INF_FRE_sponsor_0084	Sponsor: Dummy
INF_FRE_sponsor_0085	Sponsor: Dummy
INF_FRE_sponsor_0086	Sponsor: Dummy
INF_FRE_sponsor_0087	Sponsor: Dummy
INF_FRE_sponsor_0088	Sponsor: Dummy
INF_FRE_sponsor_0089	Sponsor: Dummy
INF_FRE_sponsor_0090	Sponsor: Dummy
INF_FRE_sponsor_0091	Sponsor: Dummy
INF_FRE_sponsor_0092	Sponsor: Dummy
INF_FRE_sponsor_0093	Sponsor: Dummy
INF_FRE_sponsor_0094	Sponsor: Dummy
INF_FRE_sponsor_0095	Sponsor: Dummy
INF_FRE_sponsor_0096	Sponsor: Dummy
INF_FRE_sponsor_0097	Sponsor: Dummy
INF_FRE_sponsor_0098	Sponsor: Dummy
INF_FRE_sponsor_0099	Sponsor: Dummy
INF_FRE_sponsor_0100	Sponsor: Sakatsuku 7 EURO PLUS
INF_FRE_sponsor_0101	Sponsor: Sakatsuku 7 EURO PLUS
INF_FRE_sponsor_0102	Sponsor: Dummy
INF_FRE_sponsor_0103	Sponsor: Dummy
INF_FRE_sponsor_0104	Sponsor: Dummy
INF_FRE_sponsor_0105	Sponsor: Dummy
INF_FRE_sponsor_0106	Sponsor: Dummy
INF_FRE_sponsor_0107	Sponsor: Dummy
INF_FRE_sponsor_0108	Sponsor: Dummy
INF_FRE_sponsor_0109	Sponsor: Dummy
INF_FRE_sponsor_0110	Sponsor: Dummy
INF_FRE_sponsor_0111	Sponsor: Dummy
INF_FRE_sponsor_0112	Sponsor: Dummy
INF_FRE_sponsor_0113	Sponsor: Dummy
INF_FRE_sponsor_0114	Sponsor: Dummy
INF_FRE_sponsor_0115	Sponsor: Dummy
INF_FRE_sponsor_0116	Sponsor: Dummy
INF_FRE_sponsor_0117	Sponsor: Dummy
INF_FRE_sponsor_0118	Sponsor: Dummy
INF_FRE_sponsor_0119	Sponsor: Dummy
INF_FRE_sponsor_0120	Sponsor: Dummy
INF_FRE_sponsor_0121	Sponsor: Dummy
INF_FRE_sponsor_0122	Sponsor: Dummy
INF_FRE_sponsor_0123	Sponsor: Dummy
INF_FRE_sponsor_0124	Sponsor: Dummy
INF_FRE_sponsor_0125	Sponsor: Dummy
INF_FRE_sponsor_0126	Sponsor: Dummy
INF_FRE_sponsor_0127	Sponsor: Dummy
INF_GOLDENR_message_0000	$c[FF6347FF]Ogni titolo vinto$c - complimenti!\nLa nostra era d'oro e' tornata.
INF_GOLDENR_message_0001	Da squadra sempre vincente,\ncontinua a guidare il calcio mondiale.
INF_GOLDEN_contents_0001	$%d milioni
INF_GOLDEN_contents_0003	%s UP↑
INF_GOLDEN_message_0000	$c[FF6347FF]Tutti i titoli vinti$c - complimenti!\nLa nostra era d'oro e' finalmente arrivata.
INF_GOLDEN_message_0001	Saremo acclamati come\n$c[FF6347FF]Grande %s$c nel mondo.
INF_INFO_title_0000	$p[16]$t[0:1]★★★$t$p  LICENZA EMESSA  $p[16]$t[0:1]★★★$t$p
INF_INFO_title_0001	$p[16]$t[0:1]★★★$t$p  NOMINA  $p[16]$t[0:1]★★★$t$p
INF_INFO_title_0002	$p[16]$t[0:1]★★★$t$p  FINE CONTRATTO  $p[16]$t[0:1]★★★$t$p
INF_INFO_title_0003	$p[16]$t[0:1]★★★$t$p  WORLD TROPHY RESULTS  $p[16]$t[0:1]★★★$t$p
INF_INFO_title_0004	$p[16]$t[0:1]★★★$t$p  TITOLO VINTO  $p[16]$t[0:1]★★★$t$p
INF_INFO_title_0005	$p[16]$t[0:1]★★★$t$p  ERA D'ORO  $p[16]$t[0:1]★★★$t$p
INF_INFO_title_0006	$p[16]$t[0:1]★★★$t$p  DEFENDING CHAMPION  $p[16]$t[0:1]★★★$t$p
INF_INFO_title_0007	$p[16]$t[0:1]★★★$t$p  PROMOZIONE LEGA  $p[16]$t[0:1]★★★$t$p
INF_INFO_title_0008	$p[16]$t[0:1]★★★$t$p  RETROCESSIONE  $p[16]$t[0:1]★★★$t$p
INF_INFO_title_0009	$p[16]$t[0:1]★★★$t$p  QUALIFICATO  $p[16]$t[0:1]★★★$t$p
INF_INFO_title_0010	$p[16]$t[0:1]★★★$t$p  OFFERTA SPONSOR  $p[16]$t[0:1]★★★$t$p
INF_INFO_title_0011	$p[16]$t[0:1]★★★$t$p  SPONSOR PERSO  $p[16]$t[0:1]★★★$t$p
INF_INFO_title_0012	$p[16]$t[0:1]★★★$t$p  RINNOVO  $p[16]$t[0:1]★★★$t$p
INF_INFO_title_0013	$p[16]$t[0:1]★★★$t$p  OFFERTA  $p[16]$t[0:1]★★★$t$p
INF_INFO_title_0014	$p[16]$t[0:1]★★★$t$p  STADIO RINNOVATO  $p[16]$t[0:1]★★★$t$p
INF_INFO_title_0015	$p[16]$t[0:1]★★★$t$p  STADIO PRONTO  $p[16]$t[0:1]★★★$t$p
INF_INFO_title_0016	$p[16]$t[0:1]★★★$t$p  BUON COMPLEANNO  $p[16]$t[0:1]★★★$t$p
INF_INFO_title_0017	$p[16]$t[0:1]★★★$t$p  SCOUTING  $p[16]$t[0:1]★★★$t$p
INF_INFO_title_0018	$p[16]$t[0:1]★★★$t$p  CRISI  $p[16]$t[0:1]★★★$t$p
INF_INFO_title_0019	$p[16]$t[0:1]★★★$t$p  BONUS EXTRA  $p[16]$t[0:1]★★★$t$p
INF_INFO_title_0020	$p[16]$t[0:1]★★★$t$p  INFORTUNI  $p[16]$t[0:1]★★★$t$p
INF_INFO_title_0021	$p[16]$t[0:1]★★★$t$p  VISITA COACH  $p[16]$t[0:1]★★★$t$p
INF_INFO_title_0022	$p[16]$t[0:1]★★★$t$p  MINI RITIRO  $p[16]$t[0:1]★★★$t$p
INF_INFO_title_0023	$p[16]$t[0:1]★★★$t$p  TIFOSI  $p[16]$t[0:1]★★★$t$p
INF_INFO_title_0024	$p[16]$t[0:1]★★★$t$p  RAPPORTO  $p[16]$t[0:1]★★★$t$p
INF_INFO_title_0025	$p[16]$t[0:1]★★★$t$p  SERIE VINCENTE  $p[16]$t[0:1]★★★$t$p
INF_INFO_title_0026	$p[16]$t[0:1]★★★$t$p  SEDE RINNOVATA  $p[16]$t[0:1]★★★$t$p
INF_INFO_title_0027	$p[16]$t[0:1]★★★$t$p  SEDE PRONTA  $p[16]$t[0:1]★★★$t$p
INF_INFO_title_0028	$p[16]$t[0:1]★★★$t$p  PREMIO VITT.  $p[16]$t[0:1]★★★$t$p
INF_INFO_title_0029	$p[16]$t[0:1]★★★$t$p  COMPLIMENTI  $p[16]$t[0:1]★★★$t$p
INF_INFO_title_0030	$p[16]$t[0:1]★★★$t$p  TUTORAGGIO  $p[16]$t[0:1]★★★$t$p
INF_INFO_title_0031	$p[16]$t[0:1]★★★$t$p  ABILITA' UP  $p[16]$t[0:1]★★★$t$p
INF_INFO_title_0032	$p[16]$t[0:1]★★★$t$p  SPECIALI UP  $p[16]$t[0:1]★★★$t$p
INF_INFO_title_0033	$p[16]$t[0:1]★★★$t$p  TENSIONE  $p[16]$t[0:1]★★★$t$p
INF_INFO_title_0034	$p[16]$t[0:1]★★★$t$p  INTESA UP  $p[16]$t[0:1]★★★$t$p
INF_INFO_title_0035	$p[16]$t[0:1]★★★$t$p  SFOGO  $p[16]$t[0:1]★★★$t$p
INF_INFO_title_0036	$p[16]$t[0:1]★★★$t$p  WORLD TROPHY VINTO  $p[16]$t[0:1]★★★$t$p
INF_INFO_title_0037	$p[16]$t[0:1]★★★$t$p  COMPITO SPONSOR  $p[16]$t[0:1]★★★$t$p
INF_INFO_title_0038	$p[16]$t[0:1]★★★$t$p  JAPAN CHAMPION  $p[16]$t[0:1]★★★$t$p
INF_INFO_title_0039	$p[16]$t[0:1]★★★$t$p  AREA CHAMPION  $p[16]$t[0:1]★★★$t$p
INF_INFO_title_0040	$p[16]$t[0:1]★★★$t$p  EVENTO FAN  $p[16]$t[0:1]★★★$t$p
INF_INFO_title_0041	$p[16]$t[0:1]★★★$t$p  RANKING WORLD TROPHY  $p[16]$t[0:1]★★★$t$p
INF_INFO_title_0042	$p[16]$t[0:1]★★★$t$p  RANKING PREMI  $p[16]$t[0:1]★★★$t$p
INF_INFO_title_0043	$p[16]$t[0:1]★★★$t$p  NUOVA GLORIA  $p[16]$t[0:1]★★★$t$p
INF_INFO_title_0044	$p[16]$t[0:1]★★★$t$p  NUOVO DRILL  $p[16]$t[0:1]★★★$t$p
INF_INJURY_message_0000	Rapporto sull'infortunio di\n$c[FF6347FF]%s$c.
INF_INJURY_message_0001	Gli serve ancora tempo per guarire.\nMeglio non farlo giocare.
INF_INJURY_message_0003	Il recupero completo richiedera' tempo.\nGli infortunati restino fuori.
INF_LASTWEEKLY_contents_0000	Sett. scorsa
INF_LASTWEEKLY_contents_0001	Giappone:
INF_LASTWEEKLY_contents_0003	Area:
INF_LASTWEEKLY_message_0000	Ottimo lavoro nel World Trophy Ranking.\nCi vediamo alla prossima!
INF_LASTWEEKLY_message_0001	Ottimo lavoro nel Prize Money Ranking.\nCi vediamo alla prossima!
INF_LEAGUE_division_0000	Divisione Premier
INF_LEAGUE_division_0001	1a Divisione
INF_LEAGUE_division_0002	2a Divisione
INF_LEAGUE_division_0003	3a Divisione
INF_LEAGUE_division_0004	4a Divisione
INF_LEAGUE_message_0000	Regular League %s %s - complimenti!\nDi conseguenza siamo $c[FF6347FF]promossi$c in %s.
INF_LEAGUE_message_0001	Dopo il piazzamento in Regular League %s %s,\nsiamo stati $c[00BFFFFF]retrocessi$c in %s.
INF_LEAGUE_message_0002	$c[FF6347FF]Retrocessione$c in %s\nci costa anche il posto in %s.
INF_LEAGUE_ranking_0002	7o
INF_LEAGUE_ranking_0003	8o
INF_LICENCE_message_0000	Complimenti, nuovo Allenatore.
INF_LICENCE_message_0001	Inizia la tua nuova sfida.\nCostruiamo con i giocatori la $c[FF6347FF]squadra piu' forte$c.
INF_LICENCE_message_0002	Ecco la tua nuova $c[FF6347FF]National Manager License$c.\nDa guida regionale, ti si chiede di piu'.
INF_LICENCE_message_0003	Ecco la tua nuova $c[FF6347FF]Continental Manager License$c.\nDa guida continentale, le tue doti saranno messe alla prova.
INF_LICENCE_message_0004	Ecco la tua nuova $c[FF6347FF]International Manager License$c.\nI riflettori sono puntati sulle tue doti nel mondo.
INF_OFFER_choices_0000	Offerta 1
INF_OFFER_choices_0001	Offerta 2
INF_OFFER_choices_0002	Offerta 3
INF_OFFER_choices_0003	Resta
INF_OFFER_contents_0000	Divisione:
INF_OFFER_contents_0001	Sponsor:
INF_OFFER_contents_0003	Se accetti una nuova offerta ti dimetti.\nA differenza di dimissioni normali,\nle tue doti si trasmettono meglio.
INF_OFFER_contents_0004	%s (%s)
INF_OFFER_contents_0005	Accetti "%s"?
INF_OFFER_contents_0007	Resti nella squadra?
INF_OFFER_message_0000	Una squadra interessata a te\nti fa un'$c[FF6347FF]offerta$c.
INF_OFFER_message_0001	Una svolta nella tua carriera.\nPensaci bene.
INF_OFFER_message_0002	Offerta da un club di $c[FF6347FF]%s$c\nin Regular League %s Div.
INF_OFFER_message_0003	Avvio la procedura di dimissioni.\nGuida bene %s un'ultima volta.
INF_PARTNER_message_0000	Oh?\nQualcuno e' ancora negli spogliatoi.
INF_PARTNER_message_0001	Compare %s.
INF_PARTNER_message_0002	Compaiono %s e %s.
INF_PARTNER_message_0003	Compaiono %s, %s\ne %s.
INF_PARTNER_message_0004	Compaiono %s, %s,\n%s e %s.
INF_PARTNER_message_0005	Vogliono affrontare con te la nuova squadra.\nPorteranno $c[FF6347FF]tutta la loro esperienza$c nel nuovo club.
INF_REPORT_message_0000	Rapporto del coach su un giocatore.
INF_RESULT_message_0000	$c[FF6347FF]World Trophy$c\nvinto! Complimenti!
INF_RESULT_message_0001	Come $c[FF6347FF]allenatore n. 1 della classe$c,\nhai scritto la storia!
INF_RESULT_message_0002	Risultati del World Trophy.
INF_RESULT_message_0003	World Trophy n.%d  Classe %d  Risultato: %s
INF_RESULT_message_0006	1o Turno perso
INF_RESULT_message_0007	2o Turno perso
INF_RESULT_message_0008	3o Turno perso
INF_RESULT_message_0009	4o Turno perso
INF_RESULT_message_0010	5o Turno perso
INF_RESULT_message_0015	1o Turno
INF_RESULT_message_0016	2o Turno
INF_RESULT_message_0017	3o Turno
INF_RESULT_message_0018	4o Turno
INF_RESULT_message_0019	5o Turno
INF_SCOUT_contents_0000	No.%d: %s
INF_SCOUT_message_0000	L'osservatore segnala un giocatore adatto alla squadra.
INF_SCOUT_message_0001	L'osservatore segnala un giocatore adatto alla squadra.\nSi chiama $c[FF6347FF]%s$c.
INF_SPONSORINSTRUCTION_message_0000	Il titolo %s e' a un passo,\ne lo sponsor ordina: $c[FF6347FF]"Vinci e prendi il titolo!"$c
INF_SPONSORINSTRUCTION_message_0001	Potrebbe esserci una $c[FF6347FF]revisione contratto$c.\nPuntiamo al titolo.
INF_SPONSOR_choices_0000	Offerta 1
INF_SPONSOR_choices_0001	Offerta 2
INF_SPONSOR_choices_0002	Offerta 3
INF_SPONSOR_contents_0000	%s (%s)
INF_SPONSOR_contents_0001	Va bene cosi'?
INF_SPONSOR_message_0000	Scegli tra le offerte il nuovo sponsor.\nParte dal prossimo incontro.
INF_SPONSOR_message_0001	%s %s "%s".
INF_SPO_category_0009	Marca sportiva
INF_SPO_category_0010	Petrolifera
INF_SPO_name_0076	Dummy
INF_SPO_name_0077	Dummy
INF_SPO_name_0078	Dummy
INF_SPO_name_0079	Dummy
INF_SPO_name_0080	Dummy
INF_SPO_name_0081	Dummy
INF_SPO_name_0082	Dummy
INF_SPO_name_0083	Dummy
INF_SPO_name_0084	Dummy
INF_SPO_name_0085	Dummy
INF_SPO_name_0086	Dummy
INF_SPO_name_0087	Dummy
INF_SPO_name_0088	Dummy
INF_SPO_name_0089	Dummy
INF_SPO_name_0090	Dummy
INF_SPO_name_0091	Dummy
INF_SPO_name_0092	Dummy
INF_SPO_name_0093	Dummy
INF_SPO_name_0094	Dummy
INF_SPO_name_0095	Dummy
INF_SPO_name_0096	Dummy
INF_SPO_name_0097	Dummy
INF_SPO_name_0098	Dummy
INF_SPO_name_0099	Dummy
INF_SPO_name_0100	Sponsor evento
INF_SPO_name_0101	Sponsor evento
INF_SPO_name_0102	Dummy
INF_SPO_name_0103	Dummy
INF_SPO_name_0104	Dummy
INF_SPO_name_0105	Dummy
INF_SPO_name_0106	Dummy
INF_SPO_name_0107	Dummy
INF_SPO_name_0108	Dummy
INF_SPO_name_0109	Dummy
INF_SPO_name_0110	Dummy
INF_SPO_name_0111	Dummy
INF_SPO_name_0112	Dummy
INF_SPO_name_0113	Dummy
INF_SPO_name_0114	Dummy
INF_SPO_name_0115	Dummy
INF_SPO_name_0116	Dummy
INF_SPO_name_0117	Dummy
INF_SPO_name_0118	Dummy
INF_SPO_name_0119	Dummy
INF_SPO_name_0120	Dummy
INF_SPO_name_0121	Dummy
INF_SPO_name_0122	Dummy
INF_SPO_name_0123	Dummy
INF_SPO_name_0124	Dummy
INF_SPO_name_0125	Dummy
INF_SPO_name_0126	Dummy
INF_SPO_name_0127	Dummy
INF_SPO_offer_0000	Il nostro club e' in ascesa,\nsi e' unito uno $c[FF6347FF]nuovo sponsor$c.
INF_SPO_offer_0001	Abbiamo deluso lo sponsor e ora\nlo $c[FF6347FF]sponsor e' stato cambiato$c.
INF_SPO_offer_0002	Dopo la serie di risultati scarsi,\nlo $c[FF6347FF]sponsor si e' ritirato$c.
INF_SPO_offer_0003	La forza straordinaria del club\nha attirato uno $c[FF6347FF]sponsor degno$c.
INF_SPO_offer_0004	La fama mondiale del club\nha attirato uno $c[FF6347FF]sponsor degno$c.
INF_SPO_offer_0005	Continuiamo a lottare e\nuno $c[FF6347FF]sponsor crede nel nostro futuro$c.
INF_SPO_offer_0006	Dopo i risultati stabili,\nlo $c[FF6347FF]sponsor vuole rinnovare$c.
INF_SPO_offer_0007	Anche dopo la retrocessione,\nuno $c[FF6347FF]sponsor crede ancora in noi$c.
INF_SPO_offer_0008	In vista della nuova stagione,\n$c[FF6347FF]3 sponsor$c ci hanno fatto un'offerta.
INF_SPO_offer_0009	In vista della nuova stagione,\n$c[FF6347FF]2 sponsor$c ci hanno fatto un'offerta.
INF_SPO_offer_0010	In vista della nuova stagione,\n$c[FF6347FF]1 sponsor$c ci ha fatto un'offerta.
INF_SPO_rank_0000	leader di settore 
INF_SPO_rank_0001	in ascesa 
INF_SPO_rank_0002	famosa 
INF_SPO_rank_0005	locale 
INF_SPO_secure_0000	Contratto firmato con $c[FF6347FF]%s$c.\nOttenere risultati $c[FF6347FF]degni dello sponsor$c.
INF_SPO_secure_0001	Contratto firmato con $c[FF6347FF]%s$c.\nCondividiamo $c[FF6347FF]la sua fortuna$c e cresciamo.
INF_SPO_secure_0002	Contratto firmato con $c[FF6347FF]%s$c.\nNon $c[FF6347FF]deludiamo le attese$c.
INF_SPO_secure_0003	Contratto firmato con $c[FF6347FF]%s$c.\nOra il club entra nell'elite.
INF_SPO_secure_0004	Contratto firmato con $c[FF6347FF]%s$c.\nLe finanze del club ne beneficeranno.
INF_SPO_secure_0005	Contratto firmato con $c[FF6347FF]%s$c.\nSpero di non deludere lo sponsor.
INF_SPO_secure_0006	Contratto firmato con $c[FF6347FF]%s$c.\nStavolta soddisfiamo lo sponsor.
INF_SPO_secure_0007	Un gruppo di cittadini ci sostiene.\nNon deludiamoli.
INF_STADIUMF_contents_0000	Capienza max: %d
INF_STADIUMF_message_0001	%s ha ora\n$c[FF6347FF]un nuovo prato$c.
INF_STADIUMF_message_0002	%s ha ora\n$c[FF6347FF]nuovi riflettori$c.
INF_STADIUMF_message_0003	%s ha $c[FF6347FF]nuovi posti$c,\ncapienza portata a 25,000.
INF_STADIUMF_message_0004	%s ha ora\n$c[FF6347FF]nuovo tetto$c.
INF_STADIUMF_message_0005	%s ha $c[FF6347FF]un 2o anello$c,\ncapienza portata a 50,000.
INF_STADIUMF_message_0006	%s ha $c[FF6347FF]un 3o anello$c,\ncapienza portata a 85,000.
INF_STADIUMF_message_0007	%s e' ora\n$c[FF6347FF]stadio a cupola$c.
INF_STADIUMF_message_0009	%s ha ora\n$c[FF6347FF]un nuovo edificio$c.
INF_STADIUMF_message_0010	%s ha ora\n$c[FF6347FF]edificio rifatto$c.
INF_STADIUMF_message_0011	%s ha ora\n$c[FF6347FF]nuovo monumento$c.
INF_STADIUMF_message_0012	%s ha ora\n$c[FF6347FF]monumento rifatto$c.
INF_STADIUMF_message_0013	%s e' ora\ntra i $c[FF6347FF]grandi stadi con cupola$c del mondo.
INF_STADIUMF_message_0014	%s ha ora\nun $c[FF6347FF]arco$c simbolo del prestigio del club.
INF_STADIUMR_contents_0000	Griglia diag.
INF_STADIUMR_contents_0001	Griglia diag. larga
INF_STADIUMR_contents_0002	Griglia
INF_STADIUMR_contents_0003	Griglia lg.
INF_STADIUMR_contents_0004	Verticale
INF_STADIUMR_contents_0005	Orizzontale
INF_STADIUMR_contents_0006	Vert. larga
INF_STADIUMR_contents_0007	Orizz. larga
INF_STADIUMR_contents_0008	Vert. tripla
INF_STADIUMR_contents_0009	Orizz. tripla
INF_STADIUMR_contents_0010	Griglia tripla
INF_STADIUMR_contents_0011	Diagonale
INF_STADIUMR_contents_0012	Diag. larga
INF_STADIUMR_contents_0013	Diag. speculare
INF_STADIUMR_contents_0014	Stella
INF_STADIUMR_contents_0015	Rombo
INF_STADIUMR_contents_0016	Rotondo
INF_STADIUMR_contents_0017	Verticale
INF_STADIUMR_contents_0018	Orizzontale
INF_STADIUMR_contents_0019	Triangolare
INF_STADIUMR_contents_0020	Verticale
INF_STADIUMR_contents_0021	Orizzontale
INF_STADIUMR_contents_0022	Triangolare
INF_STADIUMR_contents_0023	Verticale
INF_STADIUMR_contents_0024	Orizzontale
INF_STADIUMR_contents_0025	Triangolare
INF_STADIUMR_contents_0026	Acciaio
INF_STADIUMR_contents_0028	Pannello
INF_STADIUMR_contents_0029	Quadrato
INF_STADIUMR_contents_0030	Rotondo
INF_STADIUMR_contents_0031	Monum. quadrato
INF_STADIUMR_contents_0032	Monum. rotondo
INF_STADIUMR_contents_0033	Edif. quadrato
INF_STADIUMR_contents_0034	Edif. rotondo
INF_STADIUMR_contents_0035	Moderno
INF_STADIUMR_contents_0036	Classico
INF_STADIUMR_contents_0037	Torri gemelle
INF_STADIUMR_contents_0038	Moderno
INF_STADIUMR_contents_0039	Classico
INF_STADIUMR_contents_0040	Struttura
INF_STADIUMR_message_0000	Proposta di rinnovo dello stadio.\nRifacciamo $c[FF6347FF]il prato$c.
INF_STADIUMR_message_0001	Proposta di rinnovo dello stadio.\nRifacciamo $c[FF6347FF]i riflettori$c.
INF_STADIUMR_message_0002	Proposta di rinnovo dello stadio.\nAggiungiamo $c[FF6347FF]altri posti$c.
INF_STADIUMR_message_0003	Proposta di rinnovo dello stadio.\nRifacciamo $c[FF6347FF]il tetto$c.
INF_STADIUMR_message_0004	Proposta di rinnovo dello stadio.\nAggiungiamo $c[FF6347FF]un 2o anello$c.
INF_STADIUMR_message_0005	Proposta di rinnovo dello stadio.\nAggiungiamo $c[FF6347FF]un 3o anello$c.
INF_STADIUMR_message_0006	Proposta di rinnovo dello stadio.\nFacciamo $c[FF6347FF]una cupola$c.
INF_STADIUMR_message_0009	Scegli il design del 1o anello.
INF_STADIUMR_message_0011	Scegli il tetto del 2o anello.
INF_STADIUMR_message_0012	Scegli il tetto del 3o anello.
INF_STADIUMR_message_0015	Proposta di rinnovo dello stadio.\nRifaremo $c[FF6347FF]l'edificio$c.
INF_STADIUMR_message_0016	Proposta di rinnovo dello stadio.\nRifacciamo $c[FF6347FF]l'edificio$c.
INF_STADIUMR_message_0017	Scegli il design dell'edificio.
INF_STADIUMR_message_0018	Proposta di rinnovo dello stadio.\nRifaremo $c[FF6347FF]il monumento$c.
INF_STADIUMR_message_0019	Proposta di rinnovo dello stadio.\nRifacciamo $c[FF6347FF]il monumento$c.
INF_STADIUMR_message_0020	Scegli il design del monumento.
INF_STADIUMR_message_0021	Proposta di rinnovo dello stadio.\nAdeguiamolo al nostro club popolarissimo.
INF_STYLE_message_0000	Ultimamente $c[FF6347FF]%s$c cerca\nun nuovo stile di gioco.
INF_STYLE_message_0001	Se trovasse l'occasione giusta,\nil suo stile si amplierebbe.
INF_SUPPORTER_message_0001	Ora ti chiamano $c[FF6347FF]"%s %s"$c,\na quanto pare.
INF_SUPPORTER_message_0002	Ora ti chiamano $c[FF6347FF]"%s"$c,\na quanto pare.
INF_TERML_message_0000	Ottimo lavoro nell'ultimo incontro.
INF_TERML_message_0001	Le tue scelte hanno brillato: vittoria splendida!!\n$c[FF6347FF]La spinta in attacco$c servira' anche alla prossima squadra.
INF_TERML_message_0002	Le tue scelte hanno brillato: vittoria splendida!!\n$c[FF6347FF]La cura del palleggio$c servira' anche alla prossima squadra.
INF_TERML_message_0003	Le tue scelte hanno brillato: vittoria splendida!!\n$c[FF6347FF]Le transizioni rapide$c serviranno alla prossima squadra.
INF_TERML_message_0004	Le tue scelte hanno brillato: vittoria splendida!!\n$c[FF6347FF]L'attenzione in difesa$c servira' anche alla prossima squadra.
INF_TERML_message_0005	Le tue scelte hanno brillato: vittoria splendida!!\nIl tuo stile con $c[FF6347FF]marcatura stretta$c servira' alla prossima squadra.
INF_TERML_message_0006	Le tue scelte hanno brillato: vittoria splendida!!\nIl tuo $c[FF6347FF]gioco di forza$c servira' alla prossima squadra.
INF_TERML_message_0007	Le tue scelte hanno brillato: vittoria splendida!!\nIl tuo stile $c[FF6347FF]equilibrato$c servira' alla prossima squadra.
INF_TERML_message_0008	Peccato: e' finita in pareggio.\nPorta con te questa esperienza nella prossima squadra.
INF_TERML_message_0009	Purtroppo l'incontro e' perso.\nVoltiamo pagina: punta alle vittorie con una nuova squadra.
INF_TERM_message_0000	Ecco l'ultimo incontro del tuo contratto.
INF_TERM_message_0001	Con te la squadra e' $c[FF6347FF]rinata, molto piu' forte$c.\nGuidaci alla vittoria anche nell'ultimo incontro!!
INF_TERM_message_0002	Grazie a te la squadra $c[FF6347FF]e' migliorata bene$c.\nVinci anche questa e chiudi in bellezza!!
INF_TERM_message_0003	Hai tirato fuori $c[FF6347FF]un bel po'$c da questa squadra.\nChiudi guidando la squadra alla vittoria!!
INF_TERM_message_0004	Questa squadra $c[FF6347FF]poteva puntare piu' in alto$c.\nDai tutto per vincere nel finale!!
INF_TERM_message_0005	Con questa squadra $c[FF6347FF]i risultati non sono arrivati$c.\nVinci l'ultimo incontro per aprirti la strada!!
INF_TITLE_message_0000	%s conquistato!\nComplimenti.
INF_TITLE_message_0003	$c[FF6347FF]%s$c\nLo stemma del vincitore sara' ricamato sulla divisa.
INF_TITLE_message_0004	Attendi la buona notizia\ndella partecipazione a $c[FF6347FF]%s$c.
INF_TITLE_message_0005	Regular League %s vinta!\nComplimenti.
INF_TITLE_message_0006	%d volte %s conquistato! Complimenti.\nGiocatori e tifosi sembrano gustarsi questa gioia.
INF_TITLE_message_0007	Con questa vittoria hai anche completato l'obiettivo dello sponsor.\nIl contratto e' esteso di $c[FF6347FF]%d incontri$c.
INF_VICTORIES_message_0000	Il record di vittorie consecutive della squadra e' ora\n$c[FF6347FF]%d vittorie di fila$c.
INF_VICTORIES_message_0001	La squadra e' al top della forma.\nRafforziamola per migliorare ancora il record.
INF_WEEKLYCHAMPION_area_0000	HOKKAIDO/TOHOKU
INF_WEEKLYCHAMPION_area_0002	TOKYO/KANAGAWA
INF_WEEKLYCHAMPION_message_0000	Sei il $c[FF6347FF]campione settimanale$c nella classifica premi.\nComplimenti.
INF_WEEKLYCHAMPION_message_0001	Con questo la tua fama sembra diffondersi nel mondo.\nContinua a $c[FF6347FF]giocare da vero numero 1 del Giappone$c.
INF_WEEKLYCHAMPION_message_0002	Sei il $c[FF6347FF]campione settimanale di zona$c nella classifica premi.\nComplimenti.
INF_WEEKLYCHAMPION_message_0003	Con questo la tua reputazione cresce di giorno in giorno.\nContinua a $c[FF6347FF]giocare da vero numero 1 della zona$c.
INF_WTAREACHAMP_message_0000	Sei il $c[FF6347FF]campione settimanale di zona$c\nnella classifica World Trophy! Complimenti.
INF_WTAREACHAMP_message_0001	Questo risultato fa crescere la tua reputazione ogni giorno.\nContinua a $c[FF6347FF]lottare da vero numero 1 della zona$c.
INF_WTCHAMPIONSHIP_message_0000	Complimenti per il $c[FF6347FF]titolo World Trophy$c!\nLa nostra squadra ha scritto ancora una pagina di storia.
INF_WTCHAMPIONSHIP_message_0001	Il premio servira' a ristrutturare la sede del club.\nI lavori iniziano dopo questo incontro: non vedi l'ora?
INF_WTCHAMPIONSHIP_message_0002	La sfida sulla scena mondiale continua,\npuntiamo a risultati ancora migliori!
INF_WTJAPANCHAMP_message_0000	Siamo il $c[FF6347FF]campione settimanale$c\nnella classifica World Trophy. Complimenti.
INF_WTJAPANCHAMP_message_0001	Con questo risultato la tua fama si diffonde nel mondo.\nContinua a $c[FF6347FF]lottare da numero 1 del Giappone$c.
MAKE_area_001	Asia
MAKE_area_002	Europa
MAKE_area_003	Africa
MAKE_area_004	Nord e Centro America-Caraibi 
MAKE_area_005	Sud America
MAKE_area_006	Oceania
MAKE_city_133	Motomiya
MAKE_city_140	Omitama
MAKE_city_1446	Durban
MAKE_city_1448	Port Elizabeth
MAKE_city_1503	Kidukawa
MAKE_city_1504	Minami Kyushu
MAKE_city_1505	Isa
MAKE_city_900	Miyama
MAN_0506LICENSE_contents_0001	$%dM + $%d00
MAN_0506LICENSE_contents_0002	V%d
MAN_0506LICENSE_contents_0003	S%d
MAN_0506LICENSE_contents_0004	P%d
MAN_0506LICENSE_header_0000	Liv. Allenatore:
MAN_0506LICENSE_header_0001	Stipendio:
MAN_0506LICENSE_header_0002	Record:
MAN_ACTION_message_0000	Struscia una carta per l'Allenamento Individuale.\nComunicazioni rimaste: %d
MAN_ACTION_message_0001	Struscia una carta per dare una valutazione.\nComunicazioni rimaste: %d
MAN_ACTION_message_0002	Squadra: registra giocatori, imposta tattiche e altro.\nComunicazioni rimaste: %d
MAN_ACTION_message_0003	Sfida i giocatori di questa sala o imposta partite CPU.\nComunicazioni rimaste: %d
MAN_ACTION_message_0004	Struscia una carta per assegnare un ruolo.\nComunicazioni rimaste: %d
MAN_ACTION_message_0005	Dati Squadra: rivedi la storia della squadra.\nComunicazioni rimaste: %d
MAN_ACTION_message_0006	Dati Giocatori: controlla i profili dei giocatori.\nComunicazioni rimaste: %d
MAN_ACTION_message_0007	Dati Allenatore: rivedi la tua carriera finora.\nComunicazioni rimaste: %d
MAN_ACTION_message_0008	Dimissioni: lascia prima della fine del contratto.\nComunicazioni rimaste: %d
MAN_ACTION_message_0009	Struscia 2 carte per parlare di intesa.\nComunicazioni rimaste: %d
MAN_ACTION_message_0010	Dati Intesa: controlla le intese della squadra.\nComunicazioni rimaste: %d
MAN_ACTION_message_0011	Struscia una carta per gestire le condizioni.\nComunicazioni rimaste: %d
MAN_ACTION_message_0012	Hai convocato %s.\nStruscia una Carta Giocatore per convocarne un altro.
MAN_ACTION_message_0013	In campo.
MAN_ACTION_message_0014	Nella Sala Riunioni.
MAN_ACTION_message_0015	Squadra: registra giocatori, imposta tattiche e altro.
MAN_ACTION_message_0017	Ufficio dell'Allenatore.
MAN_ACTION_message_0018	Dati Squadra: rivedi la storia della squadra.
MAN_ACTION_message_0019	Dati Giocatori: vedi i profili.
MAN_ACTION_message_0020	Dati Allenatore: rivedi la tua carriera finora.
MAN_ACTION_message_0021	Dimissioni: lascia prima della fine del contratto.
MAN_ACTION_message_0022	Nella Lounge.
MAN_ACTION_message_0023	Dati Intesa: controlla le intese della squadra.
MAN_ACTION_message_0024	Nell'Infermeria.
MAN_APPLICATION_action_0001	Sfida .Net FRIEND
MAN_APPLICATION_action_0002	Gioca contro la CPU
MAN_APPLICATION_message_0005	Sfida un avversario scelto fino a 60 sec dal fischio d'inizio.\nL'incontro si fa quando anche lui ti sfida.
MAN_APPLICATION_message_0006	Sarai abbinato a un avversario a caso.\nAvversario deciso 20 sec prima del fischio d'inizio.
MAN_APPLICATION_message_0007	Gioca contro una squadra CPU forte quanto la tua.\nAvversario deciso 20 sec prima del fischio d'inizio.
MAN_APPLICATION_message_0008	Questa e' la tua squadra.
MAN_APPLICATION_message_0009	Hai sfidato questa squadra.\nL'incontro si fa quando anche lei ti sfida.
MAN_APPLICATION_message_0010	Hai sfidato %s.\nL'incontro si fa quando anche lui ti sfida.
MAN_APPLICATION_message_0011	Hai sfidato %s.
MAN_APPLICATION_message_0012	Non puoi inviare una sfida.
MAN_APPLICATION_message_0013	Nessun avversario. Torni all'ufficio.\nModificabile fino a 60 sec dal fischio d'inizio.
MAN_APPLICATION_message_0014	Avversario impostato: squadra CPU.\nModificabile fino a 60 sec dal fischio d'inizio.
MAN_APPLICATION_seat_0003	Disponibile
MAN_APPLICATION_seat_0007	$%dM + $%d00
MAN_APPLICATION_seat_0008	Sfida inviata
MAN_APPLICATION_seat_0009	Sfidabile
MAN_APPLICATION_seat_0010	Accetta sfide
MAN_APPLICATION_seat_0011	In gara
MAN_APPLICATION_seat_0013	Vs CPU
MAN_COM_default_0000	In campo l'Allenamento Individuale aumenta le $c[FF6347FF]abilita' individuali$c.
MAN_COM_default_0001	In Sala Riunioni la Valutazione aumenta le $c[FF6347FF]abilita' speciali$c.
MAN_COM_default_0002	Nell'Ufficio dell'Allenatore puoi $c[FF6347FF]assegnare i ruoli$c.
MAN_COM_default_0003	In Lounge parla con 2 giocatori\nper aumentare le $c[FF6347FF]intese$c.
MAN_COM_default_0004	In Infermeria gestisci le condizioni\nper curare gli $c[FF6347FF]infortuni$c e il morale.
MAN_COM_menu_0001	Uff. Allenatore
MAN_COM_menu_0002	Sala Riunioni
MAN_COM_menu_0003	Lounge
MAN_COM_menu_0004	Infermeria
MAN_COM_message_0000	Struscia una carta per l'Allenamento Individuale.\nComunicazioni rimaste: %d
MAN_COM_message_0001	Struscia una carta per la Valutazione Giocatore.\nComunicazioni rimaste: %d
MAN_COM_message_0002	Struscia una carta per assegnare un ruolo.\nComunicazioni rimaste: %d
MAN_COM_message_0003	Struscia 2 carte per parlare di intesa.\nComunicazioni rimaste: %d
MAN_COM_message_0004	Hai convocato %s.\nStruscia una Carta Giocatore per convocarne un altro.
MAN_COM_message_0005	Struscia una carta per gestire le condizioni.\nComunicazioni rimaste: %d
MAN_COOPERATION_message_0000	Intese della squadra.\nScegli un giocatore per vedere le sue intese.
MAN_DATAENTRY_condition_0000	Titolo vinto
MAN_DATAENTRY_condition_0001	Segnalato
MAN_DATAENTRY_condition_0003	$%dM+$%d00
MAN_DATAENTRY_condition_0009	Iscrivibile
MAN_DATAENTRY_condition_0010	Non iscrivibile
MAN_DATAENTRY_condition_0011	Iscritto
MAN_DATAENTRY_message_0000	Per l'iscrizione all'Area Championship
MAN_DATAENTRY_message_0001	useremo gli ultimi dati di Squadra registrati.
MAN_DATAENTRY_message_0002	Iscriviti all'Area Championship.
MAN_DATAENTRY_message_0003	Non iscriverti all'Area Championship;\ntorna a Registrazione / Richieste.
MAN_DATAENTRY_message_0004	AREA CHAMPIONSHIP Requisiti
MAN_DATAENTRY_message_0005	*Per l'AREA CHAMPIONSHIP useremo gli ultimi dati di Squadra registrati.
MAN_DATAENTRY_message_0006	Per l'iscrizione all'Asia Championship
MAN_DATAENTRY_message_0007	Iscriviti all'Asia Championship.
MAN_DATAENTRY_message_0008	Non iscriverti all'Asia Championship;\ntorna a Registrazione / Richieste.
MAN_DATAENTRY_message_0009	ASIA CHAMPIONSHIP Requisiti
MAN_DATAENTRY_message_0010	*Per l'ASIA CHAMPIONSHIP useremo gli ultimi dati di Squadra registrati.
MAN_DATAENTRY_window_0000	Iscriviti
MAN_DATAENTRY_window_0001	Non iscriverti
MAN_DATAENTRY_window_0002	Iscrizione all'Area Championship.\n\nVa bene?
MAN_DATAENTRY_window_0003	Regolamento non rispettato.\n\n$c[FF6347FF]Squadra$c\nti permette di cambiarlo.
MAN_DATAENTRY_window_0004	Regolamento non rispettato.\n\nPer iscriverti\ndevi registrare 16 giocatori.
MAN_DATAENTRY_window_0005	\nIscrizione all'Area Championship\ncompletata.
MAN_DATAENTRY_window_0006	\nLe iscrizioni al prossimo AREA CHAMPIONSHIP sono chiuse.\n$c[FF6347FF]Potrai iscriverti di nuovo dalla prossima settimana$c.
MAN_DATAENTRY_window_0007	Iscrizione all'Asia Championship.\n\nVa bene?
MAN_DATAENTRY_window_0008	\nIscrizione all'Asia Championship\ncompletata.
MAN_DATAENTRY_window_0009	\nLe iscrizioni al prossimo ASIA CHAMPIONSHIP sono chiuse.\n$c[FF6347FF]Potrai iscriverti di nuovo dalla prossima settimana$c.
MAN_DATA_contents_0001	%d / N.%d
MAN_DATA_contents_0002	$%dM + $%d00
MAN_DATA_contents_0003	$%dM + $%d00
MAN_DATA_contents_0004	V%d
MAN_DATA_contents_0005	S%d
MAN_DATA_contents_0006	P%d
MAN_DATA_contents_0008	%d yen
MAN_DATA_contents_0011	Ancora %d incontri
MAN_DATA_contents_0012	Scaduto
MAN_DATA_contents_0013	Pronto
MAN_DATA_contents_0014	Fatto
MAN_DATA_contents_0015	Nessuno
MAN_DATA_contents_0016	%d pts /  %d pos.
MAN_DATA_contents_0017	%s / N.%d
MAN_DATA_header_0000	In carica
MAN_DATA_header_0001	Scaduto
MAN_DATA_header_0002	Trasferito
MAN_DATA_header_0003	Trasferibile
MAN_DATA_header_0012	Titolo:
MAN_DATA_header_0013	Livello:
MAN_DATA_header_0016	Premi/Pos.:
MAN_DATA_header_0019	Class. WCFA mensile:
MAN_DATA_header_0020	Punti WCFA mensili:
MAN_DATA_header_0021	Record punti WT:
MAN_DATA_header_0022	Punti WT/Pos.:
MAN_DATA_menu_0003	Dati Intesa
MAN_DATA_message_0000	Club Card in carica.\nContratto: ancora %d incontri.
MAN_DATA_message_0001	Contratto concluso su questa Club Card.\nInseriscila con una nuova Club Card per trasferire i dati.
MAN_DATA_message_0002	Dati trasferiti da questa Club Card.\nNon puoi giocare con questa Club Card.
MAN_DATA_message_0003	Trasferisci i dati per firmare un contratto.
MAN_DATA_message_0004	Club Card solo per location test.\nNon puoi trasferire i dati.
MAN_DATA_prizedata_0000	Class. Premi
MAN_DATA_prizedata_0001	Ieri (Giappone):
MAN_DATA_prizedata_0002	Ieri (Zona):
MAN_DATA_prizedata_0003	Class. Sett. Scorsa
MAN_DATA_prizedata_0004	Sett. sc. (Giappone):
MAN_DATA_prizedata_0005	Sett. sc. (Zona):
MAN_DATA_ranking_0000	N.%d
MAN_DATA_ranking_0001	---
MAN_DATA_wtdata_0000	Classifica World Trophy
MAN_DATA_wtdata_0001	Questo torneo:
MAN_DATA_wtdata_0002	1o Turno
MAN_DATA_wtdata_0003	Avanzi al 2o Turno
MAN_DATA_wtdata_0004	Avanzi ai Quarti
MAN_DATA_wtdata_0007	Punti questo torneo:
MAN_DATA_wtdata_0008	3 ed. fa
MAN_DATA_wtdata_0009	2 ed. fa
MAN_DATA_wtdata_0010	Scorsa
MAN_DATA_wtdata_0011	Out al 1o Turno
MAN_DATA_wtdata_0016	Punti WT:
MAN_DATA_wtdata_0017	Ieri (Giappone):
MAN_DATA_wtdata_0018	Ieri (Zona):
MAN_DATA_wtdata_0019	Record punti WT:
MAN_DATA_wtdata_0020	Sett. sc. (Giappone):
MAN_DATA_wtdata_0021	Sett. sc. (Zona):
MAN_DAT_message_0000	Dati Squadra ti fa rivedere la storia della squadra.
MAN_DAT_message_0001	Dati Giocatori mostra i profili dei giocatori.
MAN_DAT_message_0002	Dati Allenatore mostra la tua carriera finora.
MAN_DAT_message_0003	Dati Intesa mostra le intese della squadra.
MAN_ENTRY_contents_0000	Centrale
MAN_ENTRY_contents_0001	Ala destra
MAN_ENTRY_contents_0003	Ala sinistra
MAN_ENTRY_contents_0004	Controp.
MAN_ENTRY_contents_0005	Centrale
MAN_ENTRY_contents_0006	Ala destra
MAN_ENTRY_contents_0008	Ala sinistra
MAN_ENTRY_contents_0009	Controp.
MAN_ENTRY_message_0001	La squadra puo' andare avanti con pochi fondi.\nLe nostre $c[FF6347FF]finanze prospereranno$c.
MAN_ENTRY_message_0005	Abbiamo alcuni dei migliori giocatori al mondo.\nGuadagna premi per evitare $c[FF6347FF]guai economici$c.
MAN_ENTRY_message_0006	Una vera squadra di stelle.\nSenza premi, i $c[FF6347FF]guai economici$c sono certi.
MAN_ENTRY_message_0007	Le finanze della squadra sono molto tese.\nCosi' la squadra rischia il $c[FF6347FF]fallimento$c!
MAN_ENTRY_message_0008	AREA CHAMPIONSHIP Requisiti
MAN_ENTRY_message_0009	Titolo
MAN_ENTRY_message_0010	Fine contr.
MAN_ENTRY_message_0012	+
MAN_FACILITIES_message_0000	Scegli un menu per visitare una struttura.\nLa Squadra si chiude %d secondi prima del fischio d'inizio.
MAN_FACILITIES_message_0001	Scegli un menu per visitare una struttura.\nLa Squadra si chiude 20 secondi prima del fischio d'inizio.
MAN_FACILITIES_message_0002	Scegli un menu per visitare una struttura.
MAN_FACILITIES_message_0004	In campo l'$c[FF6347FF]Allenamento di Squadra$c ne alza le abilita'.
MAN_FACILITIES_message_0005	In campo puoi fare l'$c[FF6347FF]Allenamento Individuale$c.
MAN_FACILITIES_message_0006	In Sala Riunioni i giudizi sviluppano il $c[FF6347FF]senso tattico$c.
MAN_FACILITIES_message_0007	Nell'Uff. Allenatore, $c[FF6347FF]assegna i ruoli$c,\nvedi i dati, $c[FF6347FF]registra la squadra$c e $c[FF6347FF]invia sfide$c.
MAN_FACILITIES_message_0008	In Lounge convoca 2 giocatori per aumentare l'$c[FF6347FF]intesa$c.
MAN_FACILITIES_message_0009	In Infermeria\nconvoca i giocatori per gestire le $c[FF6347FF]condizioni$c.
MAN_ICON_card_0003	Ancora 1
MAN_ICON_card_0004	Ancora 2
MAN_MANAGER_contents_0001	%d / %d
MAN_MANAGER_contents_0002	$%dM + $%d00
MAN_MANAGER_contents_0003	V%d
MAN_MANAGER_contents_0004	S%d
MAN_MANAGER_contents_0005	P%d
MAN_MANAGER_contents_0007	Classe %d
MAN_MANAGER_header_0000	Liv:
MAN_MANAGER_header_0005	Miglior World Trophy:
MAN_MANAGER_header_0014	1o
MAN_MANAGER_header_0015	2o
MAN_MANAGER_header_0016	3o
MAN_MANAGER_header_0017	4o
MAN_MANAGER_header_0018	5o
MAN_MANAGER_header_0019	6o
MAN_MANAGER_header_0020	7o
MAN_MANAGER_header_0021	8o
MAN_MANAGER_header_0022	Class. WCFA mensile:
MAN_MANAGER_header_0023	Punti WCFA mensili:
MAN_MANAGER_header_0024	Serie World Trophy mensile:
MAN_MANAGER_header_0025	Class. Premi:
MAN_MANAGER_header_0026	Giappone
MAN_MANAGER_header_0027	Zona
MAN_MANAGER_message_0000	I tuoi risultati finora.
MAN_MANAGER_message_0001	I tuoi risultati finora.\nClassifiche nazionali: agg. 1 volta al giorno.
MAN_MAP_explain_0000	All. Squadra
MAN_MAP_explain_0001	Assegna Ruoli
MAN_MAP_explain_0002	All. Singolo
MAN_MAP_explain_0003	Squadra
MAN_MAP_explain_0010	Dubbi e Lamentele
MAN_MAP_explain_0011	Dati Intesa
MAN_MAP_explain_0012	Valut. Intesa
MAN_MAP_explain_0013	Condizioni
MAN_MAP_explain_0014	Abilita' UP
MAN_MAP_explain_0015	Assegna Ruoli
MAN_MAP_explain_0016	Abil. Spec. UP
MAN_MAP_explain_0017	Intesa UP
MAN_MAP_explain_0018	Infortuni e Resist.
MAN_MAP_header_0002	Uff. Allenatore
MAN_MAP_header_0003	Sala Riunioni
MAN_MAP_header_0004	Lounge
MAN_MAP_header_0005	Infermeria
MAN_MAP_header_0007	Corridoio
MAN_MENU_action_0000	Squadra
MAN_MENU_action_0006	Dati Intesa
MAN_MENU_button_0001	Indietro
MAN_MENU_button_0003	Licenza Allenatore
MAN_MENU_button_0004	Abilita' Giocatori
MAN_MENU_button_0005	Abilita' Speciali
MAN_MENU_button_0006	Ruoli e Numeri
MAN_MENU_button_0007	Intese
MAN_MENU_button_0008	Condizioni
MAN_MENU_button_0009	Dati Allenatori Passati
MAN_MENU_facilities_0001	Sala Riunioni
MAN_MENU_facilities_0002	Uff. Allenatore
MAN_MENU_facilities_0003	Lounge
MAN_MENU_facilities_0004	Infermeria
MAN_MENU_facilities_0006	Allenamento Individuale
MAN_MENU_facilities_0007	Squadra e Dati
MAN_MENU_facilities_0009	Valutazione Intesa
MAN_MENU_facilities_0010	Condizioni
MAN_MENU_header_0003	Sala Riunioni
MAN_MENU_header_0004	Uff. Allenatore
MAN_MENU_header_0005	Lounge
MAN_MENU_header_0006	Infermeria
MAN_MENU_header_0010	Allenamento Individuale
MAN_MENU_header_0011	Squadra e Dati
MAN_MENU_header_0013	Valutazione Intesa
MAN_MENU_header_0014	Condizioni
MAN_MENU_term_0000	Contratto: %d
MAN_MENU_time_0000	Chiusura tra
MAN_MENU_time_0002	Carta tra
MAN_MENU_time_0003	Tempo rimasto
MAN_PLAYER_contents_0006	Abilita' Speciali
MAN_PLAYER_contents_0007	Abilita'
MAN_PLAYER_contents_0008	Ingaggiato
MAN_PLAYER_header_0003	Dati Giocatore
MAN_PLAYER_header_0005	Presenze:
MAN_PLAYER_header_0006	Gol:
MAN_PLAYER_header_0007	Assist:
MAN_PLAYER_message_0000	Scegli un giocatore per vedere\ni suoi dati dettagliati.
MAN_PRIZE_value_0000	$%d milioni
MAN_PRIZE_value_0001	$%d00
MAN_RETIRE_contents_0000	$p[16]$t[0:1]***$t$p  DIMISSIONI  $p[16]$t[0:1]***$t$p
MAN_RETIRE_contents_0001	Incontri rimasti: %d
MAN_RETIRE_contents_0002	Lasci questa squadra?
MAN_RETIRE_contents_0003	Vuoi davvero dimetterti?
MAN_RETIRE_message_0000	Per trasferire i dati,\n$c[FF6347FF]serve una nuova Club Card$c.
MAN_RETIRE_message_0001	Avvio la procedura di dimissioni.\nFai valere l'ultima decisione.
MAN_RETIRE_message_0002	Se ti dimetti,\n$c[FF6347FF]questa Club Card non sara' piu' utilizzabile$c.
MAN_Regist_menu_0000	Squadra
MAN_Regist_menu_0002	Offerta Scambio
MAN_Regist_menu_0003	Iscr. Partita Dati
MAN_Regist_message_0000	Registra giocatori, imposta tattiche e altro.\nLa Squadra chiude 30 sec prima del fischio d'inizio.
MAN_Regist_message_0001	Sfida i giocatori di questa sala o imposta una partita CPU.\nLe sfide chiudono 60 sec prima del fischio d'inizio.
MAN_Regist_message_0002	Offri scambi di giocatori agli altri in questa sala.\nLe offerte chiudono 30 sec prima del fischio d'inizio.
MAN_Regist_message_0003	Iscriviti all'$c[FF6347FF]AREA CHAMPIONSHIP$c.\nL'iscrizione chiude 30 sec prima del fischio d'inizio.
MAN_Regist_message_0004	Puoi dimetterti prima della fine del contratto.
MAN_Regist_message_0005	Iscriviti all'$c[FF6347FF]ASIA CHAMPIONSHIP$c.\nL'iscrizione chiude 30 sec prima del fischio d'inizio.
MAN_TEAMENTRY_dataentry_0000	AREA CHAMPIONSHIP Requisiti
MAN_TEAMENTRY_dataentry_0001	Requisiti Titolo
MAN_TEAMENTRY_dataentry_0009	%s / 16 giocatori
MAN_TEAMENTRY_dataentry_0010	ASIA CHAMPIONSHIP Requisiti
MAN_TEAM_contents_0000	$%dM+$%d00
MAN_TEAM_contents_0001	%dV
MAN_TEAM_contents_0002	%dS
MAN_TEAM_contents_0003	%dP
MAN_TEAM_contents_0029	%dV
MAN_TEAM_contents_0030	%dS
MAN_TEAM_contents_0031	%dP
MAN_TEAM_contents_0032	Classe %d
MAN_TEAM_contents_0041	Ultime 4
MAN_TEAM_contents_0042	Out 1o T.
MAN_TEAM_contents_0045	%dV
MAN_TEAM_contents_0046	%dS
MAN_TEAM_contents_0047	%dP
MAN_TEAM_contents_0049	GS
MAN_TEAM_contents_0052	0
MAN_TEAM_contents_0060	Ai Quarti
MAN_TEAM_contents_0061	Al Turno %d
MAN_TEAM_header_0005	Dati Titoli
MAN_TEAM_header_0006	Divisione:
MAN_TEAM_header_0007	Partecipaz.:
MAN_TEAM_header_0008	Risultati:
MAN_TEAM_header_0009	Precedente:
MAN_TEAM_header_0010	Migliore:
MAN_TEAM_header_0011	Record stagione:
MAN_TEAM_header_0013	Pt
MAN_TEAM_header_0014	DR
MAN_TEAM_header_0015	1o
MAN_TEAM_header_0016	2o
MAN_TEAM_header_0017	3o
MAN_TEAM_header_0018	4o
MAN_TEAM_header_0019	5o
MAN_TEAM_header_0020	6o
MAN_TEAM_header_0021	7o
MAN_TEAM_header_0022	8o
MAN_TEAM_message_0000	Scegli un titolo per vedere\ni suoi dati dettagliati.
MAN_TICKER_contents_0003	Turno 1
MAN_TICKER_contents_0004	Turno 2
MAN_TICKER_contents_0005	Turno 3
MAN_TICKER_contents_0006	Turno 4
MAN_TICKER_contents_0007	Turno 5
MAN_TICKER_contents_0008	Turno 6
MAN_TICKER_contents_0009	Turno 7
MAN_TICKER_contents_0010	Turno 8
MAN_TICKER_contents_0011	Turno 9
MAN_TICKER_contents_0012	Premier
MAN_TICKER_contents_0017	Partita inaug.
MAN_TICKER_contents_0018	Giornata 2
MAN_TICKER_contents_0019	Giornata 3
MAN_TICKER_contents_0020	Giornata 4
MAN_TICKER_contents_0021	Giornata 5
MAN_TICKER_contents_0022	Giornata 6
MAN_TICKER_contents_0023	Ultima giornata
MAN_TICKER_message_0000	*$c[FF6347FF]%s$c ti ha sfidato a un incontro*
MAN_TICKER_message_0001	*Incontro fissato con $c[FF6347FF]%s$c*
MAN_TICKER_message_0002	*L'allenatore $c[FF6347FF]%s$c ti ha sfidato a un incontro*
MAN_TICKER_message_0003	*Il prossimo avversario e' $c[FF6347FF]%s$c*
MAN_TICKER_message_0005	*La tua sfida a $c[FF6347FF]%s$c e' stata annullata*
MAN_TICKER_message_0006	*Le finanze della squadra si fanno $c[FF6347FF]difficili$c*
MAN_TICKER_message_0007	*Prossimo incontro: Regular League, $c[FF6347FF]partita inaugurale$c*
MAN_TICKER_message_0008	*Prossimo incontro: Regular League, $c[FF6347FF]ultima giornata$c*
MAN_TICKER_message_0009	*Prossimo incontro: il derby $c[FF6347FF]%s$c*
MAN_TICKER_message_0010	*Prossimo incontro: contro l'allenatore $c[FF6347FF]%s$c*
MAN_TICKER_message_0011	*Il tuo avversario e' $c[FF6347FF]%s$c*
MAN_TICKER_message_0012	*Prossimo incontro: $c[FF6347FF]%s$c*
MAN_TICKER_message_0013	*Prossimo incontro: $c[FF6347FF]World Trophy$c %s*
MAN_TICKER_message_0014	*Prossimo incontro: $c[FF6347FF]Regular League Divisione %s$c %s*
MAN_TICKER_message_0015	*Prossimo incontro: $c[FF6347FF]World Trophy$c*
MAN_TICKER_message_0016	*Prossimo incontro: $c[FF6347FF]Regular League Divisione %s$c*
MAN_TICKER_message_0017	*Prossimo incontro: $c[FF6347FF]%s$c*
MAN_TICKER_message_0018	*$c[FF6347FF]%s$c ti ha offerto uno scambio*
MAN_TICKER_message_0019	*Scambio concluso con $c[FF6347FF]%s$c*
MAN_TOP_menu_0001	All. Squadra
MAN_TOP_menu_0003	Vedi Dati
MAN_TOP_menu_0004	Registra / Richieste
MAN_TOP_message_0000	Scegli un menu.\nLa Squadra chiude %d secondi prima del fischio d'inizio.
MAN_TOP_message_0002	Fai l'$c[FF6347FF]Allenamento di Squadra$c per alzare le abilita' di tutti.
MAN_TOP_message_0003	$c[FF6347FF]Comunica$c con i giocatori per migliorarne molte abilita'.
MAN_TOP_message_0004	Vedi i $c[FF6347FF]vari dati$c, come i risultati della squadra finora.
MAN_TOP_message_0005	Fai $c[FF6347FF]registrazioni$c e $c[FF6347FF]richieste$c, come Squadra e sfide.\nQui trovi anche Iscr. Partita Dati e offerte di scambio.
MAN_TOP_title_0000	Gestione Squadra
MAN_TRADE_message_0000	Offri scambi ad altre squadre fino a 30 sec dal fischio d'inizio.\nLo scambio si fa quando anche loro ne offrono uno.
MAN_TRADE_message_0001	Questo satellite non accetta offerte di scambio.
MAN_TRADE_message_0002	Scambio offerto a %s.\nLo scambio si fa quando anche lui ne offre uno.
MAN_TRADE_message_0003	$c[FF6347FF]Il giocatore ceduto e' lo stesso$c.\nLo scambio non e' possibile.
MAN_TRADE_message_0004	$c[FF6347FF]Scegli il giocatore da cedere$c.\nSenza un giocatore da cedere non puoi scambiare.
MAN_TRADE_message_0005	Hai offerto uno scambio a questa squadra.\nLo scambio si fa quando anche lei ne offre uno.
MAN_TRADE_message_0006	Offerta di %s accettata. Scambio concluso.
MAN_TRADE_message_0007	Accetti offerte di scambio da altri satelliti.
MAN_TRADE_message_0008	Scambi possibili fino a 30 sec dal fischio d'inizio.
MAN_TRADE_message_0009	Le offerte di altri satelliti saranno rifiutate.\nTutte le offerte attuali saranno $c[FF6347FF]annullate$c.
MAN_TRADE_message_0010	Tutte le $c[FF6347FF]offerte di scambio saranno annullate$c.\nScambi possibili fino a 30 sec dal fischio d'inizio.
MAN_TRADE_message_0011	Cambi il giocatore ceduto.\nTutte le offerte attuali saranno $c[FF6347FF]annullate$c.
MAN_TRADE_message_0012	Tutte le $c[FF6347FF]offerte saranno annullate$c e il giocatore cambiato.\nScambi possibili fino a 30 sec dal fischio d'inizio.
MAN_TRADE_message_0013	Scegli il giocatore da cedere negli scambi e premi OK.\nUn giocatore puo' $c[FF6347FF]trasferirsi al massimo 2 volte$c.
MAN_TRADE_message_0014	Il loro giocatore $c[FF6347FF]e' gia' nella tua squadra.$c\nLo scambio non e' possibile.
MAN_TRADE_message_0015	Per scambiare devi scegliere un giocatore da cedere.\nScegli un giocatore.
MAN_TRADE_player_0000	Scegli giocatore
MAN_TRADE_player_0001	Cedi
MAN_TRADE_player_0002	Trasferito
MAN_TRADE_player_0003	No scambio
MAN_TRADE_seat_0002	Scambi aperti
MAN_TRADE_seat_0003	No scambi
MAN_TRADE_seat_0004	Offerta inviata
MAN_TRADE_seat_0005	In attesa
MAN_TRADE_seat_0006	---
MAN_TRADE_seat_0007	Accetta scambi
MAN_TRADE_seat_0008	Rifiuta scambi
MAN_TRADE_seat_0009	Cambia giocatore
MAN_TRADE_window_0000	Rimanda
MAN_TRADE_window_0001	Non rimandare
MAN_TRADE_window_0002	Scambio alle condizioni sotto.\n\n\n\nInvii l'offerta di scambio?
MAN_TRADE_window_0003	Scambio concluso.\n\nDopo la $c[FF6347FF]Squadra$c,\npotrai usare il giocatore\nottenuto con lo scambio.
MAN_TRADE_window_0004	Un giocatore scambiato non e' ancora registrato.\nVuoi metterlo in attesa?\n\n* In attesa, non puo' giocare finche' non e' registrato.\n* In attesa: puoi registrare al massimo altri 15 giocatori.
MAN_TRADE_window_0005	Scambio alle condizioni qui sotto.\n\n\n\nIl giocatore ottenuto non sara' piu' cedibile.\nVuoi inviare l'offerta di scambio?
MAN_TRADE_window_0006	Scambio alle condizioni qui sotto.\n\n\n\nIl giocatore ceduto non sara' piu' cedibile.\nVuoi inviare l'offerta di scambio?
MAN_TRADE_window_0007	Scambio alle condizioni qui sotto.\n\n\n\nNessuno dei due sara' piu' cedibile.\nVuoi inviare l'offerta di scambio?
MAN_TRADE_window_0008	Offerta di scambio inviata.\n\nDurante l'offerta non puoi\ncambiare la Registrazione squadra.\nDopo lo scambio devi iscriverlo\nin $c[FF6347FF]Registrazione squadra$c.
MAN_TRADE_window_0009	C'e' un giocatore scambiato in attesa.\n\nPer fare un nuovo scambio,\niscrivilo in $c[FF6347FF]Registrazione squadra$c\no rifiutalo.
MAN_TRADE_window_0010	Senza registrazione o attesa i dati vengono cancellati.\nElimino i dati del giocatore?
MAN_TRADE_window_0013	\nPuoi fare 1 solo scambio per ogni sessione di gestione.\nAttendi la prossima sessione.
NET_TWIT_WT_area_0000	[Classifica WT %d/%d-%d/%d] Da %s e' emerso il n.1 dell'area %s: "%s (All. %s)"!
NET_TWIT_WTjapan_0000	[Classifica WT %d/%d-%d/%d] Da %s e' emerso il n.1 nazionale: "%s (All. %s)"!
NET_TWIT_data_area_0000	[Risultato AC n.%d (%s)] Da %s e' emerso il Campione dell'area %s: "%s (All. %s)"!
NET_TWIT_data_japan_0000	[Risultato JWC n.%d] Da %s e' emerso il campione nazionale: "%s (All. %s)"!
NET_TWIT_data_world_0000	[Risultato WWC n.%d] Da %s e' emerso il campione del mondo: "%s (All. %s)"!
NET_TWIT_event_0000	[Notizie WCCF] "All. %s/%s" ha vinto il suo primo World Trophy!
NET_TWIT_event_0001	[Notizie WCCF] "%s (All. %s)/%s" ha vinto il World Trophy per %d volte di fila!
NET_TWIT_event_0002	Ha vinto tutti i titoli del negozio: inizia un'era d'oro! [Notizie WCCF]
NET_TWIT_playlog_0000	vs "%s (All. %s)/%s" %d - %d: %s (%s) [Notizie WCCF]
NET_TWIT_playlog_0001	%d vittorie di fila! [Notizie WCCF]
NET_TWIT_playlog_0002	Ha vinto la %s! [Notizie WCCF]
NET_TWIT_playlog_0003	Ha raggiunto la %s Div (%s). [Notizie WCCF]
NET_TWIT_playlog_0004	vs "%s (All. %s)/%s" %d - %d (rigori: %d - %d): %s (%s) [Notizie WCCF]
NET_TWIT_playlog_0005	Vittoria
NET_TWIT_playlog_0006	Pareggio
NET_TWIT_playlog_0007	Sconfitta
NET_TWIT_playlog_0008	La squadra e' in difficolta' finanziarie... [Notizie WCCF]
NET_TWIT_playlog_0009	"%s (All. %s)" vs "%s (All. %s)" %d - %d: %s (%s) [Notizie WCCF]
NET_TWIT_playlog_0010	"%s (All. %s)" vs "%s (All. %s)" %d - %d (rigori: %d - %d): %s (%s) [Notizie WCCF]
NET_TWIT_title_0018	-
NET_TWIT_updown_0000	Promosso
NET_TWIT_updown_0001	Retrocesso
NET_TWIT_week_0000	Domenica
PRO_PRO_battlelist_0012	%s [%s]
PRO_PRO_battlelist_0013	CPU
PRO_PRO_battlelist_0014	All.:%s  Negozio:%s [%s]
PRO_PRO_battlelist_0015	All.:%s  Negozio:%s
PRO_PRO_battlelist_0031	All.:%s
PRO_PRO_battlelist_0032	Negozio:%s [%s]
PRO_PRO_battlelist_0033	Negozio:%s
PRO_PRO_battlelist_0035	[%s]
PRO_PRO_battlelist_0040	Nessuna
PRO_PRO_condition_0000	Requisiti:
PRO_PRO_condition_0001	Regolamento:
PRO_PRO_condition_0002	REGULAR (solo carte regular)
PRO_PRO_condition_0003	U-5 (max 5 carte rare e special)
PRO_PRO_condition_0004	U-5R (max 5 carte rare)
PRO_PRO_condition_0005	Punti totali %d o meno
PRO_PRO_condition_0008	Vinto King's Club Cup
PRO_PRO_condition_0009	Vinto Continental Cup
PRO_PRO_condition_0010	Vinti 1 o piu' titoli
PRO_PRO_condition_0012	Premier Division: primi 6
PRO_PRO_condition_0013	Premier Division: primi 4
PRO_PRO_condition_0014	Vinto Oceans Cup o un titolo Grade S
PRO_PRO_condition_0015	Vinto Champions Trophy
PRO_PRO_condition_0016	Iscrizione
PRO_PRO_condition_0023	Titoli vinti
PRO_PRO_condition_0026	Giocato in 1st Division
PRO_PRO_condition_0027	Vinto Nations Cup
PRO_PRO_explanation_0001	Premio
PRO_PRO_explanation_0003	Si tratta di: %s %s. Iscriviti.
PRO_PRO_explanation_0004	$%dM+$%d00
PRO_PRO_explanation_0008	$%dM
PRO_PRO_explanation_0009	$%d,000,000
PRO_PRO_explanation_0011	Coppa Dom.
PRO_PRO_explanation_0012	Coppa Lun.
PRO_PRO_explanation_0013	Coppa Mar.
PRO_PRO_explanation_0014	Coppa Mer.
PRO_PRO_explanation_0015	Coppa Gio.
PRO_PRO_explanation_0016	Coppa Ven.
PRO_PRO_explanation_0017	Coppa Sab.
PRO_PRO_form_0000	Amichevole (rigori)
PRO_PRO_form_0001	Amichevole (no rigori)
PRO_PRO_form_0002	Torneo
PRO_PRO_form_0003	Torneo A/R
PRO_PRO_form_0004	Girone
PRO_PRO_form_0005	Girone e Torneo
PRO_PRO_form_0006	Girone e Sfida titolo
PRO_PRO_game_0008	%d'
PRO_PRO_game_0013	Intervallo
PRO_PRO_game_0019	Recupero
PRO_PRO_game_0025	%d - %d
PRO_PRO_game_0028	 %d'
PRO_PRO_game_0030	1T 
PRO_PRO_game_0032	INT
PRO_PRO_game_0033	Intervallo
PRO_PRO_game_0035	2T 
PRO_PRO_game_0037	FIN
PRO_PRO_game_0039	 Recupero
PRO_PRO_game_0043	All.: %s
PRO_PRO_game_0044	All.: CPU
PRO_PRO_game_0045	Premio 
PRO_PRO_game_0047	In onda: %s%s %s%s.
PRO_PRO_game_0048	In onda: %s%s %s.
PRO_PRO_game_0050	In onda: %s%s %s %s.
PRO_PRO_ranking_0000	Top allenatori
PRO_PRO_ranking_0001	Marcatori
PRO_PRO_ranking_0002	Assist
PRO_PRO_ranking_0006	Giocatore
PRO_PRO_ranking_0007	Gol
PRO_PRO_ranking_0008	Assist
PRO_PRO_ranking_0012	Classifica premi
PRO_PRO_ranking_0013	%04d.%02d.%02d-%04d.%02d.%02d
PRO_PRO_ranking_0014	Classifica negozio %s
PRO_PRO_ranking_0015	%s [%s]
PRO_PRO_ranking_0016	Classifica World Trophy
PRO_PRO_ranking_0019	Posti
PRO_PRO_ranking_0020	Punti
PRO_PRO_ranking_0021	Area
PRO_PRO_ranking_0025	Rapp. area
PRO_PRO_ranking_0028	Premi %s
PRO_PRO_ranking_0029	Negozio loc.
PRO_PRO_round_0000	Turno 1
PRO_PRO_round_0002	Turno 2
PRO_PRO_round_0004	Turno 3
PRO_PRO_round_0006	Turno 4
PRO_PRO_round_0008	Turno 5
PRO_PRO_round_0016	Fase a gironi
PRO_PRO_round_0018	Andata
PRO_PRO_round_0020	Ritorno
PRO_PRO_round_0022	Spareggio
PRO_PRO_round_0025	Sfida titolo
PRO_PRO_round_0032	Amichevole
PRO_PRO_round_0034	Amichevole (rigori)
PRO_PRO_round_0036	Giorn. 1
PRO_PRO_round_0037	Giorn. 2
PRO_PRO_round_0038	Giorn. 3
PRO_PRO_round_0039	Giorn. 4
PRO_PRO_round_0040	Giorn. 5
PRO_PRO_round_0041	  Girone
PRO_PRO_round_0053	(no rigori)
PRO_PRO_round_0054	(con rigori)
PRO_PRO_round_0057	Online
PRO_PRO_round_0058	Out turno 1
PRO_PRO_round_0059	Al turno 2
PRO_PRO_round_0060	Out turno 2
PRO_PRO_round_0061	Al turno 3
PRO_PRO_round_0062	Out turno 3
PRO_PRO_round_0063	Al turno 4
PRO_PRO_round_0064	Out turno 4
PRO_PRO_round_0065	Ai quarti
PRO_PRO_round_0070	Finalista
PRO_PRO_round_0071	Alla fase finale
PRO_PRO_round_0072	Fuori dai gironi
PRO_PRO_round_0073	Challenge Match
PRO_PRO_seat_0001	Non idoneo
PRO_PRO_seat_0003	Iscr. aperta
PRO_PRO_seat_0006	Chiusura iscr. tra %ss
PRO_PRO_seat_0007	Chiusura iscr. tra
PRO_PRO_seat_0009	s
PRO_PRO_seat_0010	Iscr. chiusa
PRO_PRO_title_0012	W4 Title Holder's Cup
PRO_PRO_title_0022	International
PRO_PRO_title_0028	World Trophy
PRO_PRO_title_0030	WCCF Cup
PRO_PRO_title_0034	World Trophy/Regular League
PRO_PRO_title_0036	Nations Cup
PRO_PRO_title_0038	Oceans Cup
PRO_PRO_title_0040	Area Championship
PRO_PRO_title_0044	Japan Winner's
PRO_PRO_title_0046	Championship
PRO_PRO_title_0048	HOKKAIDO/TOHOKU
PRO_PRO_title_0052	TOKYO/KANAGAWA
PRO_PRO_title_0065	World Winner's Championship
PRO_PRO_title_0067	Challenge Match
PRO_PRO_title_0069	World Winner's
PRO_PRO_title_0071	Championship
SYS_ADV_compe_0000	Regolamento: %s
SYS_ADV_compe_0001	REGULAR (solo carte regular)
SYS_ADV_compe_0002	U-5 (max 5 carte rare e special)
SYS_ADV_compe_0003	U-5R (max 5 carte rare)
SYS_ADV_compe_0004	Punti totali %d o meno
SYS_ADV_compe_0008	Vuoi ritirarti dalla\nWCCF CUP?
SYS_ADV_compe_0011	WCCF Cup in corso
SYS_ADV_compe_0012	Non puoi iscriverti al torneo.
SYS_ADV_normal_0011	Scegli la modalita' di gioco
SYS_ADV_normal_0012	Incontri secondo il calendario della sala.
SYS_ADV_normal_0013	Sfida giocatori di tutto il Paese.
SYS_ADV_normal_0014	Questo cabinato e' offline.\nFunzioni di rete non disponibili.
SYS_ADV_normal_0015	Non ti sei qualificato,\nquindi non puoi scegliere il gioco nazionale.
SYS_ADV_right_0002	Arsenal: ? & c 2006 Arsenal Football Club Plc.Licensed by Granada Ventures\nChelsea FC: c 2006 Chelsea Football Clubs Limited\nLiverpool FC: ? & c 2006 Liverpool Football Club & Athletic Grounds Plc. Licensed by Granada Ventures\nThe player and club statistics are absolutely not from Liverpool Football Club nor they endorsed by the club in any way.\nIt is important to note that the club and Player Statistics have been prepared from information gathered by Panini S.p.A.\nfor the seasons as indicated on the products and not from the club themselves.\nManchester United: Crest & Imagery c MU Ltd.\nNewcastle United: Newcastle United appears under licence from Newcastle United Football Company Limited ("Newcastle FC"). \nThe Newcastle United club crest and imagery c Newcastle FC. All rights reserved.\nOlympique Lyonnais: c 2006 Olympique Lyonnais - Tous droits reserves\nOlympique de Marseille: c Olympique de Marseille.\nParis Saint-Germain FC: c PSG / PSG Merchandising 2005\nc Credits photos Christian Gavelle\nFC Bayern Muenchen
SYS_CARD_warning_0002	Un giocatore sostituito\nnon puo' rientrare.
SYS_CARD_warning_0003	Troppi giocatori in campo\nSposta i sostituiti nell'area panchina
SYS_CARD_warning_0004	Max 3 cambi a partita
SYS_CARD_warning_0005	Entrate e uscite devono coincidere
SYS_CARD_warning_0006	Nessuna Player Card doppia
SYS_CARD_warning_0007	Una squadra puo' avere\nmax 16 giocatori.
SYS_CARD_warning_0008	Giocatori in campo:\nmassimo 11.
SYS_CARD_warning_0009	E' stata posizionata una carta\nnon valida in questo gioco.
SYS_CARD_warning_0010	Giocatori in campo insufficienti
SYS_CARD_warning_0011	Ci sono solo\n%d giocatori in campo.\nVuoi iniziare comunque l'incontro?
SYS_CARD_warning_0012	Regolamento non rispettato\n-- Regolamento --\nREGULAR (solo Regular Card)
SYS_CARD_warning_0013	Regolamento non rispettato\n-- Regolamento --\nU-5 (Max 5 Rare e Special Card)
SYS_CARD_warning_0014	Per usare nuove Player Card,\nfai prima la Registrazione squadra.
SYS_CARD_warning_0015	Giocatori in campo insufficienti\nMetti almeno 7 giocatori in campo
SYS_CARD_warning_0018	%s:\nSe vinci, i dati della squadra campione\nsono quelli dell'ultima registrazione.
SYS_CARD_warning_0019	Regolamento non rispettato\n-- Regolamento --\nU-5R (Max 5 Rare Card)
SYS_CARD_warning_0020	Regolamento non rispettato\n-- Regolamento --\nPunti totali (Punti totali %d o meno)
SYS_CARD_warning_0021	Giocatori insufficienti\nIscrivi 16 giocatori per squadra
SYS_CARD_warning_0022	Durante %s\nnon puoi cambiare i giocatori.
SYS_CARD_warning_0023	Confermi i nuovi giocatori?
SYS_COACH_title_0000	Nessuno
SYS_COACH_title_0014	Scopritore
SYS_COACH_title_0015	Salvatore
SYS_COACH_title_0022	Duca
SYS_COACH_title_0023	Stratega
SYS_COACH_title_0024	Tattico
SYS_COACH_title_0025	Erede
SYS_COACH_title_0026	Confidente
SYS_COACH_title_0027	Mediatore
SYS_COACH_title_0028	Sicario
SYS_COACH_title_0029	Ribelle
SYS_COACH_title_0030	Golden Boy
SYS_COACH_title_0031	Ambasciatore
SYS_COACH_title_0033	Infedele
SYS_COACH_title_0034	Pioniere
SYS_COACH_title_0035	Maestro
SYS_COACH_title_0036	Peso massimo
SYS_COACH_title_0038	Genio
SYS_COACH_title_0039	Principe
SYS_COACH_title_0041	Generale
SYS_COACH_title_0042	Talento eterno
SYS_COACH_title_0043	Stratega capo
SYS_COACH_title_0044	Master
SYS_COACH_title_0045	Gran allenatore
SYS_COACH_title_0046	Saggio
SYS_COACH_title_0048	Guardiano
SYS_COACH_title_0049	Campione mondiale
SYS_COACH_title_0050	Campione asiatico
SYS_COACH_title_0051	Non usato
SYS_COACH_title_0052	Non usato
SYS_COACH_title_0053	Non usato
SYS_COACH_title_0054	Non usato
SYS_COACH_title_0055	Non usato
SYS_COACH_title_0056	Non usato
SYS_COACH_title_0057	Non usato
SYS_COACH_title_0058	Non usato
SYS_COACH_title_0059	Non usato
SYS_COACH_title_0060	Non usato
SYS_COACH_title_0061	Non usato
SYS_COACH_title_0062	Non usato
SYS_COACH_title_0063	Non usato
SYS_COMP_competitiontype_0001	(con rigori)
SYS_COMP_competitiontype_0002	(no rigori)
SYS_COMP_competitiontype_0003	Torneo
SYS_COMP_competitiontype_0004	Torneo A/R
SYS_COMP_competitiontype_0005	Girone
SYS_COMP_competitiontype_0006	Girone e Torneo
SYS_COMP_competitiontype_0007	Girone e Sfida titolo
SYS_COMP_competitiontype_0009	Amichevole %s
SYS_COMP_continue_0001	Vuoi ritirarti dal torneo?
SYS_COMP_continue_0004	Attendi la fine degli incontri.
SYS_COMP_ragulation_0001	Regolamento: FREE
SYS_COMP_ragulation_0002	Regolamento: U-5R (max 5 carte rare)
SYS_COMP_ragulation_0003	Regolamento: U-5 (max 5 carte rare e special)
SYS_COMP_ragulation_0004	Regolamento: REGULAR (solo carte regular)
SYS_COMP_ragulation_0005	Regolamento: punti totali %d o meno
SYS_DIS_error_0000	Error 5306\nNessuna Player Card nel distributore.\nChiama il personale.
SYS_DIS_error_0001	Error 5306\nTi spettano %d Player Card.\nNessuna Player Card nel distributore.\nChiama il personale.
SYS_DIS_error_0002	Error 5302\nErrore del distributore di carte.\nChiama il personale.
SYS_DIS_error_0003	Error 5302\nTi spettano %d Player Card.\nErrore del distributore di carte.\nChiama il personale.
SYS_DIS_error_0004	Ti spettano %d Player Card.
SYS_DIS_error_0005	Error 5303\nErrore durante la distribuzione delle Player Card.\nChiama il personale.\n\nPremi SW1 per tornare alla schermata iniziale.
SYS_DIS_error_0006	Error 5305\nErrore del distributore di carte.\nChiama il personale.
SYS_DIS_error_0007	Error 5305\nTi spettano %d Player Card.\nErrore del sensore del distributore.\nChiama il personale.
SYS_DIS_error_0008	\nTi spettano %d Player Card.\n\n\nPrendile dall'uscita del distributore.
SYS_DIS_error_0009	Dummy (5306)
SYS_DIS_error_0010	Dummy (5302)
SYS_DIS_error_0011	Dummy (5305)
SYS_GAME_warning_0000	Errore di gioco.\nFine forzata dell'incontro.
SYS_GAME_warning_0001	Questa Club Card non si e' chiusa bene l'ultima volta.\nI suoi dati potrebbero non essere salvati.\nInoltre, l'eventuale iscrizione\na un incontro dati verra' annullata.
SYS_GAME_warning_0002	Questa Club Card non si e' chiusa bene l'ultima volta.\nI suoi dati potrebbero non essere salvati.
SYS_NET_error_0000	Questo cabinato e' offline.\nFunzioni di rete non disponibili.
SYS_NET_error_0001	Rete disconnessa.\nPasso a un incontro vs CPU.
SYS_NET_error_0002	Questo cabinato e' offline.\nFunzioni di rete non disponibili.
SYS_NET_error_0003	Invio dati di gioco non riuscito.
SYS_NET_error_0004	Dati Club Card non validi.\nAutenticazione server fallita.
SYS_NET_error_0005	Rete disconnessa.\nIncontro annullato.\nIl risultato non sara' salvato.
SYS_NET_error_0006	Iscritto alla classifica World Trophy.
SYS_NET_error_0007	Impossibile inviare i dati.\nIncontro annullato.\nIl risultato non sara' salvato.
SYS_NET_error_0008	Sei offline. Funzioni di rete non disponibili.
SYS_NET_error_0009	Nessun avversario trovato.\nAmichevole contro la CPU.
SYS_NET_error_0010	Incontro dati:\niscriz. fallita.
SYS_NET_error_0011	Incontro dati:\niscriz. forse fallita.
SYS_NET_error_0012	Nessun avversario trovato.\nGiocherai contro la CPU.
SYS_NET_error_0013	Verifica della rete in corso.\nAttendi un momento.
SYS_NET_error_0020	Nessun avversario trovato.\nChallenge Match contro la CPU.
SYS_SYS_caution_0002	Questa e' una nuova Club Card.\nPuoi registrare una Licenza Allenatore.
SYS_SYS_caution_0003	Trasferisci i dati dell'allenatore sulla nuova Card per iniziare un nuovo contratto.
SYS_SYS_caution_0004	Questa e' una nuova Club Card.\nPuoi creare una squadra.
SYS_SYS_caution_0006	Al tuo contratto restano %d incontri.
SYS_SYS_caution_0007	Puoi trasferire i dati dell'allenatore da WCCF 2005-2006.\n\n\n[Allenatore]\n%s\n\n[Squadra]\n%s
SYS_SYS_caution_0008	Inserisci questa Club Card insieme a una nuova\nper trasferire i dati dell'allenatore.\n\n[Allenatore]\n%s\n\n[Squadra]\n%s
SYS_SYS_cloose_0000	Nuovo gioco e Continua terminano tra %d minuti
SYS_SYS_cloose_0001	Chiusura oggi: ore %d e %d min
SYS_SYS_cloose_0002	Alla chiusura il gioco termina automaticamente.
SYS_SYS_cloose_0003	Il gioco di oggi e' terminato.
SYS_SYS_cloose_0004	E' ora di chiusura: niente continue.
SYS_SYS_cloose_0005	Il gioco terminera' tra %d minuti.
SYS_SYS_cloose_0006	E' ora di chiusura: il gioco termina ora.
SYS_SYS_cloose_0007	Le nuove Club Card si usano ancora per %d minuti.
SYS_SYS_cloose_0008	Nuove Club Card non usabili ora.
SYS_SYS_error_0001	Premi il TEST BUTTON per riavviare il sistema
SYS_SYS_error_0002	Error 5111\nImpossibile leggere la Club Card durante il gioco.\nChiama il personale.\n\nPremi il tasto TEST per riavviare il sistema.
SYS_SYS_error_0003	Error 3096\nInstallazione app non riuscita.
SYS_SYS_error_0021	Error 5101\nLettore/scrittore di IC card non trovato.\nControlla che sia collegato correttamente.
SYS_SYS_warning_0004	Espulsione della Club Card.\nNon dimenticare di portarla con te.
SYS_SYS_warning_0008	Error 5109\nInserisci questa Club Card insieme a una nuova\nper trasferire i dati dell'allenatore.
SYS_SYS_warning_0010	Error 5110\nDati allenatore gia' trasferiti da questa Club Card.
SYS_SYS_warning_0012	Error 5110\nQuesta versione di Club Card non e' utilizzabile.\nClub Card espulsa.
SYS_SYS_warning_0013	Error 5113\nNon inserire 2 o piu' carte.\nPer trasferire i dati servono una card scaduta e una nuova.
SYS_SYS_warning_0014	Error 5104\nQuesta non e' una card di WORLD CLUB Champion Football.\nClub Card espulsa.
SYS_SYS_warning_0015	Non puoi trasferire i dati dell'allenatore\ndurante la WCCF Cup.
SYS_SYS_warning_0017	Dati Club Card danneggiati.
SYS_SYS_warning_0019	Non inserire 2 o piu' carte.
SYS_SYS_warning_0020	Questa Club Card e' solo per i test sul campo.\nImpossibile trasferire i dati dell'allenatore.
SYS_SYS_warning_0021	Ripristino Club Card
SYS_SYS_warning_0022	Error 5103\nImpossibile scrivere i dati della squadra.\nClub Card espulsa.\n\nLa Club Card potrebbe essere ripristinabile.\nChiama il personale.
SYS_SYS_warning_0023	Error 5106\nLa card potrebbe essere danneggiata.\nClub Card espulsa.\n\nLa Club Card potrebbe essere ripristinabile.\nChiama il personale.
SYS_SYS_warning_0024	Inserisci la Club Card da ripristinare.\n\nPremi SW2 per tornare alla schermata iniziale.
SYS_SYS_warning_0025	Sovrascrivere la Club Card con i dati di backup?\n\n[SW1] Si' (sovrascrivi)\n[SW2] No (indietro)
SYS_SYS_warning_0026	Scrittura dei dati di backup sulla Club Card...
SYS_SYS_warning_0027	Dati di backup scritti sulla Club Card.\nClub Card espulsa.\n\nPremi SW2 per tornare alla schermata iniziale.
SYS_SYS_warning_0028	Error 5115\nQuesta Club Card non e' ripristinabile.\nClub Card espulsa.
SYS_SYS_warning_0030	Verifica della Club Card...
SYS_SYS_warning_0031	Error %d\nImpossibile leggere la Club Card.\nClub Card espulsa.
SYS_SYS_warning_0033	La card non e' stata ripristinata.\nClub Card espulsa.
SYS_SYS_warning_0034	Passaggio alla WCCF CUP
SYS_SYS_warning_0035	Fine della WCCF CUP
SYS_SYS_warning_0036	Questa e' una nuova Club Card.\nNon puoi firmare il contratto durante la WCCF Cup.
SYS_SYS_warning_0037	Error 3084\nImpossibile scrivere il trasferimento dati.\nClub Card espulsa.\n\nLa Club Card potrebbe essere ripristinabile.\nChiama il personale.\n\nIn modalita' ripristino, inserisci insieme le due\nClub Card usate per il trasferimento.
SYS_SYS_warning_0038	Error 3085\nImpossibile scrivere il trasferimento dati.\nClub Card espulsa.\n\nLa Club Card potrebbe essere ripristinabile.\nChiama il personale.\n\nIn modalita' ripristino, inserisci insieme le due\nClub Card usate per il trasferimento.
SYS_SYS_warning_0039	Inserisci insieme la Club Card usata per il trasferimento\ne la nuova Club Card.\nClub Card espulsa.\n
SYS_SYS_warning_0040	Iscrizione all'incontro chiusa.\nOra non puoi iscriverti.
SYS_SYS_warning_0041	Questa IC card e il suo registro di gioco\nmostrano molte chiusure anomale,\nquindi e' scattata una penalita' sui dati.
SYS_SYS_warning_0042	Se avvii ora il gioco,\nquesta card non sara' piu' usabile in WCCF 2007-2008.
SYS_SYS_warning_0043	Questa IC card e il suo registro di gioco\nmostrano molte chiusure anomale,\nquindi hai la penalita' $c[FF6347FF]perdita diritti scambio$c.
SYS_TEAM_style_0000	Equilibrato
SYS_TEAM_style_0001	Attacco
SYS_TEAM_style_0002	Controllo
SYS_TEAM_style_0003	Velocita'
SYS_TEAM_style_0004	Difesa
SYS_TEAM_style_0005	Potenza
SYS_TEAM_style_0006	Contrasto
SYS_TEAM_style_0007	Tiro
SYS_TEAM_style_0008	Tiri lunghi
SYS_TEAM_style_0009	Tiri larghi
SYS_TEAM_style_0010	Spirito gol
SYS_TEAM_style_0011	Caccia al gol
SYS_TEAM_style_0012	Rottura linee
SYS_TEAM_style_0013	Colpo d'ombra
SYS_TEAM_style_0014	Corsa diagonale
SYS_TEAM_style_0015	Corsa larga
SYS_TEAM_style_0016	Creaz. spazi
SYS_TEAM_style_0017	Torre alta
SYS_TEAM_style_0018	Tiri di prima
SYS_TEAM_style_0019	Palo centrale
SYS_TEAM_style_0020	Secondo palo
SYS_TEAM_style_0021	Palo largo
SYS_TEAM_style_0022	Filtranti
SYS_TEAM_style_0023	Filtranti lunghi
SYS_TEAM_style_0024	Creaz. occasioni
SYS_TEAM_style_0025	Occasioni sulle fasce
SYS_TEAM_style_0026	Cross
SYS_TEAM_style_0027	Cross anticipati
SYS_TEAM_style_0028	Pull-back
SYS_TEAM_style_0029	Regia
SYS_TEAM_style_0030	Regia larga
SYS_TEAM_style_0031	Regia sulle fasce
SYS_TEAM_style_0032	Passaggi misti
SYS_TEAM_style_0033	Passa e muoviti
SYS_TEAM_style_0034	Passaggi corti
SYS_TEAM_style_0035	Passaggi di prima
SYS_TEAM_style_0036	Passaggi sicuri
SYS_TEAM_style_0037	Triangolazioni
SYS_TEAM_style_0038	Dinamo offensiva
SYS_TEAM_style_0039	Posizione flessibile
SYS_TEAM_style_0040	Lanci lunghi
SYS_TEAM_style_0041	Attacco lato opposto
SYS_TEAM_style_0042	Sulla linea
SYS_TEAM_style_0043	Controp. corto
SYS_TEAM_style_0044	Controp. lungo
SYS_TEAM_style_0045	Gioco diretto
SYS_TEAM_style_0046	Dribbling
SYS_TEAM_style_0047	Dribbling potente
SYS_TEAM_style_0048	Dribbling centrale
SYS_TEAM_style_0049	Dribbling ala
SYS_TEAM_style_0050	Taglio dentro
SYS_TEAM_style_0051	Costruz. dribbling
SYS_TEAM_style_0052	Possesso palla
SYS_TEAM_style_0053	Possesso potente
SYS_TEAM_style_0054	Centrale offensivo
SYS_TEAM_style_0055	Sovrapp.
SYS_TEAM_style_0056	Sovrapp. lunga
SYS_TEAM_style_0057	Sovrapp. larga
SYS_TEAM_style_0058	Fasce su e giu'
SYS_TEAM_style_0059	Attacco al leader
SYS_TEAM_style_0060	Dominio area rigore
SYS_TEAM_style_0061	Dominio zona centrale
SYS_TEAM_style_0062	Dominio fasce
SYS_TEAM_style_0063	Dominio campo
SYS_TEAM_style_0064	Ruolo libero
SYS_TEAM_style_0065	Fantasia
SYS_TEAM_style_0066	Gioco combinato
SYS_TEAM_style_0067	Attacco totale
SYS_TEAM_style_0068	Gioco forza
SYS_TEAM_style_0069	Piazzati
SYS_TEAM_style_0070	Piazzati
SYS_TEAM_style_0071	Rimesse lunghe
SYS_TEAM_style_0072	Ripiego
SYS_TEAM_style_0073	Spirito difesa
SYS_TEAM_style_0074	Controllo linee
SYS_TEAM_style_0075	Difesa organizzata
SYS_TEAM_style_0076	Anti torre alta
SYS_TEAM_style_0077	Intercetto
SYS_TEAM_style_0078	Copertura
SYS_TEAM_style_0079	Copertura larga
SYS_TEAM_style_0080	Copertura fasce
SYS_TEAM_style_0081	Difesa spazzino
SYS_TEAM_style_0082	Difesa a libero
SYS_TEAM_style_0083	Difesa libero avanzato
SYS_TEAM_style_0084	Supporto difesa
SYS_TEAM_style_0085	Dinamo difensiva
SYS_TEAM_style_0086	Posiz. equilibratore
SYS_TEAM_style_0087	Difesa sicura
SYS_TEAM_style_0088	Centrale difensivo
SYS_TEAM_style_0089	Fascia difensiva
SYS_TEAM_style_0090	Difesa a uomo
SYS_TEAM_style_0091	Difesa ritardata
SYS_TEAM_style_0092	Pressing
SYS_TEAM_style_0093	Pressing duro
SYS_TEAM_style_0094	Pressing centrale
SYS_TEAM_style_0095	Pressing fasce
SYS_TEAM_style_0096	Rincorsa
SYS_TEAM_style_0097	Marcatura
SYS_TEAM_style_0098	Marc. dura
SYS_TEAM_style_0099	Blocco area rigore
SYS_TEAM_style_0100	Blocco centrale
SYS_TEAM_style_0101	Blocco fasce
SYS_TEAM_style_0102	Anti pivot
SYS_TEAM_style_0103	Anti velocista
SYS_TEAM_style_0104	Anti fantasista
SYS_TEAM_style_0105	Anti combinazioni
SYS_TEAM_style_0106	Difesa potente
SYS_TEAM_style_0107	Malizia
SYS_TEAM_style_0108	Regia portiere
SYS_TEAM_style_0109	Rilancio lungo
SYS_TEAM_style_0110	Rilancio veloce
SYS_TEAM_style_0111	Parata tiri
SYS_TEAM_style_0112	Parata cross
SYS_TEAM_style_0113	Portiere libero
SYS_TEAM_style_0114	Para rigori
SYS_TEAM_style_0115	Avvento
SYS_TEAM_style_0116	Clima squadra
SYS_TEAM_style_0117	Grinta
SYS_TEAM_style_0118	Per la squadra
SYS_TEAM_style_0119	Portiere avanti
SYS_TEAM_style_0120	Re del calcio
SYS_TEAM_style_0121	Senza centro
SYS_TEAM_style_0122	Troppo attacco
SYS_TEAM_style_0123	Troppa difesa
SYS_TEAM_style_0124	Guardiano rigore
SYS_TEAM_style_0125	Asso in mano
SYS_TEAM_style_0126	Centro atomico
SYS_TEAM_style_0127	Telegnosi
SYS_TEAM_style_0128	Crotalo
SYS_TEAM_style_0129	Vulcano
SYS_TEAM_style_0130	Dinamo dinamica
SYS_TEAM_style_0131	Serramanico
SYS_TEAM_style_0132	Equilibrio ideale
SYS_TEAM_style_0133	Cross guidato
SYS_TEAM_style_0134	El Nino
SYS_TEAM_style_0135	Unico
SYS_TEAM_style_0136	Paranormale
SYS_TEAM_style_0137	Ape killer
SYS_TEAM_style_0138	Ribattuta
SYS_TEAM_style_0139	Istinto
SYS_TEAM_style_0140	Letale
SYS_TEAM_style_0141	Bambino d'Oro
SYS_TEAM_style_0142	Huracan
SYS_TEAM_style_0143	Ingranaggio
SYS_TEAM_style_0144	Mancino divino
SYS_TEAM_style_0145	Sicurezza fasce
SYS_TEAM_style_0146	Mago dell'ala
SYS_TEAM_style_0147	Batigol
SYS_TEAM_style_0148	Presa magnetica
SYS_TEAM_style_0149	Passa razzo
SYS_TEAM_style_0150	Orologeria
SYS_TEAM_style_0151	Passaggio al cm
SYS_TEAM_style_0152	Impeto
SYS_TEAM_style_0153	Traguardo
SYS_TEAM_style_0154	Papinade
SYS_TEAM_style_0155	Sincronia
SYS_TEAM_style_0156	Accel. diretta
SYS_TEAM_style_0157	Violino d'Oro
SYS_TEAM_style_0158	Dribbling polpo
SYS_TEAM_style_0159	Dribbling lampo
SYS_TEAM_style_0160	Dribbling fantastico
SYS_TEAM_style_0161	Ringhio
SYS_TEAM_style_0162	Contatto pieno
SYS_TEAM_style_0163	Zorozbone
SYS_TEAM_style_0164	Dribbling fantasma
SYS_TEAM_style_0165	Guardia centro
SYS_TEAM_style_0166	Caccia punte
SYS_TEAM_style_0168	Stallone
SYS_TEAM_style_0169	Cuor leone
SYS_TEAM_style_0170	Immagina gol
SYS_TEAM_style_0171	Luce suprema
SYS_TEAM_style_0172	Genesi
SYS_TEAM_style_0173	Luce immortale
SYS_TEAM_style_0174	Luce infinita
SYS_TEAM_style_0175	Danza fatata
SYS_TEAM_style_0176	Corazon
SYS_TEAM_style_0177	Ruba avanti
SYS_TEAM_style_0178	Via libera
SYS_TEAM_style_0179	Missione libera
SYS_TEAM_style_0180	Imprevedibile
SYS_TEAM_style_0181	Microscopio
SYS_TEAM_style_0182	Mira al bersaglio
SYS_TEAM_style_0183	Corsa ruba palla
SYS_TEAM_style_0184	Ginga
SYS_TEAM_style_0185	Tiro cannone
SYS_TEAM_style_0186	Cannone laser
SYS_TEAM_style_0187	Corsa casuale
SYS_TEAM_style_0188	Autorita' linea
SYS_TEAM_style_0189	Il Muro
SYS_TEAM_style_0190	Guardiano coper.
SYS_TEAM_style_0191	Seconda freccia
SYS_TEAM_style_0192	Passa killer
SYS_TEAM_style_0193	Rimessa guidata
SYS_TEAM_style_0194	Grande arco
SYS_TEAM_style_0195	Passa tacco
SYS_TEAM_style_0196	Raggio laser
SYS_TEAM_style_0197	Ragnatela
SYS_TEAM_style_0198	Difesa wiper
SYS_TEAM_style_0199	Zona Del Piero
SYS_TEAM_style_0200	Tiro largo
SYS_TEAM_style_0201	Calcio totale
SYS_TEAM_style_0202	Passa angelo
SYS_TEAM_style_0203	Box folle
SYS_TEAM_style_0204	Ruggito
SYS_TEAM_style_0205	Gol salvezza
SYS_TEAM_style_0206	Grilletto
SYS_TEAM_style_0207	Istinto killer
SYS_TEAM_style_0208	Cacciatore muto
SYS_TEAM_style_0209	Caccia seriale
SYS_TEAM_style_0210	Pausa idrica
SYS_TEAM_style_0211	Rompi muro
SYS_TEAM_style_0212	Secondo scatto
SYS_TEAM_style_0213	Skywalker
SYS_TEAM_style_0214	Cannone dir.
SYS_TEAM_style_0215	Assist totale
SYS_TEAM_style_0216	Lampo
SYS_TEAM_style_0217	Asse orbitale
SYS_TEAM_style_0218	Visione a 360
SYS_TEAM_style_0219	Cambio perfetto
SYS_TEAM_style_0220	Albero
SYS_TEAM_style_0221	Freccia sacra
SYS_TEAM_style_0222	Onda alare
SYS_TEAM_style_0223	Diagonale
SYS_TEAM_style_0224	Spola
SYS_TEAM_style_0225	Va e torna
SYS_TEAM_style_0226	Chakram
SYS_TEAM_style_0227	Tocco magico
SYS_TEAM_style_0228	Maestoso
SYS_TEAM_style_0229	Impulso
SYS_TEAM_style_0230	Conquista
SYS_TEAM_style_0231	Luce divina
SYS_TEAM_style_0232	Bandiera libera
SYS_TEAM_style_0233	Balestriglia
SYS_TEAM_style_0234	Arco infinito
SYS_TEAM_style_0235	Aureola
SYS_TEAM_style_0236	Guardia Leone
SYS_TEAM_style_0237	Gladiatore
SYS_TEAM_style_0238	Sicurezza totale
SYS_TEAM_style_0239	Albert Dock
SYS_TEAM_style_0240	Rete di ragno
SYS_TEAM_style_0241	Muro mentale
SYS_TEAM_style_0242	Guanto
SYS_TEAM_style_0243	Finale vincente
SYS_TEAM_style_0244	Bensan
SYS_TEAM_style_0245	Mamma Mia
SYS_TEAM_style_0246	Anima in corsa
SYS_TEAM_style_0247	Ruolo da re
SYS_TEAM_style_0248	Sovrano
SYS_TEAM_style_0249	Protagonista
SYS_TEAM_style_0250	Torri gemelle
SYS_TEAM_style_0251	Istinto risonante
SYS_TEAM_style_0252	Armata creativa
SYS_TEAM_style_0253	Passaggi sincro
SYS_TEAM_style_0254	Tre Leoni
SYS_TEAM_style_0255	Doppia azione
SYS_TEAM_style_0256	Triangolo infernale
SYS_TEAM_style_0257	Doppio taglio
SYS_TEAM_style_0258	Legame muto
SYS_TEAM_style_0259	Canto Blondel
SYS_TEAM_style_0260	Triangolo mistico
SYS_TEAM_style_0261	Trio diabolico
SYS_TEAM_style_0262	Muro ferreo
SYS_TEAM_style_0263	Tre Moschettieri
SYS_TEAM_style_0264	Catena ferrea
SYS_TEAM_style_0265	Tenaglia
SYS_TEAM_style_0266	Triangolo barriera
SYS_TEAM_style_0267	Doppio contatto
SYS_TEAM_style_0268	Selecao das Quinas
SYS_TEAM_style_0269	Celeste y Blanco
SYS_TEAM_style_0270	Canarinho
SYS_TEAM_style_0272	Calcio champagne
SYS_TEAM_style_0273	Spirito tedesco
SYS_TEAM_style_0274	Calcia e corri
SYS_TEAM_style_0276	Spirito Yamato
SYS_TEAM_style_0277	SAMURAI BLUE
SYS_TEAM_style_0278	Tiro in corsa
SYS_TEAM_style_0279	Chiquita
SYS_TEAM_style_0280	Visione di gol
SYS_TEAM_style_0281	Ruba centro
SYS_TEAM_style_0282	Passo belva
SYS_TEAM_style_0283	Gravitazione
SYS_TEAM_style_0284	Ponte Bosforo
SYS_TEAM_style_0285	Asse infinito
SYS_TEAM_style_0286	Ala d'angelo
SYS_TEAM_style_0287	Muleta
SYS_TEAM_style_0288	Ali creative
SYS_TEAM_style_0289	Cross killer
SYS_TEAM_style_0290	Generale
SYS_TEAM_style_0291	Visione assoluta
SYS_TEAM_style_0292	Spia
SYS_TEAM_style_0293	Faro eterno
SYS_TEAM_style_0294	Malolactic
SYS_TEAM_style_0295	Senza confini
SYS_TEAM_style_0296	Svolta gelida
SYS_TEAM_style_0297	Via cieca
SYS_TEAM_style_0298	Petit Velo
SYS_TEAM_style_0299	Mondo innocente
SYS_TEAM_style_0300	Rodeo Drive
SYS_TEAM_style_0301	Barriera fisica
SYS_TEAM_style_0302	Freccia risonante
SYS_TEAM_style_0303	Assediato
SYS_TEAM_style_0304	Pulga Atomica
SYS_TEAM_style_0305	Zona Nemesi
SYS_TEAM_style_0306	Stella galattica
SYS_TEAM_style_0307	Campidoglio
SYS_TEAM_style_0308	Gioco pericoloso
SYS_TEAM_style_0309	Senza pausa
SYS_TEAM_style_0310	Ambizioso
SYS_TEAM_style_0311	El Pipe
SYS_TEAM_style_0312	Arcimago
SYS_TEAM_style_0313	Muro fuoco
SYS_TEAM_style_0314	Cerbero
SYS_TEAM_style_0315	Dietro le quinte
SYS_TEAM_style_0316	In missione
SYS_TEAM_style_0317	Muro blindato
SYS_TEAM_style_0318	Ridicolo
SYS_TEAM_style_0319	Mostro fisico
SYS_TEAM_style_0320	Gioco perfetto
SYS_TEAM_style_0321	Pantera
SYS_TEAM_style_0322	Foro Romano
SYS_TEAM_style_0323	Sole lucente
SYS_TEAM_style_0324	Aura di potenza
SYS_TEAM_style_0325	Icona
SYS_TEAM_style_0326	Controllo cat.
SYS_TEAM_style_0327	Linea sogno
SYS_TEAM_style_0328	Doppia presa
SYS_TEAM_style_0329	Coppia fissa
SYS_TEAM_style_0330	Spion Kop
SYS_TEAM_style_0331	Cavalieri pionieri
SYS_TEAM_style_0332	Legame doppio
SYS_TEAM_style_0333	Pressing delta
SYS_TEAM_style_0334	Doppio impatto
SYS_TEAM_style_0335	Cortina ferrea
SYS_TEAM_style_0336	Triangolo cont.
SYS_TEAM_style_0337	San Marco
SYS_TEAM_style_0338	Cigno nero
SYS_TEAM_style_0339	Tulipano nero
SYS_TEAM_style_0340	Celeste
SYS_TEAM_style_0341	Blagula
SYS_TEAM_style_0342	Dinamite danese
SYS_TEAM_style_0343	Rode Duivels
SYS_TEAM_style_0344	Vatreni
SYS_TEAM_style_0345	Re bambino
SYS_TEAM_style_0346	Charreria
SYS_TEAM_style_0347	Danza burattini
SYS_TEAM_style_0348	Trafford Yard
SYS_TEAM_style_0349	Treno cross
SYS_TEAM_style_0350	Forza unita
SYS_TEAM_style_0351	Illusionista
SYS_TEAM_style_0352	Piatto forte
SYS_TEAM_style_0353	Corsa oro
SYS_TEAM_style_0354	Arma volante
SYS_TEAM_style_0355	Contro testa
SYS_TEAM_style_0356	Cuculo
SYS_TEAM_style_0357	Combattente
SYS_TEAM_style_0358	Slancio magico
SYS_TEAM_style_exp_0000	[Equilibrio]\nStile equilibrato tra attacco e difesa.
SYS_TEAM_style_exp_0001	[Attacco]\nStile forte in attacco.
SYS_TEAM_style_exp_0002	[Controllo]\nStile forte nel controllo palla.
SYS_TEAM_style_exp_0003	[Velocita']\nStile forte in velocita'.
SYS_TEAM_style_exp_0004	[Difesa]\nStile forte in difesa.
SYS_TEAM_style_exp_0005	[Potenza]\nStile forte in potenza.
SYS_TEAM_style_exp_0006	[Contrasto]\nStile forte nel contrasto.
SYS_TEAM_style_exp_0007	[Tiro]\nPotenzia il tiro del Giocatore Chiave.
SYS_TEAM_style_exp_0008	[Tiri da fuori]\nPotenzia i tiri da fuori del G. Chiave.
SYS_TEAM_style_exp_0009	[Ampio raggio]\nAmplia il raggio di tiro del Giocatore Chiave.
SYS_TEAM_style_exp_0010	[Fame di gol]\nPotenzia la fame di gol del Giocatore Chiave.
SYS_TEAM_style_exp_0011	[Caccia al gol]\nPotenzia la forma al tiro del Giocatore Chiave.
SYS_TEAM_style_exp_0012	[Sfonda linea]\nAttacca con il Giocatore Chiave che scatta alle spalle della difesa.
SYS_TEAM_style_exp_0013	[Inserimento]\nAttacca con il Giocatore Chiave che si inserisce da dietro.
SYS_TEAM_style_exp_0016	[Creaz. spazi]\nPotenzia la creazione di spazi del G. Chiave.
SYS_TEAM_style_exp_0017	[Torre alta]\nTutta la squadra attacca con palloni alti.
SYS_TEAM_style_exp_0018	[Tiri al volo]\nPotenzia i tiri al volo del Giocatore Chiave.
SYS_TEAM_style_exp_0019	[Punta centr.]\nTutta la squadra attacca con la sponda in avanti.
SYS_TEAM_style_exp_0020	[Seconda punta]\nTutta la squadra attacca con sponde dalla seconda linea.
SYS_TEAM_style_exp_0021	[Punta larga]\nTutta la squadra attacca con sponde ad ampio raggio.
SYS_TEAM_style_exp_0022	[Filtranti]\nTutta la squadra attacca con palle filtranti.
SYS_TEAM_style_exp_0023	[Filtranti lunghi]\nTutta la squadra attacca con filtranti lunghi.
SYS_TEAM_style_exp_0024	[Creaz. azioni]\nAttacca con il Giocatore Chiave che crea occasioni.
SYS_TEAM_style_exp_0025	[Creaz. su fascia]\nAttacca con il Giocatore Chiave che crea occasioni dalla fascia.
SYS_TEAM_style_exp_0026	[Cross]\nAttacca con i cross del Giocatore Chiave.
SYS_TEAM_style_exp_0027	[Cross veloci]\nAttacca con i cross rapidi del Giocatore Chiave.
SYS_TEAM_style_exp_0028	[Retropassaggi]\nAttacca con i retropassaggi del Giocatore Chiave.
SYS_TEAM_style_exp_0029	[Regia]\nAttacca con il Giocatore Chiave come regista.
SYS_TEAM_style_exp_0030	[Regia ampia]\nAttacca con il Giocatore Chiave che allarga il gioco.
SYS_TEAM_style_exp_0031	[Regia su fascia]\nAttacca con il Giocatore Chiave che fa il regista sulla fascia.
SYS_TEAM_style_exp_0032	[Passaggi misti]\nTutta la squadra attacca alternando passaggi lunghi e corti.
SYS_TEAM_style_exp_0033	[Passa e vai]\nTutta la squadra attacca con giocatori e palla in movimento.
SYS_TEAM_style_exp_0034	[Passaggi corti]\nTutta la squadra attacca con passaggi corti.
SYS_TEAM_style_exp_0035	[Passa di prima]\nTutta la squadra attacca con passaggi di prima.
SYS_TEAM_style_exp_0036	[Passaggi sicuri]\nTutta la squadra attacca con passaggi sicuri.
SYS_TEAM_style_exp_0037	[Triangolazioni]\nTutta la squadra si muove per aprire linee di passaggio.
SYS_TEAM_style_exp_0038	[Dinamo attacco]\nPotenzia la resistenza del G. Chiave.
SYS_TEAM_style_exp_0040	[Passaggi lunghi]\nTutta la squadra attacca con passaggi lunghi.
SYS_TEAM_style_exp_0041	[Cambio di fronte]\nAttacca con il Giocatore Chiave che cambia gioco in fretta.
SYS_TEAM_style_exp_0042	[Linea di fondo]\nAttacca con le rapide avanzate del Giocatore Chiave.
SYS_TEAM_style_exp_0043	[Controp. corto]\nTutta la squadra attacca veloce dopo il recupero palla.
SYS_TEAM_style_exp_0044	[Controp. lungo]\nTutta la squadra attacca con attaccanti in attesa.
SYS_TEAM_style_exp_0045	[Gioco diretto]\nTutta la squadra punta dritta verso la porta.
SYS_TEAM_style_exp_0046	[Dribbling]\nAttacca con l'elegante dribbling del Giocatore Chiave.
SYS_TEAM_style_exp_0047	[Dribbling forte]\nAttacca con il dribbling potente del Giocatore Chiave.
SYS_TEAM_style_exp_0048	[Dribbling centr.]\nAttacca con il Giocatore Chiave che dribbla nella zona centrale.
SYS_TEAM_style_exp_0049	[Dribbl. ala]\nAttacca con il Giocatore Chiave che dribbla sulla fascia.
SYS_TEAM_style_exp_0050	[Taglio dentro]\nAttacca con il G. Chiave che rientra verso il centro.
SYS_TEAM_style_exp_0051	[Palla al piede]\nAttacca con il Giocatore Chiave che porta palla in avanti.
SYS_TEAM_style_exp_0052	[Palla protetta]\nPotenzia la protezione di palla tecnica del G. Chiave.
SYS_TEAM_style_exp_0053	[Protez. fisica]\nPotenzia la protezione di palla fisica del G. Chiave.
SYS_TEAM_style_exp_0054	[Attacco centr.]\nAttacca con il Giocatore Chiave che sfonda al centro.
SYS_TEAM_style_exp_0055	[Sovrapp.]\nAttacca con le sovrapposizioni del Giocatore Chiave.
SYS_TEAM_style_exp_0058	[Corsa su fascia]\nAttacca con il Giocatore Chiave che corre sulla fascia.
SYS_TEAM_style_exp_0059	[Via G. Chiave]\nTutta la squadra attacca tramite il Giocatore Chiave.
SYS_TEAM_style_exp_0060	[Dominio area]\nAttacca con il Giocatore Chiave che domina l'area.
SYS_TEAM_style_exp_0061	[Dominio centro]\nAttacca con il Giocatore Chiave che domina la zona centrale.
SYS_TEAM_style_exp_0062	[Dominio fasce]\nAttacca con il Giocatore Chiave che domina le fasce.
SYS_TEAM_style_exp_0063	[Dominio campo]\nAttacca con il Giocatore Chiave che domina il campo.
SYS_TEAM_style_exp_0064	[Ruolo libero]\nAttacca con il Giocatore Chiave che gioca libero.
SYS_TEAM_style_exp_0065	[Fantasia]\nPotenzia la fantasia del Giocatore Chiave.
SYS_TEAM_style_exp_0066	[Gioco combinato]\nTutta la squadra attacca con il gioco combinato.
SYS_TEAM_style_exp_0067	[Attacco totale]\nTutti partecipano all'attacco.
SYS_TEAM_style_exp_0068	[Gioco fisico]\nTutta la squadra usa il gioco fisico.
SYS_TEAM_style_exp_0069	[Piazzati]\nPotenzia i calci piazzati del Giocatore Chiave.
SYS_TEAM_style_exp_0070	[Piazzati]\nPotenzia i calci piazzati del Giocatore Chiave.
SYS_TEAM_style_exp_0071	[Rimesse lunghe]\nPotenzia le rimesse lunghe del G. Chiave.
SYS_TEAM_style_exp_0072	[Ripiego]\nTutta la squadra difende chiudendo gli spazi dietro.
SYS_TEAM_style_exp_0073	[Spirito difesa]\nPotenzia la voglia di difendere la porta.
SYS_TEAM_style_exp_0074	[Controllo linea]\nTutta la squadra difende controllando la linea.
SYS_TEAM_style_exp_0075	[Difesa schierata]\nPotenzia la difesa schierata della squadra.
SYS_TEAM_style_exp_0076	[Anti torre alta]\nTutta la squadra difende contro i palloni alti.
SYS_TEAM_style_exp_0077	[Intercetti]\nPotenzia l'occhio per gli intercetti.
SYS_TEAM_style_exp_0078	[Copertura]\nPotenzia la copertura ravvicinata del G. Chiave.
SYS_TEAM_style_exp_0079	[Copertura ampia]\nPotenzia la copertura ampia del Giocatore Chiave.
SYS_TEAM_style_exp_0080	[Coper. fasce]\nPotenzia la copertura sulle fasce del Giocatore Chiave.
SYS_TEAM_style_exp_0082	[Difesa libero]\nDifende con il Giocatore Chiave che copre e si propone in attacco.
SYS_TEAM_style_exp_0083	[Libero avanzato]\nDifende con il Giocatore Chiave che anticipa e si propone in attacco.
SYS_TEAM_style_exp_0084	[Supporto difesa]\nPotenzia il supporto difensivo del Giocatore Chiave.
SYS_TEAM_style_exp_0085	[Dinamo difesa]\nPotenzia la resistenza del G. Chiave.
SYS_TEAM_style_exp_0086	[Posizionamento]\nPotenzia il posizionamento del G. Chiave.
SYS_TEAM_style_exp_0087	[Difesa sicura]\nTutta la squadra difende senza rischi.
SYS_TEAM_style_exp_0088	[Difesa centrale]\nPotenzia la difesa al centro del Giocatore Chiave.
SYS_TEAM_style_exp_0089	[Difesa fasce]\nPotenzia la difesa sulle fasce del Giocatore Chiave.
SYS_TEAM_style_exp_0090	[Marcatura a uomo]\nTutta la squadra difende marcando gli avversari.
SYS_TEAM_style_exp_0091	[Temporeggio]\nTutta la squadra difende rallentando gli attacchi.
SYS_TEAM_style_exp_0092	[Pressing]\nTutta la squadra difende col pressing.
SYS_TEAM_style_exp_0093	[Pressing forte]\nTutta la squadra difende col pressing a uomo in piu'.
SYS_TEAM_style_exp_0094	[Pressing centro]\nTutta la squadra difende con un pressing in massa.
SYS_TEAM_style_exp_0095	[Pressing fasce]\nTutta la squadra difende col pressing sulle fasce.
SYS_TEAM_style_exp_0096	[Rincorsa]\nIl G. Chiave difende partendo dall'attacco.
SYS_TEAM_style_exp_0097	[Marcatura]\nDifende con il Giocatore Chiave che marca un avversario.
SYS_TEAM_style_exp_0098	[Marc. ferrea]\nDifende con il Giocatore Chiave che marca un avversario sempre.
SYS_TEAM_style_exp_0099	[Blocco area]\nTutta la squadra protegge l'area a ogni costo.
SYS_TEAM_style_exp_0100	[Blocco centro]\nTutta la squadra protegge il centro a ogni costo.
SYS_TEAM_style_exp_0101	[Blocco fasce]\nTutta la squadra protegge le fasce a ogni costo.
SYS_TEAM_style_exp_0102	[Anti punta]\nTutta la squadra difende contro le sponde.
SYS_TEAM_style_exp_0103	[Anti veloci]\nTutta la squadra difende contro la velocita'.
SYS_TEAM_style_exp_0104	[Anti fantasista]\nTutta la squadra difende contro la tecnica.
SYS_TEAM_style_exp_0105	[Anti combin.]\nTutta la squadra difende contro il gioco combinato.
SYS_TEAM_style_exp_0106	[Difesa fisica]\nDifende con il Giocatore Chiave usando il contatto fisico.
SYS_TEAM_style_exp_0107	[Malizia]\nPotenzia la furbizia del G. Chiave.
SYS_TEAM_style_exp_0108	[Regia portiere]\nAttacca con i rilanci precisi del Giocatore Chiave.
SYS_TEAM_style_exp_0109	[Rilancio lungo]\nAttacca con i rilanci lunghi del Giocatore Chiave.
SYS_TEAM_style_exp_0110	[Rilancio rapido]\nAttacca con i rilanci rapidi del Giocatore Chiave.
SYS_TEAM_style_exp_0111	[Parate tiri]\nPotenzia le parate sui tiri del G. Chiave.
SYS_TEAM_style_exp_0112	[Parate cross]\nPotenzia le uscite sui cross del Giocatore Chiave.
SYS_TEAM_style_exp_0113	[Portiere libero]\nDifende con il Giocatore Chiave che copre dietro la linea.
SYS_TEAM_style_exp_0114	[Para rigori]\nPotenzia le parate rigori del G. Chiave.
SYS_TEAM_style_exp_0115	[Avvento]\nPotenzia le abilita' generali del G. Chiave.
SYS_TEAM_style_exp_0116	[Clima squadra]\nAlza il morale della squadra.
SYS_TEAM_style_exp_0117	[Grinta]\nPotenzia la grinta della squadra.
SYS_TEAM_style_exp_0118	[Per la squadra]\nPotenzia la dedizione del Giocatore Chiave.
SYS_TEAM_style_exp_0119	[Portiere avanti]\nPotenzia la voglia di attaccare del G. Chiave.
SYS_TEAM_style_exp_0120	[Re del calcio]\nPotenzia le abilita' generali del G. Chiave.
SYS_TEAM_style_exp_0121	[Senza centro]\nStile con il centrocampo molto scoperto.
SYS_TEAM_style_exp_0122	[Troppo attacco]\nStile con la difesa molto scoperta.
SYS_TEAM_style_exp_0123	[Troppa difesa]\nStile con l'attacco spuntato.
SYS_TEAM_style_exp_0124	[Guardiano rigore]\nPotenzia le parate rigori del G. Chiave.
SYS_TEAM_style_exp_0125	[Asso in mano]\nAttacca con i cross rapidi del Giocatore Chiave.
SYS_TEAM_style_exp_0126	[Centro atomico]\nAttacca con il Giocatore Chiave che sfonda al centro.
SYS_TEAM_style_exp_0127	[Telegnosi]\nTutta la squadra difende contro la tecnica.
SYS_TEAM_style_exp_0128	[Crotalo]\nAttacca con il Giocatore Chiave che dribbla sulla fascia.
SYS_TEAM_style_exp_0129	[Vulcano]\nPotenzia la difesa schierata della squadra.
SYS_TEAM_style_exp_0130	[Dinamo dinamica]\nPotenzia la resistenza del G. Chiave.
SYS_TEAM_style_exp_0131	[Serramanico]\nAttacca con il G. Chiave che rientra verso il centro.
SYS_TEAM_style_exp_0132	[Equilibrio ideale]\nPotenzia le abilita' generali del G. Chiave.
SYS_TEAM_style_exp_0133	[Cross guidato]\nAttacca con i cross del Giocatore Chiave.
SYS_TEAM_style_exp_0134	[El Nino]\nPotenzia le abilita' generali del G. Chiave.
SYS_TEAM_style_exp_0135	[Unico]\nPotenzia le abilita' generali del G. Chiave.
SYS_TEAM_style_exp_0136	[Paranormale]\nPotenzia le abilita' generali del G. Chiave.
SYS_TEAM_style_exp_0137	[Ape killer]\nPotenzia la fame di gol del Giocatore Chiave.
SYS_TEAM_style_exp_0138	[Ribattuta]\nPotenzia la fame di gol del Giocatore Chiave.
SYS_TEAM_style_exp_0139	[Istinto]\nPotenzia la forma al tiro del Giocatore Chiave.
SYS_TEAM_style_exp_0140	[Letale]\nPotenzia la forma al tiro del Giocatore Chiave.
SYS_TEAM_style_exp_0141	[Bambino d'Oro]\nPotenzia la forma al tiro del Giocatore Chiave.
SYS_TEAM_style_exp_0142	[Huracan]\nAttacca con il Giocatore Chiave che corre sulla fascia.
SYS_TEAM_style_exp_0143	[Ingranaggio]\nAttacca con il Giocatore Chiave che corre sulla fascia.
SYS_TEAM_style_exp_0144	[Mancino divino]\nAttacca con il Giocatore Chiave che domina le fasce.
SYS_TEAM_style_exp_0145	[Sicurezza fasce]\nTutta la squadra protegge le fasce a ogni costo.
SYS_TEAM_style_exp_0146	[Mago dell'ala]\nAttacca con il Giocatore Chiave che crea occasioni dalla fascia.
SYS_TEAM_style_exp_0147	[Batigol]\nPotenzia il tiro del Giocatore Chiave.
SYS_TEAM_style_exp_0148	[Presa magnetica]\nPotenzia le parate sui tiri del G. Chiave.
SYS_TEAM_style_exp_0149	[Passa razzo]\nTutta la squadra attacca veloce dopo il recupero palla.
SYS_TEAM_style_exp_0150	[Orologeria]\nTutta la squadra attacca con passaggi corti.
SYS_TEAM_style_exp_0151	[Passaggio al cm]\nTutta la squadra attacca con passaggi corti.
SYS_TEAM_style_exp_0152	[Impeto]\nTutti partecipano all'attacco.
SYS_TEAM_style_exp_0153	[Traguardo]\nTutta la squadra attacca con la sponda in avanti.
SYS_TEAM_style_exp_0154	[Papinade]\nPotenzia i tiri al volo del Giocatore Chiave.
SYS_TEAM_style_exp_0155	[Sincronia]\nTutta la squadra attacca con passaggi di prima.
SYS_TEAM_style_exp_0156	[Accel. diretta]\nTutta la squadra punta dritta verso la porta.
SYS_TEAM_style_exp_0157	[Violino d'Oro]\nAttacca con il Giocatore Chiave che crea occasioni.
SYS_TEAM_style_exp_0158	[Dribbling polpo]\nAttacca con l'elegante dribbling del Giocatore Chiave.
SYS_TEAM_style_exp_0159	[Dribbling lampo]\nAttacca con l'elegante dribbling del Giocatore Chiave.
SYS_TEAM_style_exp_0160	[Dribbling fantastico]\nAttacca con l'elegante dribbling del Giocatore Chiave.
SYS_TEAM_style_exp_0161	[Ringhio]\nTutta la squadra difende col pressing a uomo in piu'.
SYS_TEAM_style_exp_0162	[Contatto pieno]\nDifende con il Giocatore Chiave che marca un avversario sempre.
SYS_TEAM_style_exp_0163	[Zorozbone]\nAttacca con il Giocatore Chiave che domina la zona centrale.
SYS_TEAM_style_exp_0164	[Dribbling fantasma]\nAttacca con il Giocatore Chiave che dribbla nella zona centrale.
SYS_TEAM_style_exp_0165	[Guardia centro]\nTutta la squadra difende con un pressing in massa.
SYS_TEAM_style_exp_0166	[Caccia punte]\nTutta la squadra difende con un pressing in massa.
SYS_TEAM_style_exp_0167	[Tanks]\nAttacca con il dribbling potente del Giocatore Chiave.
SYS_TEAM_style_exp_0168	[Stallone]\nPotenzia la protezione di palla fisica del G. Chiave.
SYS_TEAM_style_exp_0169	[Cuor leone]\nPotenzia la grinta della squadra.
SYS_TEAM_style_exp_0170	[Immagina gol]\nPotenzia la fantasia del Giocatore Chiave.
SYS_TEAM_style_exp_0171	[Luce suprema]\nPotenzia la fantasia del Giocatore Chiave.
SYS_TEAM_style_exp_0172	[Genesi]\nPotenzia la fantasia del Giocatore Chiave.
SYS_TEAM_style_exp_0173	[Luce immortale]\nPotenzia la fantasia del Giocatore Chiave.
SYS_TEAM_style_exp_0174	[Luce infinita]\nPotenzia la fantasia del Giocatore Chiave.
SYS_TEAM_style_exp_0175	[Danza fatata]\nPotenzia la fantasia del Giocatore Chiave.
SYS_TEAM_style_exp_0176	[Corazon]\nPotenzia la dedizione del Giocatore Chiave.
SYS_TEAM_style_exp_0177	[Ruba avanti]\nDifende con il Giocatore Chiave che anticipa e si propone in attacco.
SYS_TEAM_style_exp_0178	[Via libera]\nAttacca con il Giocatore Chiave che gioca libero.
SYS_TEAM_style_exp_0179	[Missione libera]\nAttacca con il Giocatore Chiave che gioca libero.
SYS_TEAM_style_exp_0180	[Imprevedibile]\nAttacca con il Giocatore Chiave che gioca libero.
SYS_TEAM_style_exp_0181	[Microscopio]\nPotenzia i calci piazzati del Giocatore Chiave.
SYS_TEAM_style_exp_0182	[Mira al bersaglio]\nPotenzia i calci piazzati del Giocatore Chiave.
SYS_TEAM_style_exp_0183	[Corsa ruba palla]\nTutta la squadra difende col pressing.
SYS_TEAM_style_exp_0184	[Ginga]\nPotenzia la protezione di palla tecnica del G. Chiave.
SYS_TEAM_style_exp_0185	[Tiro cannone]\nPotenzia i tiri da fuori del G. Chiave.
SYS_TEAM_style_exp_0186	[Cannone laser]\nPotenzia i tiri da fuori del G. Chiave.
SYS_TEAM_style_exp_0187	[Corsa casuale]\nTutta la squadra attacca con giocatori e palla in movimento.
SYS_TEAM_style_exp_0188	[Autorita' linea]\nTutta la squadra difende controllando la linea.
SYS_TEAM_style_exp_0189	[Il Muro]\nTutta la squadra difende chiudendo gli spazi dietro.
SYS_TEAM_style_exp_0190	[Guardiano coper.]\nDifende con il Giocatore Chiave che copre dietro la linea.
SYS_TEAM_style_exp_0191	[Seconda freccia]\nTutta la squadra attacca con attaccanti in attesa.
SYS_TEAM_style_exp_0192	[Passa killer]\nTutta la squadra attacca con filtranti lunghi.
SYS_TEAM_style_exp_0193	[Rimessa guidata]\nPotenzia le rimesse lunghe del G. Chiave.
SYS_TEAM_style_exp_0194	[Grande arco]\nTutta la squadra attacca con passaggi lunghi.
SYS_TEAM_style_exp_0195	[Passa tacco]\nTutta la squadra attacca con passaggi lunghi.
SYS_TEAM_style_exp_0196	[Raggio laser]\nTutta la squadra attacca con passaggi lunghi.
SYS_TEAM_style_exp_0197	[Ragnatela]\nPotenzia la copertura ampia del Giocatore Chiave.
SYS_TEAM_style_exp_0198	[Difesa wiper]\nPotenzia la copertura ampia del Giocatore Chiave.
SYS_TEAM_style_exp_0199	[Zona Del Piero]\nAmplia il raggio di tiro del Giocatore Chiave.
SYS_TEAM_style_exp_0200	[Tiro largo]\nAmplia il raggio di tiro del Giocatore Chiave.
SYS_TEAM_style_exp_0201	[Calcio totale]\nTutta la squadra attacca con giocatori e palla in movimento.
SYS_TEAM_style_exp_0204	[Ruggito]\nPotenzia il tiro del Giocatore Chiave.
SYS_TEAM_style_exp_0205	[Gol salvezza]\nPotenzia le abilita' generali del G. Chiave.
SYS_TEAM_style_exp_0206	[Grilletto]\nPotenzia il tiro del Giocatore Chiave.
SYS_TEAM_style_exp_0207	[Istinto killer]\nPotenzia la fame di gol del Giocatore Chiave.
SYS_TEAM_style_exp_0208	[Cacciatore muto]\nPotenzia la forma al tiro del Giocatore Chiave.
SYS_TEAM_style_exp_0209	[Caccia seriale]\nPotenzia la forma al tiro del Giocatore Chiave.
SYS_TEAM_style_exp_0210	[Pausa idrica]\nAttacca con il Giocatore Chiave che scatta alle spalle della difesa.
SYS_TEAM_style_exp_0211	[Rompi muro]\nAttacca con il Giocatore Chiave che scatta alle spalle della difesa.
SYS_TEAM_style_exp_0212	[Secondo scatto]\nAttacca con il Giocatore Chiave che si inserisce da dietro.
SYS_TEAM_style_exp_0213	[Skywalker]\nTutta la squadra attacca con palle alte.
SYS_TEAM_style_exp_0214	[Direct Cannon]\nMigliora i tiri di prima del G. Chiave.
SYS_TEAM_style_exp_0215	[Total Assist]\nTutta la squadra attacca col gioco di sponda ampio.
SYS_TEAM_style_exp_0216	[Lightning Flash]\nTutta la squadra attacca con lunghi filtranti.
SYS_TEAM_style_exp_0217	[Orbital Axis]\nAttacchi col G. Chiave che apre il gioco.
SYS_TEAM_style_exp_0218	[Circle Vision]\nAttacchi col G. Chiave che apre il gioco.
SYS_TEAM_style_exp_0219	[Perfect Switch]\nTutta la squadra attacca con uomini e palla in moto.
SYS_TEAM_style_exp_0220	[Mainmast]\nTutta la squadra attacca con passaggi sicuri.
SYS_TEAM_style_exp_0221	[Holy Arrow]\nAttacchi con le verticalizzazioni del G. Chiave.
SYS_TEAM_style_exp_0222	[Wing Wave]\nAttacchi col G. Chiave che rientra in dentro.
SYS_TEAM_style_exp_0223	[Diagonal In]\nAttacchi col G. Chiave che rientra in dentro.
SYS_TEAM_style_exp_0224	[Shuttle Loop]\nAttacchi col G. Chiave che copre la fascia.
SYS_TEAM_style_exp_0225	[Run Return]\nAttacchi col G. Chiave che copre la fascia.
SYS_TEAM_style_exp_0226	[Chakram]\nTutta la squadra attacca tramite il G. Chiave.
SYS_TEAM_style_exp_0227	[Gift Touch]\nTutta la squadra attacca tramite il G. Chiave.
SYS_TEAM_style_exp_0228	[Majestic]\nAttacchi col G. Chiave che domina l'area.
SYS_TEAM_style_exp_0229	[Impulse]\nAttacchi col G. Chiave che domina l'area.
SYS_TEAM_style_exp_0230	[Conquest]\nAttacchi col G. Chiave che domina la trequarti.
SYS_TEAM_style_exp_0231	[Divine Light]\nAttacchi col G. Chiave che domina il campo.
SYS_TEAM_style_exp_0232	[Flag of Freedom]\nAttacchi col G. Chiave che gioca libero.
SYS_TEAM_style_exp_0234	[Infinite Arc]\nMigliora i calci piazzati del G. Chiave.
SYS_TEAM_style_exp_0235	[Gloriole]\nMigliora la difesa organizzata della squadra.
SYS_TEAM_style_exp_0236	[Lion Guard]\nMigliora la difesa organizzata della squadra.
SYS_TEAM_style_exp_0237	[Gladiator]\nMigliora la resistenza del Giocatore Chiave.
SYS_TEAM_style_exp_0238	[Total Security]\nLa squadra difende puntando sulla sicurezza.
SYS_TEAM_style_exp_0239	[Albert Dock]\nTutta la squadra difende la trequarti a ogni costo.
SYS_TEAM_style_exp_0240	[Spider Net]\nMigliora le parate del G. Chiave sui tiri.
SYS_TEAM_style_exp_0241	[Mind Wall]\nMigliora le parate del G. Chiave sui tiri.
SYS_TEAM_style_exp_0242	[Gauntlet]\nMigliora le uscite del G. Chiave sui cross.
SYS_TEAM_style_exp_0243	[Winning Finish]\nMigliora le capacita' generali del G. Chiave.
SYS_TEAM_style_exp_0244	[Bensan]\nMigliora le capacita' generali del G. Chiave.
SYS_TEAM_style_exp_0245	[Mamma Mia]\nMigliora le capacita' generali del G. Chiave.
SYS_TEAM_style_exp_0246	[Running Soul]\nMigliora la dedizione del G. Chiave alla squadra.
SYS_TEAM_style_exp_0247	[King Role]\nMigliora le capacita' generali del G. Chiave.
SYS_TEAM_style_exp_0248	[Emperor]\nMigliora le capacita' generali del G. Chiave.
SYS_TEAM_style_exp_0249	[Protagonista]\nMigliora le capacita' generali del G. Chiave.
SYS_TEAM_style_exp_0250	[Twin Towers]\nTutta la squadra attacca con palle alte.
SYS_TEAM_style_exp_0251	[Resonant Instinct]\nTutta la squadra attacca col gioco di sponda ampio.
SYS_TEAM_style_exp_0252	[Creative Armada]\nTutta la squadra attacca alternando passaggi lunghi e corti.
SYS_TEAM_style_exp_0253	[In-Sync Passing]\nTutta la squadra si muove per aprire linee di passaggio.
SYS_TEAM_style_exp_0254	[Three Lions]\nAttacchi col G. Chiave che domina il campo.
SYS_TEAM_style_exp_0255	[Double Action]\nTutta la squadra attacca con il gioco di combinazione.
SYS_TEAM_style_exp_0256	[Devil's Triangle]\nTutta la squadra difende col pressing in massa.
SYS_TEAM_style_exp_0257	[Double Cutter]\nTutta la squadra difende contro le combinazioni.
SYS_TEAM_style_exp_0258	[Silent Bond]\nTutta la squadra attacca con il gioco di combinazione.
SYS_TEAM_style_exp_0259	[Blondel's Song]\nTutta la squadra attacca con il gioco di combinazione.
SYS_TEAM_style_exp_0260	[Mystic Triangle]\nTutta la squadra attacca con il gioco di combinazione.
SYS_TEAM_style_exp_0261	[Devil's Trio]\nTutta la squadra attacca con il gioco di combinazione.
SYS_TEAM_style_exp_0262	[Iron Wall]\nTutta la squadra difende contro le combinazioni.
SYS_TEAM_style_exp_0263	[Three Musketeers]\nTutta la squadra difende contro le combinazioni.
SYS_TEAM_style_exp_0264	[Iron Chain]\nTutta la squadra difende contro le combinazioni.
SYS_TEAM_style_exp_0265	[Pincer]\nTutta la squadra difende contro le combinazioni.
SYS_TEAM_style_exp_0266	[Barrier Triangle]\nTutta la squadra difende contro le combinazioni.
SYS_TEAM_style_exp_0267	[Double Contact]\nTutta la squadra difende contro le combinazioni.
SYS_TEAM_style_exp_0268	[Selecao das Quinas]\nTutta la squadra attacca con il gioco di combinazione.
SYS_TEAM_style_exp_0269	[Celeste y Blanco]\nTutta la squadra attacca alternando passaggi lunghi e corti.
SYS_TEAM_style_exp_0270	[Canarinho]\nTutta la squadra attacca con passaggi corti.
SYS_TEAM_style_exp_0271	[Catenaccio]\nLa squadra difende puntando sulla sicurezza.
SYS_TEAM_style_exp_0272	[Champagne Football]\nTutta la squadra attacca con passaggi di prima.
SYS_TEAM_style_exp_0273	[German Spirit]\nMigliora la fame di gol del Giocatore Chiave.
SYS_TEAM_style_exp_0274	[Kick and Rush]\nTutta la squadra attacca con lanci lunghi.
SYS_TEAM_style_exp_0275	[Armada]\nTutta la squadra si muove per aprire linee di passaggio.
SYS_TEAM_style_exp_0276	[Yamato Spirit]\nTutta la squadra si muove per aprire linee di passaggio.
SYS_TEAM_style_exp_0277	[SAMURAI BLUE]\nTutta la squadra si muove per aprire linee di passaggio.
SYS_TEAM_style_exp_0278	[Sweep Shot]\nMigliora il tiro del Giocatore Chiave.
SYS_TEAM_style_exp_0279	[Chiquita]\nMigliora il tiro del Giocatore Chiave.
SYS_TEAM_style_exp_0280	[Infinite Goal Vision]\nMigliora il movimento di tiro del G. Chiave.
SYS_TEAM_style_exp_0281	[Vital Snatcher]\nAttacchi col G. Chiave che si inserisce da dietro.
SYS_TEAM_style_exp_0282	[Beast Path]\nMigliora la creazione di spazi del G. Chiave.
SYS_TEAM_style_exp_0283	[Gravitation]\nMigliora la creazione di spazi del G. Chiave.
SYS_TEAM_style_exp_0284	[Bosphorus Bridge]\nTutta la squadra attacca con lunghi filtranti.
SYS_TEAM_style_exp_0285	[Infinite Axis]\nAttacchi col G. Chiave che crea occasioni.
SYS_TEAM_style_exp_0286	[Angel Wing]\nAttacchi col G. Chiave che crea occasioni dalla fascia.
SYS_TEAM_style_exp_0287	[Muleta]\nAttacchi col G. Chiave che crea occasioni dalla fascia.
SYS_TEAM_style_exp_0288	[Wings of Creation]\nAttacchi col G. Chiave che crea occasioni dalla fascia.
SYS_TEAM_style_exp_0289	[Killer Cross]\nAttacchi coi cross del Giocatore Chiave.
SYS_TEAM_style_exp_0290	[Field General]\nAttacchi col Giocatore Chiave come regista.
SYS_TEAM_style_exp_0291	[Absolute Vision]\nAttacchi col G. Chiave che apre il gioco.
SYS_TEAM_style_exp_0292	[Spyware]\nTutta la squadra attacca con passaggi di prima.
SYS_TEAM_style_exp_0293	[Eternal Beacon]\nTutta la squadra attacca con passaggi sicuri.
SYS_TEAM_style_exp_0294	[Malolactic]\nTutta la squadra attacca alternando passaggi lunghi e corti.
SYS_TEAM_style_exp_0295	[Borderless]\nTutta la squadra punta alla via piu' breve verso la porta.
SYS_TEAM_style_exp_0296	[Chilling Turn]\nAttacchi con i dribbling eleganti del G. Chiave.
SYS_TEAM_style_exp_0297	[Blind Route]\nAttacchi col G. Chiave che dribbla in trequarti.
SYS_TEAM_style_exp_0298	[Petit Velo]\nAttacchi col G. Chiave che dribbla in trequarti.
SYS_TEAM_style_exp_0299	[Innocent World]\nAttacchi col G. Chiave che avanza palla al piede.
SYS_TEAM_style_exp_0300	[Rodeo Drive]\nAttacchi col G. Chiave che rientra in dentro.
SYS_TEAM_style_exp_0301	[Power Screen]\nMigliora la protezione palla fisica del G. Chiave.
SYS_TEAM_style_exp_0302	[Resonant Arrow]\nAttacchi col G. Chiave che sfonda al centro.
SYS_TEAM_style_exp_0303	[Besieged]\nTutta la squadra attacca tramite il G. Chiave.
SYS_TEAM_style_exp_0304	[Pulga Atomica]\nAttacchi col G. Chiave che domina l'area.
SYS_TEAM_style_exp_0305	[Zone Nemesis]\nAttacchi col G. Chiave che domina la trequarti.
SYS_TEAM_style_exp_0306	[Galactic Star]\nAttacchi col G. Chiave che domina il campo.
SYS_TEAM_style_exp_0307	[Campidoglio]\nAttacchi col G. Chiave che domina il campo.
SYS_TEAM_style_exp_0308	[Dangerous Game]\nAttacchi col G. Chiave che gioca libero.
SYS_TEAM_style_exp_0309	[No Huddle]\nAttacchi col G. Chiave che gioca libero.
SYS_TEAM_style_exp_0310	[Ambitious]\nAttacchi col G. Chiave che gioca libero.
SYS_TEAM_style_exp_0311	[El Pipe]\nAttacchi col G. Chiave che gioca libero.
SYS_TEAM_style_exp_0312	[Archmage]\nMigliora la creativita' del Giocatore Chiave.
SYS_TEAM_style_exp_0313	[Firewall]\nDifende col G. Chiave che copre e s'inserisce.
SYS_TEAM_style_exp_0314	[Cerberus]\nTutta la squadra difende rallentando gli attacchi.
SYS_TEAM_style_exp_0315	[Backseat Role]\nMigliora il supporto difensivo del G. Chiave.
SYS_TEAM_style_exp_0316	[Front Mission]\nIl G. Chiave difende dalla prima linea.
SYS_TEAM_style_exp_0317	[Bulletproof Wall]\nTutta la squadra difende l'area a ogni costo.
SYS_TEAM_style_exp_0318	[Laughable]\nTutta la squadra difende contro la tecnica.
SYS_TEAM_style_exp_0319	[Physical Monster]\nDifende col G. Chiave che usa il fisico.
SYS_TEAM_style_exp_0320	[Perfect Game]\nMigliora l'astuzia del Giocatore Chiave.
SYS_TEAM_style_exp_0321	[Pantera]\nMigliora le parate del G. Chiave sui tiri.
SYS_TEAM_style_exp_0322	[Foro Romano]\nMigliora le capacita' generali del G. Chiave.
SYS_TEAM_style_exp_0323	[Shining Sun]\nAlza il morale di tutta la squadra.
SYS_TEAM_style_exp_0324	[Halo of Power]\nMigliora la dedizione del G. Chiave alla squadra.
SYS_TEAM_style_exp_0325	[Icon]\nMigliora la dedizione del G. Chiave alla squadra.
SYS_TEAM_style_exp_0326	[Chain Control]\nTutta la squadra difende controllando le linee.
SYS_TEAM_style_exp_0327	[Dream Line]\nTutta la squadra attacca con il gioco di combinazione.
SYS_TEAM_style_exp_0328	[Double Lock]\nTutta la squadra difende la trequarti a ogni costo.
SYS_TEAM_style_exp_0329	[Tag Partner]\nDifende col G. Chiave che usa il fisico.
SYS_TEAM_style_exp_0330	[Spion Kop]\nMigliora lo spirito combattivo della squadra.
SYS_TEAM_style_exp_0331	[Pioneer Knights]\nTutta la squadra attacca con il gioco di combinazione.
SYS_TEAM_style_exp_0332	[Two-Way Bond]\nMigliora il piazzamento del Giocatore Chiave.
SYS_TEAM_style_exp_0333	[Delta Press]\nMigliora la resistenza del Giocatore Chiave.
SYS_TEAM_style_exp_0334	[Double Impact]\nAttacchi col G. Chiave che scatta alle spalle della difesa.
SYS_TEAM_style_exp_0335	[Iron Curtain]\nTutta la squadra difende controllando le linee.
SYS_TEAM_style_exp_0336	[Control Triangle]\nTutta la squadra si muove per aprire linee di passaggio.
SYS_TEAM_style_exp_0337	[St. Mark]\nMigliora il movimento di tiro del G. Chiave.
SYS_TEAM_style_exp_0338	[Black Swan]\nMigliora la resistenza del Giocatore Chiave.
SYS_TEAM_style_exp_0339	[Black Tulip]\nAttacchi col G. Chiave che gioca libero.
SYS_TEAM_style_exp_0340	[Celeste]\nSquadra in attacco, punte pronte al contropiede.
SYS_TEAM_style_exp_0341	[Blagula]\nMigliora la protezione palla fisica del G. Chiave.
SYS_TEAM_style_exp_0342	[Danish Dynamite]\nTutta la squadra attacca con uomini e palla in moto.
SYS_TEAM_style_exp_0343	[Rode Duivels]\nTutta la squadra attacca con il gioco di combinazione.
SYS_TEAM_style_exp_0344	[Vatreni]\nTutta la squadra attacca con il gioco di combinazione.
SYS_TEAM_style_exp_0345	[Child King]\nMigliora le capacita' generali del G. Chiave.
SYS_TEAM_style_exp_0346	[Charreria]\nAttacchi col G. Chiave che domina l'area.
SYS_TEAM_style_exp_0347	[Puppet Dance]\nMigliora la creativita' del Giocatore Chiave.
SYS_TEAM_style_exp_0348	[Trafford Yard]\nMigliora le uscite del G. Chiave sui cross.
SYS_TEAM_style_exp_0349	[Crossing Train]\nAttacchi col G. Chiave che rientra in dentro.
SYS_TEAM_style_exp_0350	[United Force]\nTutta la squadra attacca veloce dopo il recupero palla.
SYS_TEAM_style_exp_0351	[Illusionista]\nMigliora la creativita' del Giocatore Chiave.
SYS_TEAM_style_exp_0352	[Plato Principal]\nMigliora il tiro del Giocatore Chiave.
SYS_TEAM_style_exp_0353	[Gold Rush]\nMigliora le capacita' generali del G. Chiave.
SYS_TEAM_style_exp_0354	[Flying Gun]\nMigliora i tiri di prima del G. Chiave.
SYS_TEAM_style_exp_0355	[Counter Head]\nTutta la squadra punta alla via piu' breve verso la porta.
SYS_TEAM_style_exp_0356	[Cuckoo Clock]\nAttacchi col G. Chiave che crea occasioni.
SYS_TEAM_style_exp_0357	[Fighting Man]\nMigliora la fame di gol del Giocatore Chiave.
SYS_TEAM_style_exp_0358	[Momentum Magic]\nTutta la squadra attacca tramite il G. Chiave.
SYS_TEAM_style_exp_end_0000	Iscrizioni in chiusura.
TRA_FORM_message_0000	Imposta $c[FF6347FF]formazione, tattiche e Giocatore Chiave$c per allenarti.
TRA_MENU_explain_0000	Dai un giorno di riposo.\nElimina la fatica accumulata e recupera le condizioni.
TRA_MENU_explain_0001	Allenati su un campo grande come in partita.\nProve da incontro vero per le partite.
TRA_MENU_explain_0002	Allenati su mezzo campo.\nEsercizi di situazione con attacco e difesa fissi.
TRA_MENU_explain_0003	Fai l'$c[FF6347FF]Allen. di Squadra$c.\nAllenamento leggero o duro, secondo il tempo.
TRA_MENU_explain_0004	Organizza vari eventi.
TRA_MENU_explain_0005	Fatti istruire da un $c[FF6347FF]allenatore famoso$c.\nStrofina una Player Card per un ruolo.
TRA_MENU_explain_0006	Organizza una $c[FF6347FF]cena di squadra$c per unire il gruppo.\nStrofina una Player Card per un ruolo.
TRA_MENU_explain_0007	Spec. All.
TRA_MENU_menu_0001	Campo Intero
TRA_MENU_menu_0002	Mezzo Campo
TRA_MENU_menu_0003	Allen. Squadra
TRA_MENU_menu_0004	Ritiro
TRA_MENU_message_0000	I giocatori sono in campo.\nChe allenamento oggi?
TRA_RESULT_message_0000	I giocatori hanno gradito il riposo.\nAnche la motivazione e' salita.
TRA_RESULT_message_0001	I giocatori si sono riposati a lungo.\nLa fatica dovrebbe essere sparita.
TRA_RESULT_message_0002	I giocatori si preparano al prossimo incontro.\nAnche le condizioni sono salite.
TRA_RESULT_message_0003	%s si e' infortunato.\nBasta allenamento.
TRA_RESULT_message_0004	I giocatori valgono di piu'.\nAspettiamoci di piu'.
TRA_RESULT_message_0005	Il nostro attacco $c[FF6347FF]fara' tremare il mondo$c.
TRA_RESULT_message_0006	Il nostro possesso palla $c[FF6347FF]fara' tremare il mondo$c.
TRA_RESULT_message_0007	La nostra velocita' di gioco $c[FF6347FF]fara' tremare il mondo$c.
TRA_RESULT_message_0008	La nostra difesa $c[FF6347FF]fara' tremare il mondo$c.
TRA_RESULT_message_0009	Il nostro recupero palla $c[FF6347FF]fara' tremare il mondo$c.
TRA_RESULT_message_0010	La nostra difesa bassa $c[FF6347FF]fara' tremare il mondo$c.
TRA_RESULT_message_0011	I nostri calci piazzati $c[FF6347FF]faranno tremare il mondo$c.
TRA_RESULT_message_0012	Il nostro gioco di potenza $c[FF6347FF]fara' tremare il mondo$c.
TRA_RESULT_message_0013	Il nostro gioco di corsa $c[FF6347FF]fara' tremare il mondo$c.
TRA_RESULT_message_0014	I nostri passaggi corti $c[FF6347FF]faranno tremare il mondo$c.
TRA_RESULT_message_0015	I nostri lanci lunghi $c[FF6347FF]faranno tremare il mondo$c.
TRA_RESULT_message_0016	Il nostro gioco di squadra $c[FF6347FF]fara' tremare il mondo$c.
TRA_RESULT_message_0017	Il nostro mix di talenti $c[FF6347FF]fara' tremare il mondo$c.
TRA_RESULT_message_0018	Non c'e' nulla da dire.\nL'attacco e' il $c[FF6347FF]migliore al mondo$c.
TRA_RESULT_message_0019	L'attacco e' di $c[FF6347FF]livello mondiale$c.\nPossiamo segnare a chiunque.
TRA_RESULT_message_0020	L'attacco e' molto piu' forte.\nGli altri ci temeranno.
TRA_RESULT_message_0021	L'attacco e' discreto.\nCreeremo piu' occasioni.
TRA_RESULT_message_0022	L'attacco migliora piano piano.\nPuntiamo piu' in alto.
TRA_RESULT_message_0024	Non c'e' nulla da dire.\nIl possesso e' il $c[FF6347FF]migliore al mondo$c.
TRA_RESULT_message_0025	Il possesso e' di $c[FF6347FF]livello mondiale$c.\nNessuno ci toglie palla.
TRA_RESULT_message_0026	Il possesso e' molto migliorato.\nGli altri ci temeranno.
TRA_RESULT_message_0027	Il possesso e' discreto.\nLa manovra dovrebbe stabilizzarsi.
TRA_RESULT_message_0028	Il possesso migliora piano piano.\nPuntiamo piu' in alto.
TRA_RESULT_message_0029	Il possesso e' ai minimi.\nNon resta che allenarsi duro.
TRA_RESULT_message_0030	Non c'e' nulla da dire.\nLa velocita' e' la $c[FF6347FF]migliore al mondo$c.
TRA_RESULT_message_0031	La velocita' e' di $c[FF6347FF]livello mondiale$c.\nSuperiamo qualsiasi avversario.
TRA_RESULT_message_0032	La velocita' di gioco e' molto aumentata.\nGli altri ci temeranno.
TRA_RESULT_message_0033	La velocita' di gioco e' discreta.\nPossiamo attendere attacchi veloci.
TRA_RESULT_message_0034	La velocita' di gioco cresce piano piano.\nPuntiamo piu' in alto.
TRA_RESULT_message_0035	La velocita' di gioco e' ai minimi.\nNon resta che allenarsi duro.
TRA_RESULT_message_0036	Non c'e' nulla da dire.\nLa difesa e' la $c[FF6347FF]migliore al mondo$c.
TRA_RESULT_message_0037	La difesa e' di $c[FF6347FF]livello mondiale$c.\nNessuno segnera' facilmente.
TRA_RESULT_message_0038	La difesa e' molto piu' forte.\nGli altri ci temeranno.
TRA_RESULT_message_0039	La difesa e' discreta.\nSubiremo meno pericoli.
TRA_RESULT_message_0040	La difesa migliora piano piano.\nPuntiamo piu' in alto.
TRA_RESULT_message_0041	La difesa e' ai minimi.\nNon resta che allenarsi duro.
TRA_RESULT_message_0042	Non c'e' nulla da dire.\nIl recupero palla e' il $c[FF6347FF]migliore al mondo$c.
TRA_RESULT_message_0043	Il recupero palla e' di $c[FF6347FF]livello mondiale$c.\nPossiamo soffiare palla a chiunque.
TRA_RESULT_message_0044	Il recupero palla e' molto migliore.\nGli altri ci temeranno.
TRA_RESULT_message_0045	Il recupero palla e' discreto.\nVinciamo le lotte a centrocampo.
TRA_RESULT_message_0046	Il recupero palla migliora piano piano.\nPuntiamo piu' in alto.
TRA_RESULT_message_0047	Il recupero palla e' ai minimi.\nNon resta che allenarsi duro.
TRA_RESULT_message_0048	Non c'e' nulla da dire.\nLa difesa bassa e' la $c[FF6347FF]migliore al mondo$c.
TRA_RESULT_message_0049	La difesa bassa e' di $c[FF6347FF]livello mondiale$c.\nNessuno trova spazi da attaccare.
TRA_RESULT_message_0050	La difesa bassa funziona bene.\nSotto attacco ci schieriamo in fretta.
TRA_RESULT_message_0051	La difesa bassa e' discreta.\nPuntiamo piu' in alto.
TRA_RESULT_message_0052	La difesa bassa prende forma piano piano.\nContinuiamo cosi'.
TRA_RESULT_message_0053	La difesa bassa e' disastrosa.\nPossiamo solo allenarci.
TRA_RESULT_message_0054	Non c'e' nulla da dire.\nI calci piazzati sono i $c[FF6347FF]migliori al mondo$c.
TRA_RESULT_message_0055	I calci piazzati sono di $c[FF6347FF]livello mondiale$c.\nPossiamo segnare a chiunque.
TRA_RESULT_message_0056	I calci piazzati sono molto piu' incisivi.\nGli altri ci temeranno.
TRA_RESULT_message_0057	I calci piazzati sono discreti.\nPuntiamo piu' in alto.
TRA_RESULT_message_0058	I calci piazzati migliorano piano piano.\nContinuiamo cosi'.
TRA_RESULT_message_0059	I calci piazzati sono pessimi.\nPossiamo solo allenarci.
TRA_RESULT_message_0060	Non c'e' nulla da dire.\nIl gioco di potenza e' il $c[FF6347FF]migliore al mondo$c.
TRA_RESULT_message_0061	La potenza e' di $c[FF6347FF]livello mondiale$c.\nSopraffacciamo chiunque.
TRA_RESULT_message_0062	Il gioco di potenza funziona bene.\nGli altri ci temeranno.
TRA_RESULT_message_0063	La potenza e' discreta.\nPossiamo aspettarci azioni potenti.
TRA_RESULT_message_0064	Il gioco di potenza migliora piano piano.\nPuntiamo piu' in alto.
TRA_RESULT_message_0065	Il gioco di potenza e' ai minimi.\nNon resta che allenarsi duro.
TRA_RESULT_message_0066	Non c'e' nulla da dire.\nIl gioco di corsa e' il $c[FF6347FF]migliore al mondo$c.
TRA_RESULT_message_0067	Il gioco di corsa e' di $c[FF6347FF]livello mondiale$c.\nNessuno ci batte in corsa.
TRA_RESULT_message_0068	Il gioco di corsa funziona bene.\nPossiamo giocare ad alta intensita'.
TRA_RESULT_message_0069	Il gioco di corsa e' discreto.\nPuntiamo piu' in alto.
TRA_RESULT_message_0070	Il gioco di corsa prende forma piano piano.\nContinuiamo cosi'.
TRA_RESULT_message_0071	Il gioco di corsa e' pessimo.\nPossiamo solo allenarci.
TRA_RESULT_message_0072	Non c'e' nulla da dire.\nI passaggi corti sono i $c[FF6347FF]migliori al mondo$c.
TRA_RESULT_message_0073	I passaggi corti sono di $c[FF6347FF]livello mondiale$c.\nApriamo qualsiasi difesa con stile.
TRA_RESULT_message_0074	I passaggi corti funzionano bene.\nLe superiorita' spaccano le difese.
TRA_RESULT_message_0075	I passaggi corti sono discreti.\nPuntiamo piu' in alto.
TRA_RESULT_message_0076	I passaggi corti migliorano piano piano.\nContinuiamo cosi'.
TRA_RESULT_message_0077	I passaggi corti sono disastrosi.\nPossiamo solo allenarci.
TRA_RESULT_message_0078	Non c'e' nulla da dire.\nI lanci lunghi sono i $c[FF6347FF]migliori al mondo$c.
TRA_RESULT_message_0079	I lanci lunghi sono di $c[FF6347FF]livello mondiale$c.\nI cambi di gioco dinamici ingannano chiunque.
TRA_RESULT_message_0080	I lanci lunghi sono molto migliori.\nPossiamo attaccare gli spazi aperti.
TRA_RESULT_message_0081	I lanci lunghi sono discreti.\nPuntiamo piu' in alto.
TRA_RESULT_message_0082	I lanci lunghi migliorano piano piano.\nContinuiamo cosi'.
TRA_RESULT_message_0083	I lanci lunghi sono pessimi.\nPossiamo solo allenarci.
TRA_RESULT_message_0084	Questa intesa d'oro $c[FF6347FF]scuotera' il mondo$c.\n
TRA_RESULT_message_0085	Il gioco di squadra e' $c[FF6347FF]di livello mondiale$c.\nL'intesa fluida e' ineccepibile.
TRA_RESULT_message_0086	Il gioco di squadra e' molto migliore.\nI giocatori si integrano bene e fanno gruppo.
TRA_RESULT_message_0087	L'intesa e' discreta.\nOra la manovra dovrebbe migliorare.
TRA_RESULT_message_0088	Il gioco di squadra decolla piano piano.\nCostruiamo piu' intesa.
TRA_RESULT_message_0089	Il gioco di squadra e' ai minimi.\nPoca intesa e poco spirito di squadra.
TRA_RESULT_message_0090	Un mix cosi' perfetto $c[FF6347FF]scuotera' il mondo$c.\n
TRA_RESULT_message_0091	Il gioco individuale e' di $c[FF6347FF]livello mondiale$c.\nI talenti si fondono alla perfezione. Impeccabile.
TRA_RESULT_message_0092	Il gioco individuale e' molto migliore.\nI loro talenti si fondono bene.
TRA_RESULT_message_0093	Il gioco individuale e' discreto.\nOra possiamo contare sull'uno contro uno.
TRA_RESULT_message_0094	Il gioco individuale migliora piano piano.\nTiriamo fuori piu' talento.
TRA_RESULT_message_0095	Il gioco individuale e' ai minimi.\nI talenti non sono ancora sfruttati.
TRA_RESULT_message_0096	E' stato un vero $c[FF6347FF]eccesso di lavoro$c.\nLe condizioni dei giocatori sono calate.
TRA_RESULT_message_0097	L'allenamento e' servito da $c[FF6347FF]rifinitura$c.\nLe condizioni di alcuni sono migliorate.
TRA_RESULT_message_0098	Un allenamento durissimo ha $c[FF6347FF]rafforzato l'amicizia$c.
TRA_RESULT_message_0099	L'allenamento e' servito da $c[FF6347FF]rifinitura$c.\nSono in forma super e $c[FF6347FF]senza piu' fatica$c.
TRA_RESULT_message_0100	L'allenamento li aiuterebbe piu' del riposo.
TRA_RESULT_message_0101	Troppo riposo e i giocatori si arrugginiscono.
TRA_RESULT_message_0102	Il riposo ha solo messo a disagio i giocatori.
TRA_RESULT_message_0103	Che bravura, un grande allenatore.\nI giocatori hanno imparato molto.
TRA_RESULT_message_0104	Degno della sua fama.\nI suoi metodi nuovi hanno stupito i giocatori.
TRA_RESULT_message_0105	La teoria del mister era un po' troppo dura.\nPer i giocatori era arabo.
TRA_RESULT_message_0108	I giocatori perdono fiducia.\nFermiamo questa serie negativa.
TRA_RESULT_message_0109	Che bellezza questi calci piazzati.\nLa squadra ha imparato a fondo questo stile.
TRA_RESULT_message_0110	Calci piazzati fluidi e bellissimi.\nPossiamo imporre il nostro stile a chiunque.
TRA_RESULT_message_0111	Un'ottima sessione sui calci piazzati.\nFunziona come stile di squadra.
TRA_RESULT_message_0112	I calci piazzati diventano un'arma vera.\nAffiniamoli ancora.
TRA_RESULT_message_0113	I calci piazzati migliorano piano piano.\nIl piano entra in testa; alcuni momenti brillano.
TRA_RESULT_message_0114	C'e' ancora molto da fare.\nAllenamoci finche' funziona come nostro stile.
TRA_RESULT_message_0115	La tua passione per la squadra li ha conquistati.\nUn allenamento cosi' duro porta la squadra $c[FF6347FF]ancora piu' in alto$c.
TRA_RESULT_message_0116	Il tuo stile di allenamento ha fatto centro.\nAspettati una grande crescita.
TRA_RESULT_message_0117	La tua cura dei dettagli ha soddisfatto i giocatori.\nLa useranno negli incontri.
TRA_RESULT_message_0118	I tuoi metodi insoliti hanno confuso i giocatori.\nForse serve rifletterci un po'.
TRA_RESULT_message_0119	Guidati dal capitano %s, sessione produttiva.\nEffetto $c[FF6347FF]maggiore$c del solito.
TRA_RESULT_message_0120	Guidati dal capitano %s, sessione produttiva.\n$c[FF6347FF]Abilita' speciali$c cresciute molto.
TRA_RESULT_message_0121	Guidati dal capitano %s, sessione produttiva.\nL'$c[FF6347FF]intesa$c tra i giocatori e' migliorata.
TRA_RESULT_message_0122	Guidati dal capitano %s, sessione produttiva.\nLe $c[FF6347FF]abilita' dei giocatori$c ora spiccano.
TRA_RESULT_message_0123	Guidati dal capitano %s, sessione produttiva.\nEffetto $c[FF6347FF]molto maggiore$c del solito.
TRA_RESULT_message_0124	Il capitano %s non tiene unita' la squadra.\nAlcuni l'hanno presa come $c[00BFFFFF]solo un po' di preparazione$c.
TRA_RESULT_message_0125	Abbiamo trasmesso molto di piu' ai giocatori.\nCrescono squadra e tue capacita'.
TRA_RESULT_message_0126	I giocatori si fidano della tua esperienza.\nVediamoli crescere.
TRA_RESULT_message_0127	Non siamo riusciti a spiegare bene le tattiche.\nUn nuovo approccio aiuterebbe.
TRA_SCENE_end_0000	L'allenamento e' finito.\nEra leggero, i giocatori sono freschi.
TRA_SCENE_end_0001	L'allenamento e' finito.
TRA_SCENE_end_0002	L'allenamento e' finito.\nE' stato duro, ma aspettati $c[FF6347FF]risultati migliori del solito$c.
TRA_SCENE_end_0003	Sono esausti; nessuno si regge in piedi.\nProseguire e' pericoloso, allenamento concluso.
TRA_SCENE_end_0004	Qualcosa non va.\nFermiamo l'allenamento per ora.
TRA_SCENE_end_0005	L'incontro si avvicina.\nMi spiace, ma fermiamoci qui.
TRA_SCENE_end_0006	L'allenamento e' finito.\nE' stato duro, ma ha dato $c[FF6347FF]grandi risultati$c.
TRA_SCENE_end_0007	L'allenamento e' finito.\nE' stato duro, ma ha dato $c[FF6347FF]risultati enormi$c.
TRA_SCENE_icon_0000	Fine
TRA_SCENE_stamina_0000	$c[FF6347FF]Controlla la resistenza$c e premi Tiro per $c[FF6347FF]finire l'allenamento$c.
TRA_SCENE_stamina_0001	$c[FF6347FF]Controlla la resistenza$c e premi Tiro per $c[FF6347FF]finire l'allenamento$c.
TRA_SCENE_stamina_0002	$c[FF6347FF]Controlla la resistenza$c e premi Tiro per $c[FF6347FF]finire l'allenamento$c.
TRA_SCENE_stamina_0003	Molti sono vicini al $c[FF6347FF]limite$c.\n$c[FF6347FF]Controlla la resistenza$c e premi Tiro per $c[FF6347FF]finire l'allenamento$c.
TRA_SCENE_stamina_0004	Allenarsi $c[FF6347FF]troppo$c e' $c[FF6347FF]pericoloso$c.\n$c[FF6347FF]Controlla la resistenza$c e premi Tiro per $c[FF6347FF]finire l'allenamento$c.
TRA_SCENE_state_0000	Brividi.\nIl loro gioco e' poesia in movimento.
TRA_SCENE_state_0007	I giocatori riposano a casa.
TRA_SCENE_state_0008	Ognuno fa la sua routine.
TRA_SCENE_state_0009	I giocatori non sembrano stanchi.
TRA_SCENE_state_0010	I giocatori sono stufi di tanto riposo.
TRA_SCENE_state_0011	Riposare con le finanze incerte\nha fatto girare brutte voci tra i giocatori.
TRA_THEME_RAREexplain_0001	Allenati con un famoso allenatore inglese.
TRA_THEME_RAREexplain_0002	Allenati con un famoso allenatore spagnolo.
TRA_THEME_RAREexplain_0003	Allenati con un famoso allenatore italiano.
TRA_THEME_RAREexplain_0004	Allenati con un famoso allenatore tedesco.
TRA_THEME_RAREexplain_0005	Allenati con un famoso allenatore francese.
TRA_THEME_RAREexplain_0006	Allenati con un noto allenatore olandese.
TRA_THEME_RAREexplain_0007	Allenati con un famoso allenatore brasiliano.
TRA_THEME_RAREexplain_0008	Allenati con un famoso allenatore argentino.
TRA_THEME_RAREexplain_0009	Allenati con un famoso allenatore CONCACAF.
TRA_THEME_RAREexplain_0010	Allenati con un famoso allenatore africano.
TRA_THEME_RAREexplain_0011	Allenati con un noto allenatore asiatico.
TRA_THEME_RAREexplain_0012	Allenati con un famoso allenatore giapponese.
TRA_THEME_RAREexplain_0013	Ritiro per spezzare la serie negativa.
TRA_THEME_RAREexplain_0014	Esercizi speciali sui tuoi punti di forza.
TRA_THEME_Raremenu_0002	Mini Ritiro
TRA_THEME_Raremenu_0003	Spec. Allen.
TRA_THEME_confirm_0000	Dare un giorno di riposo?
TRA_THEME_confirm_0001	Dillo
TRA_THEME_confirm_0002	Annulla
TRA_THEME_confirm_0003	Trasmettere questo atteggiamento ai giocatori?
TRA_THEME_effect_0000	Intese +
TRA_THEME_effect_0001	Intese ++
TRA_THEME_effect_0002	Intese +++
TRA_THEME_effect_0003	Abilita' ++
TRA_THEME_effect_0004	Abilita' +++
TRA_THEME_effect_0005	Speciale ++
TRA_THEME_effect_0006	Speciale +++
TRA_THEME_effect_0007	Piazzati +
TRA_THEME_effect_0008	Piazzati ++
TRA_THEME_effect_0009	Piazzati +++
TRA_THEME_effect_0010	Intese/Abil. +
TRA_THEME_effect_0011	Intese/Spec. +
TRA_THEME_effect_0012	Intese/Piazz. +
TRA_THEME_effect_0013	Abil./Spec. +
TRA_THEME_effect_0014	Abil./Piazz. +
TRA_THEME_effect_0015	Spec./Piazz. +
TRA_THEME_effect_0016	Intese/Abil. ++
TRA_THEME_effect_0017	Intese/Spec. ++
TRA_THEME_effect_0018	Intese/Piazz. ++
TRA_THEME_effect_0019	Abil./Spec. ++
TRA_THEME_effect_0020	Abil./Piazz. ++
TRA_THEME_effect_0021	Spec./Piazz. ++
TRA_THEME_effect_0022	Intese/Abil. +++
TRA_THEME_effect_0023	Intese/Spec. +++
TRA_THEME_effect_0024	Intese/Piazz. +++
TRA_THEME_effect_0025	Abil./Spec. +++
TRA_THEME_effect_0026	Abil./Piazz. +++
TRA_THEME_effect_0027	Spec./Piazz. +++
TRA_THEME_effect_0028	Int./Abil./Spec. +
TRA_THEME_effect_0029	Int./Abil./Spec. ++
TRA_THEME_effect_0030	Int./Abil./Spec. +++
TRA_THEME_explain_0001	Spacca le difese e crea occasioni.
TRA_THEME_explain_0002	Mantieni una difesa solida e proteggi la porta.
TRA_THEME_explain_0003	Concatena i passaggi per costruire il gioco.
TRA_THEME_explain_0004	Pressa l'avversario e recupera palla.
TRA_THEME_explain_0005	Allena attacchi veloci e rapide transizioni.
TRA_THEME_explain_0006	Allena la potenza: colpi di testa e duelli fisici.
TRA_THEME_explain_0007	Allena i giocatori a muoversi in blocco.
TRA_THEME_explain_0008	Fai emergere i punti di forza di ognuno.
TRA_THEME_explain_0009	Allena i piazzati per variare l'attacco.
TRA_THEME_explain_0010	Esercita passaggio e tiro per la tecnica individuale.
TRA_THEME_explain_0011	Allena la difesa e crea intese.
TRA_THEME_explain_0012	Crea intese e impara il passaggio rapido.
TRA_THEME_explain_0013	Pressing feroce per recuperare palla: difesa dura.
TRA_THEME_explain_0014	Le navette danno gambe per velocita' e potenza.
TRA_THEME_explain_0015	Impara a tenere a bada i difensori e dai stabilita'.
TRA_THEME_explain_0016	Esercizi da incontro rafforzano la squadra.
TRA_THEME_explain_0017	Impara combinazioni astute per variare i piazzati.
TRA_THEME_explain_0018	Gli 1v1 affinano attacco e contrasto.
TRA_THEME_explain_0019	Allena la difesa 1v1 e fai esperienza.
TRA_THEME_explain_0020	Passaggi di prima precisi creano intese.
TRA_THEME_explain_0021	Impara transizioni rapide\nper potenziare attacco e difesa.
TRA_THEME_explain_0022	Affina lanci lunghi e possesso\nper migliorare intese e tecnica.
TRA_THEME_explain_0023	Impara passaggi rapidi per contropiedi corti.
TRA_THEME_explain_0024	Rafforza gli attacchi sulle ali e allarga il gioco.
TRA_THEME_explain_0025	Acquista forza offensiva per sfondare al centro.
TRA_THEME_explain_0026	Allena la linea piatta\nper salire di livello in difesa.
TRA_THEME_explain_0027	Mosse rapide, passaggi precisi, tiri forti.\nAffinali per un attacco potente.
TRA_THEME_explain_0028	Allena i piazzati da calcio d'angolo\nper rafforzare le intese.
TRA_THEME_explain_0029	Allena i piazzati da punizione\nper la tecnica individuale.
TRA_THEME_explain_0030	Aggiungi altri schemi su piazzato\nper rafforzare i piazzati.
TRA_THEME_explain_0031	Forma fisica, forza mentale e decisioni rapide.
TRA_THEME_explain_0032	Crea intese per attacchi piu' profondi.
TRA_THEME_explain_0033	Allenarsi in ruoli insoliti\ncrea comprensione reciproca.
TRA_THEME_explain_0034	Mini-partite da incontro\nalzano la forza generale della squadra.
TRA_THEME_explain_0035	Rilascio rapido per intese veloci e precise.
TRA_THEME_explain_0036	Rivedi i piazzati a porte chiuse.
TRA_THEME_explain_0037	Stile di contropiede popolare nell'Italia anni '50.
TRA_THEME_explain_0038	Stile inglese classico che salta il centrocampo.
TRA_THEME_explain_0039	L'indomito spirito tedesco porta la gloria.
TRA_THEME_explain_0040	Passaggi frizzanti come champagne\nrendono l'incontro uno spettacolo.
TRA_THEME_explain_0041	Padroneggia un calcio affascinante\nche incanta e controlla il campo.
TRA_THEME_explain_0042	Derivato dal Calcio Totale:\nuomini e palla sempre in movimento.
TRA_THEME_explain_0043	La suprema tattica olandese che ha plasmato il calcio moderno.
TRA_THEME_header_0001	Scegli altri %s
TRA_THEME_menu_0007	Squadra
TRA_THEME_menu_0008	Individuale
TRA_THEME_menu_0009	Piazzati
TRA_THEME_menu_0010	Tiri di Prima
TRA_THEME_menu_0011	Copertura
TRA_THEME_menu_0012	Pass. di Prima
TRA_THEME_menu_0013	Pressing Alto
TRA_THEME_menu_0014	Navette
TRA_THEME_menu_0015	Sponda
TRA_THEME_menu_0017	Piazzati Astuti
TRA_THEME_menu_0018	1VS1
TRA_THEME_menu_0019	Marcatura
TRA_THEME_menu_0020	Gioco di Prima
TRA_THEME_menu_0021	Transizioni
TRA_THEME_menu_0022	Contr. Lungo
TRA_THEME_menu_0023	Contr. Corto
TRA_THEME_menu_0024	Att. Laterale
TRA_THEME_menu_0025	Centrale
TRA_THEME_menu_0026	Difesa a Linea
TRA_THEME_menu_0027	Passa e Vai
TRA_THEME_menu_0028	Angoli
TRA_THEME_menu_0029	Puniz.
TRA_THEME_menu_0030	Schemi
TRA_THEME_menu_0031	3v3 Campo Int.
TRA_THEME_menu_0032	Sovrapposiz.
TRA_THEME_menu_0033	Cambio Ruolo
TRA_THEME_menu_0034	Partitella
TRA_THEME_menu_0035	Gioco a 1 Tocco
TRA_THEME_menu_0036	In Segreto
TRA_THEME_menu_0039	Via Tedesca
TRA_THEME_menu_0040	Calcio Champagne
TRA_THEME_menu_0041	Calcio Sexy
TRA_THEME_menu_0042	Calcio in Moto
TRA_THEME_menu_0043	Calcio Totale
TRA_THEME_message_0000	Scegli il clima per il loro riposo.
TRA_THEME_message_0001	Scegli $c[FF6347FF]3 temi di allenamento$c per i giocatori.
TRA_THEME_message_0002	Scegli $c[FF6347FF]2 temi di allenamento$c per i giocatori.
TRA_THEME_message_0003	Scegli un $c[FF6347FF]tema di allenamento$c per i giocatori.
TRA_THEME_message_0004	Scegli l'evento da tenere.
TRA_THEME_noexplain_0001	Se la capacita' che riduce e' sotto una soglia,\nquesto allenamento non e' scelto.
TRA_TOP_menu_0000	Allenamento
TRA_TOP_message_0000	I giocatori sono in campo.\nChe allenamento fai?
TRA_TOP_message_0001	Fai l'$c[FF6347FF]Allen. di Squadra$c.\nLeggero o duro, secondo il tempo.
TRA_TOP_message_0002	Organizza ogni evento.
TRA_TOP_message_0003	Dai riposo ai giocatori.\nElimina la fatica, recupera le condizioni.
