key	english
MAN_DATA_wtdata_0014	Runners-Up
GAM_COMMON_result_0037	Runners-Up
INF_RESULT_message_0013	Runners-Up
COM_ROLE_answer_0025	%s, taken off set pieces,\nseems a bit demotivated.
COM_ROLE_answer_0049	%s, taken off set pieces,\nseems a bit demotivated.
INF_DEFENDING_contents_0002	%d matches
COM_NEW_MEDIC_choices_0012_02	Water
COM_NEW_MEDIC_choices_0013_02	Water
MAN_PRIZE_value_0002	<empty>
GAM_FINR_prize_002	<empty>
GAM_FINR_start_001	<empty>
CLM_MTITLE_center_0000	Manager License Registration
CLM_MANAGER_result_0002	Enter your manager name
CLM_MANAGER_result_0004	Select your date of birth
CLM_MNAME_warning_0000	\nOnce set, a name can never be changed.\nPlease enter it carefully.\n\nYour manager name is also used in rankings.\nDo not enter a name that could identify you.
CLM_MNAME_message_0000	Enter your manager name.\nIt is used in the official rankings and elsewhere.
CLM_MNAME_keyboard_0002	Random
CLM_MNAME_keyboard_0003	ABC
CLM_MNAME_keyboard_0004	Kana
CLM_MNAME_keyboard_0007	Too many characters.
CLM_MNAME_omakase_0001	Goro Ota
CLM_MNAME_omakase_0010	Junichi Okayama
CLM_MNAME_omakase_0050	Fernando
CLM_MANAGERNAME_caution_0000	\n\nOnce set, a name can never be changed.\n\nIs this name OK?
CLM_MNAME_caution_0003	Enter the reading of your manager name in kana.\nThe commentator uses it to say your name.
CLM_MREAD_keyboard_0001	Reading:
CLM_MREAD_keyboard_0004	Too many characters.
CLM_MREAD_keyboard_0005	That character cannot be pronounced.
CLM_MACCENT_message_0000	Set the stress in your manager name.\nThe commentator stresses the part you mark.
CLM_MACCENT_keyboard_0001	Stress position:
CLM_MACCENT_keyboard_0002	No stress
CLM_MBIRTH_message_0000	Enter your date of birth.
CLM_MPRODUCTION_center_0000	Applying for your Manager License
CLM_MPRODUCTION_center_0001	Manager License registered
CLM_MPRODUCTION_center_0002	Manager License issued
CLM_MPRODUCTION_center_0003	Registered: %d/%d/%d
CLM_MPRODUCTION_center_0005	Birthday: %d/%d/%d
CLM_CTITLE_center_0000	Manager Contract
CLM_CLUBTEAM_result_0003	Enter Club Name
CLM_CLUBTEAM_result_0006	Selecting
CLM_CLUBTEAM_result_0008	Selecting
CLM_CLUBTEAM_result_0010	Selecting
CLM_CLUBTEAM_result_0011	%d/%d/%d
CLM_CHOME_message_0000	Select your club's home town.\nYour stadium is built there, and the club is based in that city.
CLM_CHOME_exp_0000	Select your club's home town.\n%s: many clubs here thrill the crowd with bold attacking play.
CLM_CHOME_exp_0001	Select your club's home town.\n%s: many clubs here build their play with elegant passing.
CLM_CHOME_exp_0002	Select your club's home town.\n%s: many clubs here take you on with physical strength.
CLM_CHOME_exp_0003	Select your club's home town.\n%s: many clubs here are known for solid defending.
CLM_CHOME_exp_0004	Select your club's home town.\n%s: many clubs here press hard.
CLM_CHOME_exp_0005	Select your club's home town.\n%s: many clubs here play fast football.
CLM_CHOME_exp_0006	Select your club's home town.\n%s: many clubs here value balance.
CLM_CHOME_keyboard_0004	Choose this city?
CLM_CNAME_message_0000	Enter your club name.\nIt is used in the official rankings and elsewhere.
CLM_CNAME_keyboard_0000	Random
CLM_CNAME_keyboard_0002	ABC
CLM_CNAME_keyboard_0003	Kana
CLM_CNAME_keyboard_0006	Too many characters.
CLM_CNAME_omakase_0000	FC %s
CLM_CNAME_omakase_0001	AC %s
CLM_CNAME_omakase_0002	SC %s
CLM_CNAME_omakase_0003	AS %s
CLM_CNAME_omakase_0004	Real %s
CLM_CNAME_omakase_0005	Dinamo %s
CLM_CNAME_omakase_0006	Atletico %s
CLM_CNAME_omakase_0007	Club %s
CLM_CNAME_omakase_0008	Athletic %s
CLM_CNAME_omakase_0009	Sporting %s
CLM_CNAME_omakase_0010	%s FC
CLM_CNAME_omakase_0011	%s AC
CLM_CNAME_omakase_0012	%s SC
CLM_CNAME_omakase_0013	%s AS
CLM_CNAME_omakase_0014	%s Athletic
CLM_CNAME_omakase_0015	%s United
CLM_CREAD_message_0000	Enter the reading of your club name in kana.\nThe commentator uses it to say the name.
CLM_CREAD_keyboard_0001	Reading:
CLM_CREAD_keyboard_0004	Too many characters.
CLM_CREAD_keyboard_0005	That character cannot be pronounced.
CLM_CACCENT_message_0000	Set the stress in your club name.\nThe commentator stresses the part you mark.
CLM_CACCENT_keybord_0001	Stress position:
CLM_CACCENT_keybord_0002	No stress
CLM_CUNIFORM1_message_0000	Select your 1st kit.\nYour team normally plays in its 1st kit.
CLM_CUNIFORM2_message_0000	Select your 2nd kit.\nYour team plays in it when the 1st kit cannot be used.
CLM_CEMBLEM_message_0000	Select your badge.\nThe badge is your club's symbol and appears in many places.
CLM_INAUGRATION_message_0000	%d/%d/%d  You are now the manager of %s!!
CLM_INAUGRATION_manager_0000	Manager salary
CLM_TUTORIAL_manager_0003	End the guide
CLM_TUTORIAL_manager_0004	Next
CLM_JPN_warning_0000	Not available
CLM_JPN_warning_0001	Fixed-colour kit
MAN_TOP_title_0000	Team Management
MAN_MENU_term_0000	Contract: %d
MAN_MENU_button_0001	Back
MAN_MENU_button_0003	Manager License
MAN_MENU_button_0004	Player Abilities
MAN_MENU_button_0005	Special Abilities
MAN_MENU_button_0006	Roles & Numbers
MAN_MENU_button_0007	Partnerships
MAN_MENU_button_0008	Condition
MAN_MENU_button_0009	Past Manager Data
MAN_MENU_time_0000	Entry closes in
MAN_MENU_time_0002	Card out in
MAN_MENU_time_0003	Time left
MAN_TICKER_message_0000	★$c[FF6347FF]%s$c has challenged you to a match★
MAN_TICKER_message_0001	★Match arranged with $c[FF6347FF]%s$c★
MAN_TICKER_message_0002	★Manager $c[FF6347FF]%s$c has challenged you to a match★
MAN_TICKER_message_0003	★Your next opponent is $c[FF6347FF]%s$c★
MAN_TICKER_message_0005	★Your challenge to $c[FF6347FF]%s$c was cancelled★
MAN_TICKER_message_0006	◆The club's finances are getting $c[FF6347FF]tight$c◆
MAN_TICKER_message_0007	★Next match: Regular League $c[FF6347FF]opening match$c★
MAN_TICKER_message_0008	★Next match: Regular League $c[FF6347FF]final round$c★
MAN_TICKER_message_0009	★Next match: the $c[FF6347FF]%s$c derby★
MAN_TICKER_message_0010	★Next match: against manager $c[FF6347FF]%s$c★
MAN_TICKER_message_0011	★Your opponent is $c[FF6347FF]%s$c★
MAN_TICKER_message_0012	★Next match: $c[FF6347FF]%s$c★
MAN_TICKER_message_0013	★Next match: $c[FF6347FF]World Trophy$c %s★
MAN_TICKER_message_0014	★Next match: $c[FF6347FF]Regular League %s Division$c %s★
MAN_TICKER_message_0015	★Next match: $c[FF6347FF]World Trophy$c★
MAN_TICKER_message_0016	★Next match: $c[FF6347FF]Regular League %s Division$c★
MAN_TICKER_message_0017	★Next match: $c[FF6347FF]%s$c★
MAN_TICKER_message_0018	★$c[FF6347FF]%s$c has offered you a trade★
MAN_TICKER_message_0019	★Trade agreed with $c[FF6347FF]%s$c★
MAN_TICKER_contents_0003	Round 1
MAN_TICKER_contents_0004	Round 2
MAN_TICKER_contents_0005	Round 3
MAN_TICKER_contents_0006	Round 4
MAN_TICKER_contents_0007	Round 5
MAN_TICKER_contents_0008	Round 6
MAN_TICKER_contents_0009	Round 7
MAN_TICKER_contents_0010	Round 8
MAN_TICKER_contents_0011	Round 9
MAN_TICKER_contents_0012	Premier
MAN_TICKER_contents_0017	Opening Match
MAN_TICKER_contents_0018	Matchday 2
MAN_TICKER_contents_0019	Matchday 3
MAN_TICKER_contents_0020	Matchday 4
MAN_TICKER_contents_0021	Matchday 5
MAN_TICKER_contents_0022	Matchday 6
MAN_TICKER_contents_0023	Final Matchday
MAN_MENU_header_0003	Meeting Room
MAN_MENU_header_0004	Manager's Office
MAN_MENU_header_0005	Lounge
MAN_MENU_header_0006	Medical Room
MAN_MENU_header_0010	Individual Training
MAN_MENU_header_0011	Team Entry & Data
MAN_MENU_header_0013	Partnership Evaluation
MAN_MENU_header_0014	Fitness
MAN_MENU_facilities_0001	Meeting Room
MAN_MENU_facilities_0002	Manager's Office
MAN_MENU_facilities_0003	Lounge
MAN_MENU_facilities_0004	Medical Room
MAN_MENU_facilities_0006	Individual Training
MAN_MENU_facilities_0007	Team Entry & Data
MAN_MENU_facilities_0009	Partnership Evaluation
MAN_MENU_facilities_0010	Fitness
MAN_MENU_action_0000	Team Entry
MAN_MENU_action_0006	Partnership Data
MAN_TOP_menu_0001	Team Training
MAN_TOP_menu_0003	View Data
MAN_TOP_menu_0004	Entry / Requests
MAN_TOP_message_0000	Select a menu.\nTeam entry closes %d seconds before kick-off.
MAN_TOP_message_0002	Hold $c[FF6347FF]team training$c to raise the whole team's ability.
MAN_TOP_message_0003	$c[FF6347FF]Communicate$c with your players to improve many of their abilities.
MAN_TOP_message_0004	See $c[FF6347FF]all kinds of data$c, such as your team's record so far.
MAN_TOP_message_0005	Make $c[FF6347FF]entries$c and $c[FF6347FF]requests$c, such as team entry and match challenges.\nData match entry and trade offers are made here too.
SYS_SYS_caution_0002	This is a new Club Card.\nYou can register a Manager License.
SYS_SYS_caution_0003	Transfer your manager data to your new Card to begin a new contract.
SYS_SYS_caution_0004	This is a new Club Card.\nYou can create a club.
SYS_SYS_caution_0006	Your contract has %d matches left.
SYS_SYS_caution_0007	You can carry over manager data from WCCF 2005-2006.\n\n\n[Manager]\n%s\n\n[Club]\n%s
SYS_SYS_caution_0008	Insert this Club Card together with a new one\nto transfer your manager data.\n\n[Manager]\n%s\n\n[Club]\n%s
SYS_SYS_warning_0004	Ejecting your Club Card.\nDon't forget to take it with you.
SYS_SYS_warning_0008	Error 5109\nInsert this Club Card together with a new one\nto transfer your manager data.
SYS_SYS_warning_0010	Error 5110\nManager data has already been transferred from this Club Card.
SYS_SYS_warning_0012	Error 5110\nThis version of Club Card cannot be used.\nClub Card discharged.
SYS_SYS_warning_0013	Error 5113\nDo not insert 2 or more cards.\nTransferring manager data needs an expired card and a new card.
SYS_SYS_warning_0014	Error 5104\nThis is not a WORLD CLUB Champion Football card.\nClub Card discharged.
SYS_SYS_warning_0015	You cannot transfer manager data\nduring the WCCF Cup.
SYS_SYS_warning_0017	Club Card data is corrupt.
SYS_SYS_warning_0019	Do not insert 2 or more cards.
SYS_SYS_warning_0020	This Club Card is for location tests only.\nManager data cannot be transferred.
SYS_SYS_warning_0021	Club Card Recovery Mode
SYS_SYS_warning_0022	Error 5103\nCould not write the club data.\nClub Card discharged.\n\nThe Club Card may be recoverable.\nPlease call staff.
SYS_SYS_warning_0023	Error 5106\nThe card may be damaged.\nClub Card discharged.\n\nThe Club Card may be recoverable.\nPlease call staff.
SYS_SYS_warning_0024	Insert the Club Card to recover.\n\nPress SW2 to return to the opening screen.
SYS_SYS_warning_0025	Write the backup data over the Club Card?\n\n[SW1] Yes (overwrite)\n[SW2] No (back)
SYS_SYS_warning_0026	Writing the backup data to the Club Card...
SYS_SYS_warning_0027	The backup data was written to the Club Card.\nClub Card discharged.\n\nPress SW2 to return to the opening screen.
SYS_SYS_warning_0028	Error 5115\nThis Club Card cannot be recovered.\nClub Card discharged.
SYS_SYS_warning_0030	Checking the Club Card...
SYS_SYS_warning_0031	Error %d\nCould not read the Club Card.\nClub Card discharged.
SYS_SYS_warning_0033	The card was not recovered.\nClub Card discharged.
SYS_SYS_warning_0034	Switching to the WCCF CUP
SYS_SYS_warning_0035	Ending the WCCF CUP
SYS_SYS_warning_0036	This is a new Club Card.\nYou cannot sign a manager contract during the WCCF Cup.
SYS_SYS_warning_0037	Error 3084\nCould not write the manager data transfer.\nClub Card discharged.\n\nThe Club Card may be recoverable.\nPlease call staff.\n\nIn card recovery mode, insert together the two\nClub Cards used for the transfer.
SYS_SYS_warning_0038	Error 3085\nCould not write the manager data transfer.\nClub Card discharged.\n\nThe Club Card may be recoverable.\nPlease call staff.\n\nIn card recovery mode, insert together the two\nClub Cards used for the transfer.
SYS_SYS_warning_0039	Insert together the Club Card used for the transfer\nand the new Club Card.\nClub Card discharged.\n
SYS_SYS_warning_0040	Match entry has closed.\nYou cannot enter now.
SYS_SYS_warning_0041	This IC card and its play log show many sessions\nthat did not end normally,\nso a penalty was applied to some play data.
SYS_SYS_warning_0042	If you start the game now,\nthis card can no longer be played in WCCF 2007-2008.
SYS_SYS_warning_0043	This IC card and its play log show many sessions\nthat did not end normally,\nso the penalty $c[FF6347FF]loss of trade rights$c was applied.
SYS_SYS_error_0001	Press the TEST BUTTON to restart the system
SYS_SYS_error_0002	Error 5111\nThe Club Card could not be read during the game.\nPlease call staff.\n\nPress the TEST button to restart the system.
SYS_SYS_error_0003	Error 3096\nApplication delivery failed.
SYS_SYS_error_0021	Error 5101\nThe IC card reader/writer was not found.\nCheck that it is connected correctly.
SYS_DIS_error_0000	Error 5306\nNo Player Cards in the dispenser.\nPlease call staff.
SYS_DIS_error_0001	Error 5306\nYou are owed %d Player Card(s).\nNo Player Cards in the dispenser.\nPlease call staff.
SYS_DIS_error_0002	Error 5302\nCard dispenser error.\nPlease call staff.
SYS_DIS_error_0003	Error 5302\nYou are owed %d Player Card(s).\nCard dispenser error.\nPlease call staff.
SYS_DIS_error_0004	You are owed %d Player Card(s).
SYS_DIS_error_0005	Error 5303\nAn error occurred while dispensing Player Cards.\nPlease call staff.\n\nPress SW1 to return to the opening screen.
SYS_DIS_error_0006	Error 5305\nCard dispenser error.\nPlease call staff.
SYS_DIS_error_0007	Error 5305\nYou are owed %d Player Card(s).\nCard dispenser sensor error.\nPlease call staff.
SYS_DIS_error_0008	\nYou are owed %d Player Card(s).\n\n\nTake your Player Cards from the dispenser slot.
SYS_DIS_error_0009	Dummy (5306)
SYS_DIS_error_0010	Dummy (5302)
SYS_DIS_error_0011	Dummy (5305)
SYS_SYS_cloose_0000	New games and continues end in %d minutes
SYS_SYS_cloose_0001	Closing time today: %d h %d min
SYS_SYS_cloose_0002	At closing time the game ends automatically.
SYS_SYS_cloose_0003	Play has ended for today.
SYS_SYS_cloose_0004	It is closing time: no continues.
SYS_SYS_cloose_0005	The game will end in %d minutes.
SYS_SYS_cloose_0006	It is closing time: the game will now end.
SYS_SYS_cloose_0007	New Club Cards can be used for %d more minutes.
SYS_SYS_cloose_0008	New Club Cards cannot be used now.
SYS_ADV_compe_0000	Regulation: %s
SYS_ADV_compe_0001	REGULAR (regular cards only)
SYS_ADV_compe_0002	U-5 (5 or fewer rare & special cards)
SYS_ADV_compe_0003	U-5R (5 or fewer rare cards)
SYS_ADV_compe_0004	Total points %d or less
SYS_ADV_compe_0008	Withdraw from\nthe WCCF CUP?
SYS_ADV_compe_0011	WCCF Cup in progress
SYS_ADV_compe_0012	You cannot enter the tournament.
SYS_ADV_normal_0011	Select a mode to play
SYS_ADV_normal_0012	Play matches on this arcade's schedule.
SYS_ADV_normal_0013	Play against players nationwide.
SYS_ADV_normal_0014	This cabinet is offline.\nNetwork features cannot be used.
SYS_ADV_normal_0015	You have not qualified,\nso you cannot choose nationwide play.
SYS_NET_error_0000	This cabinet is offline.\nNetwork features cannot be used.
SYS_NET_error_0002	This cabinet is offline.\nNetwork features cannot be used.
SYS_NET_error_0008	Currently offline. Network features cannot be used.
COM_NEW_GROUND_question_0000	%s has just joined the team.\nWhat do you expect of him?
COM_NEW_GROUND_choice_0000_00	Attacking
COM_NEW_GROUND_choice_0000_01	Defending
COM_NEW_GROUND_choice_0000_02	Artistic skill
COM_NEW_GROUND_choice_0000_03	Solid power
COM_NEW_GROUND_choice_0000_04	Quick burst
COM_NEW_GROUND_choice_0000_05	Work rate
COM_NEW_GROUND_answer_0000_00	He felt your faith in him!\nHe'll work hard to develop that ability.
COM_NEW_GROUND_answer_0000_01	Your hopes didn't quite reach him...\nGiven time, he'll come to understand you.
COM_NEW_GROUND_question_0001	You just spoke with %s.\nHe looks puzzled to be back.
COM_NEW_GROUND_choice_0001_01	Butter him up
COM_NEW_GROUND_answer_0001_00	Your honesty\nwon him over a little.
COM_NEW_GROUND_answer_0001_01	Sorry didn't work.\nDon't call him for nothing.
COM_NEW_GROUND_answer_0001_02	Praise put him in a good mood.\nHe's more motivated, too.
COM_NEW_GROUND_answer_0001_03	He saw right through you.\nMaybe you should've said sorry.
COM_NEW_GROUND_answer_0001_04	He felt your passion!\nFired up, he's staying on to train.
COM_NEW_GROUND_answer_0001_05	What was that?!\nYou've creeped him out.
COM_NEW_GROUND_question_0002	%s joined via $c[FF6347FF]scouting$c.\nHe may be your saviour. What do you expect?
COM_NEW_GROUND_choice_0002_00	Attacking
COM_NEW_GROUND_choice_0002_01	Defending
COM_NEW_GROUND_choice_0002_02	Artistic skill
COM_NEW_GROUND_choice_0002_03	Solid power
COM_NEW_GROUND_choice_0002_04	Quick burst
COM_NEW_GROUND_choice_0002_05	Work rate
COM_NEW_GROUND_answer_0002_00	He felt your faith in him!\nHe'll work hard to develop that ability.
COM_NEW_GROUND_answer_0002_01	Your hopes didn't quite reach him...\nGiven time, he'll come to understand you.
COM_NEW_GROUND_question_0003	%s $c[FF6347FF]barely played$c elsewhere.\nYou brought him here; he asks what you expect.
COM_NEW_GROUND_choice_0003_00	Attacking
COM_NEW_GROUND_choice_0003_01	Defending
COM_NEW_GROUND_choice_0003_02	Artistic skill
COM_NEW_GROUND_choice_0003_03	Solid power
COM_NEW_GROUND_choice_0003_04	Quick burst
COM_NEW_GROUND_choice_0003_05	Work rate
COM_NEW_GROUND_answer_0003_00	He felt your faith in him!\nHe'll work hard to develop that ability.
COM_NEW_GROUND_answer_0003_01	Your hopes didn't quite reach him...\nGiven time, he'll come to understand you.
COM_NEW_GROUND_question_0004	%s came over with you.\nYour $c[FF6347FF]trusted$c man: what do you expect?
COM_NEW_GROUND_choice_0004_00	Attacking
COM_NEW_GROUND_choice_0004_01	Defending
COM_NEW_GROUND_choice_0004_02	Artistic skill
COM_NEW_GROUND_choice_0004_03	Solid power
COM_NEW_GROUND_choice_0004_04	Quick burst
COM_NEW_GROUND_choice_0004_05	Work rate
COM_NEW_GROUND_answer_0004_00	He felt your faith in him!\nHe'll live up to it, fighting at your side.
COM_NEW_GROUND_answer_0004_01	Your hopes didn't quite reach him...\nStill, he'll soon understand how you feel.
COM_NEW_GROUND_question_0005	%s came over with you.\nYour $c[FF6347FF]closest ally$c: what do you expect?
COM_NEW_GROUND_choice_0005_00	Attacking
COM_NEW_GROUND_choice_0005_01	Defending
COM_NEW_GROUND_choice_0005_02	Artistic skill
COM_NEW_GROUND_choice_0005_03	Solid power
COM_NEW_GROUND_choice_0005_04	Quick burst
COM_NEW_GROUND_choice_0005_05	Work rate
COM_NEW_GROUND_answer_0005_00	He felt your faith in him!\nHe'll live up to it, fighting at your side.
COM_NEW_GROUND_answer_0005_01	Your hopes didn't quite reach him...\nStill, he'll soon understand how you feel.
COM_NEW_GROUND_question_0006	%s is playing at a high level.\nHow will you train him further?
COM_NEW_GROUND_choice_0006_00	Offence
COM_NEW_GROUND_choice_0006_02	Ball Skills
COM_NEW_GROUND_choice_0006_04	Sprints
COM_NEW_GROUND_choice_0006_05	Running
COM_NEW_GROUND_answer_0006_00	He felt your faith in him as a key player.\nThe whole team may level up too.
COM_NEW_GROUND_answer_0006_01	He got your message: aim even higher.\nHe'll be sharper for the match.
COM_NEW_GROUND_answer_0006_02	He saw little point in this drill.\nHe's lost his motivation...
COM_NEW_GROUND_answer_0006_03	He saw little point in this drill.
COM_NEW_GROUND_question_0007	%s is aiming even higher.\nHe wants a friendly to test new ideas.
COM_NEW_GROUND_choice_0007_00	Keep it up
COM_NEW_GROUND_choice_0007_01	Just calm down
COM_NEW_GROUND_choice_0007_02	Stare at him
COM_NEW_GROUND_answer_0007_00	Your words fired him up even more.\nNow he'll improve in real matches.
COM_NEW_GROUND_answer_0007_01	He's already keen enough.\nGive him a chance soon.
COM_NEW_GROUND_answer_0007_02	He's regained his composure.\nNow he'll improve in real matches.
COM_NEW_GROUND_answer_0007_03	His high spirits have cooled.\nGive him chances, not words.
COM_NEW_GROUND_answer_0007_04	He noticed your expectant gaze.\nNow he'll improve in real matches.
COM_NEW_GROUND_answer_0007_05	Your stare just creeped him out.\nGive him a chance soon.
COM_NEW_GROUND_question_0008	%s seems\nfed up with being called so often.
COM_NEW_GROUND_choice_0008_01	Butter him up
COM_NEW_GROUND_answer_0008_00	Your honesty\nmade him think better of you.
COM_NEW_GROUND_answer_0008_01	Sorry didn't work.\nDon't call him for nothing.
COM_NEW_GROUND_answer_0008_02	The praise lifted his mood.\nHe's keener now, too.
COM_NEW_GROUND_answer_0008_03	He saw right through you.\nMaybe you should've said sorry.
COM_NEW_GROUND_answer_0008_04	He felt your passion!\nHe's all fired up now.
COM_NEW_GROUND_answer_0008_05	What was that?!\nYou've creeped him out.
COM_NEW_GROUND_question_0009	%s is\nagonising over how to go further.
COM_NEW_GROUND_choice_0009_00	"Just train!"
COM_NEW_GROUND_choice_0009_01	"Have a rest!"
COM_NEW_GROUND_choice_0009_02	"It's on you!"
COM_NEW_GROUND_answer_0009_00	Practice makes perfect.\nHe's already onto something.
COM_NEW_GROUND_answer_0009_01	Practice can't solve it all.\nI'd like to help him, but...
COM_NEW_GROUND_answer_0009_02	Pausing showed him a new path.\nHe's onto something now.
COM_NEW_GROUND_answer_0009_03	Rest didn't lift his spirits.\nI'd like to help him, but...
COM_NEW_GROUND_answer_0009_04	Told to stand alone, he woke up.\nLooking at himself, he found something.
COM_NEW_GROUND_answer_0009_05	Feeling cast off, he's down.\nI'd like to help him, but...
COM_NEW_GROUND_question_0010	%s is aiming even higher.\nLet's help him clear the last hurdle.
COM_NEW_GROUND_choice_0010_00	"Focus on football!"
COM_NEW_GROUND_choice_0010_01	"Loosen up!"
COM_NEW_GROUND_choice_0010_02	By example
COM_NEW_GROUND_answer_0010_00	Playing blew his worries away.\nNow he'll improve in real matches.
COM_NEW_GROUND_answer_0010_01	Practice can't solve it all.\nI'd like to help him, but...
COM_NEW_GROUND_answer_0010_02	He's gained some perspective.\nNow he'll improve in real matches.
COM_NEW_GROUND_answer_0010_03	He's too wound up to relax that easily.\nI'd like to help him, but...
COM_NEW_GROUND_answer_0010_04	Your example spoke to him.\nNow he'll improve in real matches.
COM_NEW_GROUND_answer_0010_05	Your example was lost on him.\nI'd like to help him, but...
COM_NEW_GROUND_question_0011	%s $c[FF6347FF]starred$c last match.\nWhat do you expect next?
COM_NEW_GROUND_choice_0011_00	Lethal attack
COM_NEW_GROUND_choice_0011_01	Iron wall
COM_NEW_GROUND_choice_0011_02	Magic touch
COM_NEW_GROUND_choice_0011_03	Sheer power
COM_NEW_GROUND_choice_0011_04	Blazing pace
COM_NEW_GROUND_choice_0011_05	Endless stamina
COM_NEW_GROUND_answer_0011_00	He got your message.\nHe's keen and will hone it further.
COM_NEW_GROUND_answer_0011_01	He understood your request.\nHe'll focus on improving what you asked.
COM_NEW_GROUND_answer_0011_02	He doesn't seem very keen...\nStill, he gets what you're aiming for.
COM_NEW_GROUND_question_0012	You called in %s.\nWith $c[FF6347FF]great$c facilities, what training?
COM_NEW_GROUND_choice_0012_00	Offence
COM_NEW_GROUND_choice_0012_02	Ball Skills
COM_NEW_GROUND_choice_0012_04	Sprints
COM_NEW_GROUND_choice_0012_05	Running
COM_NEW_GROUND_answer_0012_00	He's eager to follow your lead.\nAt this rate, he'll grow fast.
COM_NEW_GROUND_answer_0012_01	It wasn't a drill he wanted to do.\nHe trudged off to train.
COM_NEW_GROUND_question_0013	You called in %s.\nWhat should he train?
COM_NEW_GROUND_choice_0013_00	Offence
COM_NEW_GROUND_choice_0013_02	Ball Skills
COM_NEW_GROUND_choice_0013_04	Sprints
COM_NEW_GROUND_choice_0013_05	Running
COM_NEW_GROUND_answer_0013_00	He's eager to follow your lead.\nAt this rate, he'll grow fast.
COM_NEW_GROUND_answer_0013_01	It wasn't a drill he wanted to do.\nHe trudged off to train.
COM_NEW_ONLY1_0001	$c[FF6347FF]Only 1 player available$c: no partnership talks.\nLet's come back to the Lounge once others return.
COM_NEW_zero_0000	$c[FF6347FF]No players available$c.\nLet's come back once players return.
COM_NEW_zero_0001	$c[FF6347FF]No players available$c.\nLet's come back once players return.
COM_NEW_zero_0002	$c[FF6347FF]No players available$c.\nLet's come back once players return.
COM_NEW_zero_0003	$c[FF6347FF]No players available$c.\nLet's come back once players return.
COM_NEW_zero_0004	$c[FF6347FF]No players available$c.\nLet's come back once players return.
COM_NEW_GROUND_question_0014	%s was your own signing.\nWhat do you expect of him?
COM_NEW_GROUND_choice_0014_00	Attacking
COM_NEW_GROUND_choice_0014_01	Defending
COM_NEW_GROUND_choice_0014_02	Artistic skill
COM_NEW_GROUND_choice_0014_03	Solid power
COM_NEW_GROUND_choice_0014_04	Quick burst
COM_NEW_GROUND_choice_0014_05	Work rate
COM_NEW_GROUND_answer_0014_00	He felt your faith in him!\nHe'll work hard to develop that ability.
COM_NEW_GROUND_answer_0014_01	Your hopes didn't quite reach him...\nGiven time, he'll come to understand you.
COM_NEW_GROUND_question_0027	%s $c[00BFFFFF]underperformed$c last match.\nWhat do you expect next?
COM_NEW_GROUND_choice_0027_00	Finishing
COM_NEW_GROUND_choice_0027_01	Defending
COM_NEW_GROUND_choice_0027_02	Silky touch
COM_NEW_GROUND_choice_0027_03	Tough physique
COM_NEW_GROUND_choice_0027_04	Explosive pace
COM_NEW_GROUND_choice_0027_05	Work rate
COM_NEW_GROUND_answer_0027_00	He got your message.\nHe's keen and will hone it further.
COM_NEW_GROUND_answer_0027_01	He understood your request.\nHe'll focus on improving what you asked.
COM_NEW_GROUND_answer_0027_02	He doesn't seem very keen...\nStill, he gets what you're aiming for.
COM_NEW_GROUND_question_0028	%s is fired up to extend the win streak.\nWhat should he train?
COM_NEW_GROUND_choice_0028_00	Offence
COM_NEW_GROUND_choice_0028_02	Ball Skills
COM_NEW_GROUND_choice_0028_04	Sprints
COM_NEW_GROUND_choice_0028_05	Running
COM_NEW_GROUND_answer_0028_00	Happy with the drill, he's even keener.\nIt should pay off well.
COM_NEW_GROUND_answer_0028_01	Not the drill he wanted.\nDon't expect much from it.
COM_NEW_GROUND_question_0029	%s is desperate to end the losing run.\nWhat should he train?
COM_NEW_GROUND_choice_0029_00	Offence
COM_NEW_GROUND_choice_0029_02	Ball Skills
COM_NEW_GROUND_choice_0029_04	Sprints
COM_NEW_GROUND_choice_0029_05	Running
COM_NEW_GROUND_answer_0029_00	Happy with the drill, he's even keener.\nIt should pay off well.
COM_NEW_GROUND_answer_0029_01	Not the drill he wanted.\nDon't expect much from it.
COM_NEW_GROUND_question_0030	%s $c[FF6347FF]barely played$c at his last club.\nHe wants to know why you signed him.
COM_NEW_GROUND_choice_0030_00	Potential
COM_NEW_GROUND_choice_0030_01	X-factor
COM_NEW_GROUND_choice_0030_02	Horoscope
COM_NEW_GROUND_answer_0030_00	Your belief in him moved him.\nTo repay you, he should $c[FF6347FF]grow a lot at this club$c.
COM_NEW_GROUND_answer_0030_01	Recognising his flair moved him.\nTo repay you, he should $c[FF6347FF]grow a lot at this club$c.
COM_NEW_GROUND_answer_0030_02	Your mysticism moved him.\nTo repay you, he should $c[FF6347FF]grow a lot at this club$c.
COM_NEW_GROUND_question_0031	%s came over with you.\nYour $c[FF6347FF]closest ally$c: what do you expect?
COM_NEW_GROUND_choice_0031_00	Attacking
COM_NEW_GROUND_choice_0031_01	Defending
COM_NEW_GROUND_choice_0031_02	Artistic skill
COM_NEW_GROUND_choice_0031_03	Solid power
COM_NEW_GROUND_choice_0031_04	Quick burst
COM_NEW_GROUND_choice_0031_05	Work rate
COM_NEW_GROUND_answer_0031_00	He felt your faith in him!\nTo repay you, he should $c[FF6347FF]grow a lot here too$c.
COM_NEW_MEDIC_question_0000	%s is not fully healed.\nWe have $c[FF6347FF]superb$c facilities. Your advice?
COM_NEW_MEDIC_choices_0000_00	New meds
COM_NEW_MEDIC_choices_0000_01	Top massage
COM_NEW_MEDIC_choices_0000_02	Your loving care
COM_NEW_MEDIC_answer_0000_00	The new meds really work.\nHis injury should fully heal now.
COM_NEW_MEDIC_answer_0000_01	Meds take time to work.\nLet's keep treating him.
COM_NEW_MEDIC_answer_0000_02	A top masseur works wonders.\nIt helped his injury and his balance.
COM_NEW_MEDIC_answer_0000_03	Massage alone has its limits.\nLet's keep treating him.
COM_NEW_MEDIC_answer_0000_04	Your loving care reached him.\nWord of your care spreads, lifting him and the team.
COM_NEW_MEDIC_answer_0000_05	Care alone can't fix everything.\nLet's keep treating him.
COM_NEW_MEDIC_question_0001	%s is not fully healed.\nWe have $c[FF6347FF]superb$c facilities. Your advice?
COM_NEW_MEDIC_choices_0001_00	New meds
COM_NEW_MEDIC_choices_0001_01	Top massage
COM_NEW_MEDIC_choices_0001_02	Your loving care
COM_NEW_MEDIC_answer_0001_00	The new meds really work.\nHis injury should fully heal now.
COM_NEW_MEDIC_answer_0001_01	Meds take time to work.\nLet's keep treating him.
COM_NEW_MEDIC_answer_0001_02	A top masseur works wonders.\nIt helped his injury and his balance.
COM_NEW_MEDIC_answer_0001_03	Massage alone has its limits.\nLet's keep treating him.
COM_NEW_MEDIC_answer_0001_04	Your loving care reached him.\nHe's in peak form!
COM_NEW_MEDIC_answer_0001_05	Care alone can't fix everything.\nLet's keep treating him.
COM_NEW_MEDIC_question_0002	%s is not fully healed.\nHow will you help him back?
COM_NEW_MEDIC_choices_0002_00	Pills
COM_NEW_MEDIC_choices_0002_01	Massage
COM_NEW_MEDIC_choices_0002_02	Diagnose
COM_NEW_MEDIC_answer_0002_00	The medicine worked.\nHis injury should fully heal now.
COM_NEW_MEDIC_answer_0002_01	Meds take time to work.\nLet's keep treating him.
COM_NEW_MEDIC_answer_0002_02	Massage really does work.\nIt helped his injury and his balance.
COM_NEW_MEDIC_answer_0002_03	Massage alone has its limits.\nLet's keep treating him.
COM_NEW_MEDIC_answer_0002_04	Your diagnosis was spot on!\nWord of it spreads, lifting him and the team.
COM_NEW_MEDIC_answer_0002_05	Leave it to the pros: wrong diagnosis.\nLet's keep treating him.
COM_NEW_MEDIC_question_0003	%s is not fully healed.\nHow will you help him back?
COM_NEW_MEDIC_choices_0003_00	Pills
COM_NEW_MEDIC_choices_0003_01	Massage
COM_NEW_MEDIC_choices_0003_02	Diagnose
COM_NEW_MEDIC_answer_0003_00	The medicine worked.\nHis injury should fully heal now.
COM_NEW_MEDIC_answer_0003_01	Meds take time to work.\nLet's keep treating him.
COM_NEW_MEDIC_answer_0003_02	Massage really does work.\nIt helped his injury and his balance.
COM_NEW_MEDIC_answer_0003_03	Massage alone has its limits.\nLet's keep treating him.
COM_NEW_MEDIC_answer_0003_04	Your diagnosis was spot on!\nHe's back in peak form!
COM_NEW_MEDIC_answer_0003_05	Leave it to the pros: wrong diagnosis.\nLet's keep treating him.
COM_NEW_MEDIC_question_0004	%s is tired out.\nWe have $c[FF6347FF]superb$c facilities. Your advice?
COM_NEW_MEDIC_choices_0004_00	Top chef's meal
COM_NEW_MEDIC_choices_0004_01	Latest massager
COM_NEW_MEDIC_choices_0004_02	Your home cooking
COM_NEW_MEDIC_answer_0004_00	A top chef really helps.\nHe's refreshed, and better balanced too.
COM_NEW_MEDIC_answer_0004_01	Food alone has its limits.\nMaybe try suggesting something else.
COM_NEW_MEDIC_answer_0004_02	New tech works wonders.\nHis fatigue has vanished.
COM_NEW_MEDIC_answer_0004_03	The new gear didn't refresh him much.\nMaybe try suggesting something else.
COM_NEW_MEDIC_answer_0004_04	Your home cooking moved him.\nWord of your cooking spreads, lifting him and the team.
COM_NEW_MEDIC_answer_0004_05	Too much salt? It wasn't to his taste.\nMaybe try suggesting something else.
COM_NEW_MEDIC_question_0005	%s is tired out.\nWe have $c[FF6347FF]superb$c facilities. Your advice?
COM_NEW_MEDIC_choices_0005_00	Top chef's meal
COM_NEW_MEDIC_choices_0005_01	Latest massager
COM_NEW_MEDIC_choices_0005_02	Your home cooking
COM_NEW_MEDIC_answer_0005_00	A top chef really helps.\nHe's refreshed, and better balanced too.
COM_NEW_MEDIC_answer_0005_01	Food alone has its limits.\nMaybe try suggesting something else.
COM_NEW_MEDIC_answer_0005_02	New tech works wonders.\nHis fatigue has vanished.
COM_NEW_MEDIC_answer_0005_03	The new gear didn't refresh him much.\nMaybe try suggesting something else.
COM_NEW_MEDIC_answer_0005_04	Your home cooking moved him.\nHe's in peak form now!
COM_NEW_MEDIC_answer_0005_05	Too much salt? It wasn't to his taste.\nMaybe try suggesting something else.
COM_NEW_MEDIC_question_0006	%s is tired out.\nThis could affect the match. Your advice?
COM_NEW_MEDIC_choices_0006_00	Diet
COM_NEW_MEDIC_choices_0006_01	Massager
COM_NEW_MEDIC_choices_0006_02	Your food
COM_NEW_MEDIC_answer_0006_00	Can't fight hungry!\nA tasty meal beat his fatigue.
COM_NEW_MEDIC_answer_0006_01	Food alone has its limits.\nMaybe try suggesting something else.
COM_NEW_MEDIC_answer_0006_02	Massage beats fatigue.\nHis fatigue has vanished.
COM_NEW_MEDIC_answer_0006_03	The massager didn't refresh him.\nMaybe try suggesting something else.
COM_NEW_MEDIC_answer_0006_04	Your food was a surprise hit!\nWord of your cooking spreads, lifting him and the team.
COM_NEW_MEDIC_answer_0006_05	Too much salt? It wasn't to his taste.\nMaybe try suggesting something else.
COM_NEW_MEDIC_question_0007	%s is tired out.\nThis could affect the match. Your advice?
COM_NEW_MEDIC_choices_0007_00	Diet
COM_NEW_MEDIC_choices_0007_01	Massager
COM_NEW_MEDIC_choices_0007_02	Your food
COM_NEW_MEDIC_answer_0007_00	Can't fight hungry!\nA tasty meal beat his fatigue.
COM_NEW_MEDIC_answer_0007_01	Food alone has its limits.\nMaybe try suggesting something else.
COM_NEW_MEDIC_answer_0007_02	Massage beats fatigue.\nHis fatigue has vanished.
COM_NEW_MEDIC_answer_0007_03	The massager didn't refresh him.\nMaybe try suggesting something else.
COM_NEW_MEDIC_answer_0007_04	Your home cooking moved him.\nHe's in peak form now!
COM_NEW_MEDIC_answer_0007_05	Too much salt? It wasn't to his taste.\nMaybe try suggesting something else.
COM_NEW_MEDIC_question_0008	%s has completely lost his form.\nWe have $c[FF6347FF]superb$c facilities. Your advice?
COM_NEW_MEDIC_choices_0008_00	Top doctor
COM_NEW_MEDIC_choices_0008_01	Top counsellor
COM_NEW_MEDIC_choices_0008_02	Hypnotist
COM_NEW_MEDIC_answer_0008_00	A top doctor is worth it.\nSpot-on care restored his form.
COM_NEW_MEDIC_answer_0008_01	Physically he seems OK, though...\nHe may need a closer look.
COM_NEW_MEDIC_answer_0008_02	The counsellor cleared his worries.\nMind and body should pick up now.
COM_NEW_MEDIC_answer_0008_03	Maybe it's not in his head.\nHe may need a closer look.
COM_NEW_MEDIC_answer_0008_04	Hypnosis lifted his gloom at once.\nBack in peak form! Watch him shine.
COM_NEW_MEDIC_answer_0008_05	Hypnosis? Really...?\nIt didn't do much for him.
COM_NEW_MEDIC_question_0009	%s has completely lost his form.\nThis could affect the match. Your advice?
COM_NEW_MEDIC_choices_0009_00	Check-up
COM_NEW_MEDIC_choices_0009_01	Counselling
COM_NEW_MEDIC_choices_0009_02	Trance
COM_NEW_MEDIC_answer_0009_00	The check-up was a good idea.\nProblem found; his form is back.
COM_NEW_MEDIC_answer_0009_01	Physically he seems OK, though...\nHe may need a closer look.
COM_NEW_MEDIC_answer_0009_02	Talking it through eased his mind.\nMind and body should pick up now.
COM_NEW_MEDIC_answer_0009_03	Maybe it's not in his head.\nHe may need a closer look.
COM_NEW_MEDIC_answer_0009_04	Hypnosis lifted his gloom at once.\nBack in peak form! Watch him shine.
COM_NEW_MEDIC_answer_0009_05	Hypnosis? Really...?\nIt didn't do much for him.
COM_NEW_MEDIC_question_0010	You called in %s.\nWe have $c[FF6347FF]superb$c facilities. Your advice?
COM_NEW_MEDIC_choices_0010_00	Deep stretches
COM_NEW_MEDIC_choices_0010_01	Latest brace
COM_NEW_MEDIC_choices_0010_02	Your energy drink
COM_NEW_MEDIC_answer_0010_00	Health is wealth.\nDeep stretches boosted his condition.
COM_NEW_MEDIC_answer_0010_01	He didn't feel much effect.\nMaybe try one more thing.
COM_NEW_MEDIC_answer_0010_02	Braces help prevent injury.\nWith the latest brace, he moves freely.
COM_NEW_MEDIC_answer_0010_03	He didn't feel much effect.\nMaybe try one more thing.
COM_NEW_MEDIC_answer_0010_04	Your recipe works!\nIt caught on; team form is up.
COM_NEW_MEDIC_answer_0010_05	Ugh, this doesn't taste good...\nResults matter, but so does taste.
COM_NEW_MEDIC_question_0011	You called in %s.\nWe have $c[FF6347FF]superb$c facilities. Your advice?
COM_NEW_MEDIC_choices_0011_00	Deep stretches
COM_NEW_MEDIC_choices_0011_01	Latest brace
COM_NEW_MEDIC_choices_0011_02	Your energy drink
COM_NEW_MEDIC_answer_0011_00	Health is wealth.\nDeep stretches boosted his condition.
COM_NEW_MEDIC_answer_0011_01	He didn't feel much effect.\nMaybe try one more thing.
COM_NEW_MEDIC_answer_0011_02	Braces help prevent injury.\nWith the latest brace, he moves freely.
COM_NEW_MEDIC_answer_0011_03	He didn't feel much effect.\nMaybe try one more thing.
COM_NEW_MEDIC_answer_0011_04	Your recipe works!\nHe's in top form and should shine in matches.
COM_NEW_MEDIC_answer_0011_05	Ugh, this doesn't taste good...\nResults matter, but so does taste.
COM_NEW_MEDIC_question_0012	You called in %s.\nWhat will keep him in shape?
COM_NEW_MEDIC_choices_0012_00	Stretch
COM_NEW_MEDIC_choices_0012_01	Brace
COM_NEW_MEDIC_answer_0012_00	Health is wealth.\nHe's in better shape now.
COM_NEW_MEDIC_answer_0012_01	He didn't feel much effect.\nMaybe try one more thing.
COM_NEW_MEDIC_answer_0012_02	Braces help prevent injury.\nWith a brace, he moves freely.
COM_NEW_MEDIC_answer_0012_03	He didn't feel much effect.\nMaybe try one more thing.
COM_NEW_MEDIC_answer_0012_04	Hydration is key to fitness.\nThe team follows suit; form is up.
COM_NEW_MEDIC_answer_0012_05	Just water isn't enough.\nMaybe try one more thing.
COM_NEW_MEDIC_question_0013	You called in %s.\nWhat will keep him in shape?
COM_NEW_MEDIC_choices_0013_00	Stretch
COM_NEW_MEDIC_choices_0013_01	Brace
COM_NEW_MEDIC_answer_0013_00	Health is wealth.\nHe's in better shape now.
COM_NEW_MEDIC_answer_0013_01	He didn't feel much effect.\nMaybe try one more thing.
COM_NEW_MEDIC_answer_0013_02	Braces help prevent injury.\nWith a brace, he moves freely.
COM_NEW_MEDIC_answer_0013_03	He didn't feel much effect.\nMaybe try one more thing.
COM_NEW_MEDIC_answer_0013_04	Hydration is key to fitness.\nHe's fit and in top form.
COM_NEW_MEDIC_answer_0013_05	Just water isn't enough.\nMaybe try one more thing.
COM_NEW_MEDIC_question_0014	%s is down after losing a Friendly Match.\nWhat will lift his spirits?
COM_NEW_MEDIC_choices_0014_00	Running
COM_NEW_MEDIC_choices_0014_01	Golf
COM_NEW_MEDIC_choices_0014_02	WCCF
COM_NEW_MEDIC_answer_0014_00	A good sweat refreshed him.\nJust what he needed.
COM_NEW_MEDIC_answer_0014_01	He's not in the mood.\nHe feels even worse.
COM_NEW_MEDIC_answer_0014_02	Big swings cleared his head.\nJust what he needed.
COM_NEW_MEDIC_answer_0014_03	He's not a fan of golf.\nTry something else next time.
COM_NEW_MEDIC_answer_0014_04	A rare card! He's over the moon.\nJust the break he needed.
COM_NEW_MEDIC_answer_0014_05	He lost at the game too.\nBad timing for that suggestion.
COM_NEW_GROUND_question_0015	%s's Offence drills paid off:\nhis attack is up.
COM_NEW_GROUND_choice_0015_00	Watch him grow
COM_NEW_GROUND_choice_0015_01	Switch drills
COM_NEW_GROUND_answer_0015_00	He's getting the knack of it.\nLet's watch him keep growing.
COM_NEW_GROUND_answer_0015_01	Fixating on Offence isn't good.\nLet's suggest Defence training this time.
COM_NEW_GROUND_answer_0015_02	Just as he got the knack,\nbeing told to switch let him down...
COM_NEW_GROUND_question_0016	%s's Defence drills paid off:\nhis defence is up.
COM_NEW_GROUND_choice_0016_00	Watch him grow
COM_NEW_GROUND_choice_0016_01	Switch drills
COM_NEW_GROUND_answer_0016_00	He's getting the knack of it.\nLet's watch him keep growing.
COM_NEW_GROUND_answer_0016_01	Fixating on Defence isn't good.\nLet's suggest Offence training this time.
COM_NEW_GROUND_answer_0016_02	Just as he got the knack,\nbeing told to switch let him down...
COM_NEW_GROUND_question_0017	%s's Ball Skills drills paid off:\nhis skill is up.
COM_NEW_GROUND_choice_0017_00	Watch him grow
COM_NEW_GROUND_choice_0017_01	Switch drills
COM_NEW_GROUND_answer_0017_00	He's getting the knack of it.\nLet's watch him keep growing.
COM_NEW_GROUND_answer_0017_01	Fixating on Ball Skills isn't good.\nLet's suggest Running training this time.
COM_NEW_GROUND_answer_0017_02	Just as he got the knack,\nbeing told to switch let him down...
COM_NEW_GROUND_question_0018	%s's Running paid off:\nhis stamina is up.
COM_NEW_GROUND_choice_0018_00	Watch him grow
COM_NEW_GROUND_choice_0018_01	Switch drills
COM_NEW_GROUND_answer_0018_00	He's getting the knack of it.\nLet's watch him keep growing.
COM_NEW_GROUND_answer_0018_01	Fixating on stamina isn't good.\nLet's suggest Ball Skills training this time.
COM_NEW_GROUND_answer_0018_02	Just as he got the knack,\nbeing told to switch let him down...
COM_NEW_GROUND_question_0019	%s's Power drills paid off:\nhe wins more duels.
COM_NEW_GROUND_choice_0019_00	Watch him grow
COM_NEW_GROUND_choice_0019_01	Switch drills
COM_NEW_GROUND_answer_0019_00	He's getting the knack of it.\nLet's watch him keep growing.
COM_NEW_GROUND_answer_0019_01	Fixating on power isn't good.\nLet's suggest Sprint training this time.
COM_NEW_GROUND_answer_0019_02	Just as he got the knack,\nbeing told to switch let him down...
COM_NEW_GROUND_question_0020	%s's Sprint drills paid off:\nhis speed is up.
COM_NEW_GROUND_choice_0020_00	Watch him grow
COM_NEW_GROUND_choice_0020_01	Switch drills
COM_NEW_GROUND_answer_0020_00	He's getting the knack of it.\nLet's watch him keep growing.
COM_NEW_GROUND_answer_0020_01	Fixating on speed isn't good.\nLet's suggest Power training this time.
COM_NEW_GROUND_answer_0020_02	Just as he got the knack,\nbeing told to switch let him down...
COM_NEW_GROUND_question_0021	%s has\nreally got the knack of Offence drills.
COM_NEW_GROUND_choice_0021_00	"Hone it!"
COM_NEW_GROUND_choice_0021_01	"Branch out!"
COM_NEW_GROUND_answer_0021_00	Your coaching sharpened his training.\nHe's fully mastered this drill.
COM_NEW_GROUND_answer_0021_01	Fixating on Offence isn't good.\nLet's suggest Defence training this time.
COM_NEW_GROUND_answer_0021_02	Just as he got the knack,\nbeing told to switch let him down...
COM_NEW_GROUND_question_0022	%s has\nreally got the knack of Defence drills.
COM_NEW_GROUND_choice_0022_00	"Hone it!"
COM_NEW_GROUND_choice_0022_01	"Branch out!"
COM_NEW_GROUND_answer_0022_00	Your coaching sharpened his training.\nHe's fully mastered this drill.
COM_NEW_GROUND_answer_0022_01	Fixating on Defence isn't good.\nLet's suggest Offence training this time.
COM_NEW_GROUND_answer_0022_02	Just as he got the knack,\nbeing told to switch let him down...
COM_NEW_GROUND_question_0023	%s has\nreally got the knack of Ball Skills drills.
COM_NEW_GROUND_choice_0023_00	"Hone it!"
COM_NEW_GROUND_choice_0023_01	"Branch out!"
COM_NEW_GROUND_answer_0023_00	Your coaching sharpened his training.\nHe's fully mastered this drill.
COM_NEW_GROUND_answer_0023_01	Fixating on Ball Skills isn't good.\nLet's suggest Running training this time.
COM_NEW_GROUND_answer_0023_02	Just as he got the knack,\nbeing told to switch let him down...
COM_NEW_GROUND_question_0024	%s has\nreally got the knack of Running drills.
COM_NEW_GROUND_choice_0024_00	"Hone it!"
COM_NEW_GROUND_choice_0024_01	"Branch out!"
COM_NEW_GROUND_answer_0024_00	Your coaching sharpened his training.\nHe's fully mastered this drill.
COM_NEW_GROUND_answer_0024_01	Fixating on stamina isn't good.\nLet's suggest Ball Skills training this time.
COM_NEW_GROUND_answer_0024_02	Just as he got the knack,\nbeing told to switch let him down...
COM_NEW_GROUND_question_0025	%s has\nreally got the knack of Power drills.
COM_NEW_GROUND_choice_0025_00	"Hone it!"
COM_NEW_GROUND_choice_0025_01	"Branch out!"
COM_NEW_GROUND_answer_0025_00	Your coaching sharpened his training.\nHe's fully mastered this drill.
COM_NEW_GROUND_answer_0025_01	Fixating on power isn't good.\nLet's suggest Sprint training this time.
COM_NEW_GROUND_answer_0025_02	Just as he got the knack,\nbeing told to switch let him down...
COM_NEW_GROUND_question_0026	%s has\nreally got the knack of Sprint drills.
COM_NEW_GROUND_choice_0026_00	"Hone it!"
COM_NEW_GROUND_choice_0026_01	"Branch out!"
COM_NEW_GROUND_answer_0026_00	Your coaching sharpened his training.\nHe's fully mastered this drill.
COM_NEW_GROUND_answer_0026_01	Fixating on speed isn't good.\nLet's suggest Power training this time.
COM_NEW_GROUND_answer_0026_02	Just as he got the knack,\nbeing told to switch let him down...
COM_NEW_LOUNGE_question_0000	%s and %s.\nThey wonder why you called them again.
COM_NEW_LOUNGE_choices_0000_00	I forgot something
COM_NEW_LOUNGE_choices_0000_01	Worried about you
COM_NEW_LOUNGE_choices_0000_02	No reason
COM_NEW_LOUNGE_answer_0000_00	Good timing.\nThey had something to ask you, too.
COM_NEW_LOUNGE_answer_0000_01	Being called twice put them in a bad mood.\nBetter to say it all in one go.
COM_NEW_LOUNGE_answer_0000_02	They appreciate your concern.\nYour care paid off.
COM_NEW_LOUNGE_answer_0000_03	Too much worry isn't good.\nThey found it a bit annoying.
COM_NEW_LOUNGE_answer_0000_04	They liked being called for a chat.\nLet's all three go out for fun!
COM_NEW_LOUNGE_answer_0000_05	They expected important news.\nCalled for nothing, they're angry.
COM_NEW_LOUNGE_question_0001	You called in a famous $c[FF6347FF]dream duo$c.\nHow will you use them for the team?
COM_NEW_LOUNGE_choices_0001_00	Train more
COM_NEW_LOUNGE_choices_0001_01	Take a trip
COM_NEW_LOUNGE_choices_0001_02	Some time apart
COM_NEW_LOUNGE_answer_0001_00	They got it: don't be content as a duo!\nThey invited the whole team to train together.
COM_NEW_LOUNGE_answer_0001_01	They see the fame went to their heads.\nThey'll train on their partnership.
COM_NEW_LOUNGE_answer_0001_02	They had other plans.\nThey may not need training now.
COM_NEW_LOUNGE_answer_0001_03	A trip was a great idea!\nA team trip led by them should boost partnerships.
COM_NEW_LOUNGE_answer_0001_04	These two hard workers\nappreciated your kind gesture.
COM_NEW_LOUNGE_answer_0001_05	Together every day, and on days off too? Hmm...\nLet's respect their private lives a bit.
COM_NEW_LOUNGE_answer_0001_06	The duo mixing with others livens up the team.\nLinks breed links, raising partnerships team-wide.
COM_NEW_LOUNGE_answer_0001_07	Always together, time apart is good.\nIt was a nice change for them.
COM_NEW_LOUNGE_answer_0001_08	They want to stay in sync, not split up...\nOdd orders could crack the duo, you know?
COM_NEW_LOUNGE_question_0002	Their partnership is excellent.\nThey want a match to test new ideas.
COM_NEW_LOUNGE_answer_0002_00	Your words got them pumped up.\nNow they'll improve in real matches.
COM_NEW_LOUNGE_answer_0002_01	Cheering is no use without a chance.\nLet's give them a real match soon.
COM_NEW_LOUNGE_answer_0002_02	Calming down made their goal clear again.\nNow they'll improve in real matches.
COM_NEW_LOUNGE_answer_0002_03	Starved of chances, they can't calm down.\nLet's give them a real match soon.
COM_NEW_LOUNGE_answer_0002_04	Your silence said it all.\nNow they'll improve in real matches.
COM_NEW_LOUNGE_answer_0002_05	No chance, no advice: a letdown.\nLet's give them a real match soon.
COM_NEW_LOUNGE_question_0003	Their partnership is excellent.\nWhat will take them the final step?
COM_NEW_LOUNGE_choices_0003_00	"Basics first!"
COM_NEW_LOUNGE_choices_0003_01	"Relax a bit!"
COM_NEW_LOUNGE_choices_0003_02	Use telepathy
COM_NEW_LOUNGE_answer_0003_00	Back to basics, they both found something.\nNow they'll improve in real matches.
COM_NEW_LOUNGE_answer_0003_01	The basics are mastered already.\nIf only they could break through...
COM_NEW_LOUNGE_answer_0003_02	A change of routine gave them both something.\nNow they'll improve in real matches.
COM_NEW_LOUNGE_answer_0003_03	They're too troubled to relax.\nIf only they could break through...
COM_NEW_LOUNGE_answer_0003_04	Wordlessly, your message got through.\nNow they'll improve in real matches.
COM_NEW_LOUNGE_answer_0003_05	Telepathy isn't so easy.\nIf only they could break through...
COM_NEW_LOUNGE_question_0004	Their partnership is quite good.\nWhat will take them up a level?
COM_NEW_LOUNGE_choices_0004_00	"Watch each other!"
COM_NEW_LOUNGE_choices_0004_01	"Go have fun!"
COM_NEW_LOUNGE_choices_0004_02	Stay silent
COM_NEW_LOUNGE_answer_0004_00	Watching each other is the very basics.\nTheir partnership grew stronger.
COM_NEW_LOUNGE_answer_0004_01	That's too obvious to help...\nBoth are left brooding.
COM_NEW_LOUNGE_answer_0004_02	Knowing each other matters.\nGood advice: their partnership grew.
COM_NEW_LOUNGE_answer_0004_03	Fun won't help them improve.\nBoth are left brooding.
COM_NEW_LOUNGE_answer_0004_04	Don't always spell it out.\nYour silence got them talking, and they grew closer.
COM_NEW_LOUNGE_answer_0004_05	They were hoping for some advice...\nBoth are left brooding.
COM_NEW_LOUNGE_question_0005	Their partnership is decent.\nWhat will take them up a level?
COM_NEW_LOUNGE_choices_0005_00	"Watch each other!"
COM_NEW_LOUNGE_choices_0005_01	"Go have fun!"
COM_NEW_LOUNGE_choices_0005_02	Stay silent
COM_NEW_LOUNGE_answer_0005_00	Knowing each other matters.\nGood advice: their partnership grew.
COM_NEW_LOUNGE_answer_0005_01	That's too obvious to help...\nBoth are left brooding.
COM_NEW_LOUNGE_answer_0005_02	Knowing each other matters.\nTheir partnership grew stronger.
COM_NEW_LOUNGE_answer_0005_03	Fun won't help them improve.\nBoth are left brooding.
COM_NEW_LOUNGE_answer_0005_04	Don't always spell it out.\nYour silence got them talking, and they grew closer.
COM_NEW_LOUNGE_answer_0005_05	They were hoping for some advice...\nBoth are left brooding.
COM_NEW_LOUNGE_question_0006	They're struggling as a duo.\nWhat's your advice?
COM_NEW_LOUNGE_choices_0006_01	Go have fun
COM_NEW_LOUNGE_choices_0006_02	Give up the duo
COM_NEW_LOUNGE_answer_0006_00	Practice is fundamental.\nTheir partnership grew stronger.
COM_NEW_LOUNGE_answer_0006_01	Drills won't fix this.\nBoth are left brooding.
COM_NEW_LOUNGE_answer_0006_02	Fun helps them know each other.\nGood advice: their partnership grew.
COM_NEW_LOUNGE_answer_0006_03	Fun won't help them improve.\nBoth are left brooding.
COM_NEW_LOUNGE_answer_0006_04	Instead, it fired them up.\nThey talked and grew closer.
COM_NEW_LOUNGE_answer_0006_05	Giving up gets you nowhere.\nBoth are left brooding.
COM_NEW_LOUNGE_question_0007	They're struggling as a duo.\nWhat's your advice?
COM_NEW_LOUNGE_choices_0007_01	Go have fun
COM_NEW_LOUNGE_choices_0007_02	Give up the duo
COM_NEW_LOUNGE_answer_0007_00	Practice is fundamental.\nTheir partnership grew stronger.
COM_NEW_LOUNGE_answer_0007_01	Drills won't fix this.\nBoth are left brooding.
COM_NEW_LOUNGE_answer_0007_02	Fun helps them know each other.\nGood advice: their partnership grew.
COM_NEW_LOUNGE_answer_0007_03	Fun won't help them improve.\nBoth are left brooding.
COM_NEW_LOUNGE_answer_0007_04	Instead, it fired them up.\nThey talked and grew closer.
COM_NEW_LOUNGE_answer_0007_05	Giving up gets you nowhere.\nBoth are left brooding.
COM_NEW_LOUNGE_question_0008	%s and %s.\nIn this cosy room, what will you watch?
COM_NEW_LOUNGE_choices_0008_00	Match video
COM_NEW_LOUNGE_choices_0008_01	Hit film
COM_NEW_LOUNGE_choices_0008_02	Your album
COM_NEW_LOUNGE_answer_0008_00	The video revealed flaws they hadn't seen.\nTheir partnership should grow now.
COM_NEW_LOUNGE_answer_0008_01	That match wasn't much help.\nMaybe try something different.
COM_NEW_LOUNGE_answer_0008_02	Chatting about the film, they connected.\nTheir partnership should grow now.
COM_NEW_LOUNGE_answer_0008_03	Not a great film.\nNothing to talk about; it got awkward.
COM_NEW_LOUNGE_answer_0008_04	Your album got them chatting away.\nNow in tune, their partnership should soar.
COM_NEW_LOUNGE_answer_0008_05	...\nWhy did you show them your album?
COM_NEW_LOUNGE_question_0009	%s and %s.\nWhat will you watch with them?
COM_NEW_LOUNGE_choices_0009_00	Match video
COM_NEW_LOUNGE_choices_0009_01	Hit film
COM_NEW_LOUNGE_choices_0009_02	Your album
COM_NEW_LOUNGE_answer_0009_00	The video revealed flaws they hadn't seen.\nTheir partnership should grow now.
COM_NEW_LOUNGE_answer_0009_01	That match wasn't much help.\nMaybe try something different.
COM_NEW_LOUNGE_answer_0009_02	Chatting about the film, they connected.\nTheir partnership should grow now.
COM_NEW_LOUNGE_answer_0009_03	Not a great film.\nNothing to talk about; it got awkward.
COM_NEW_LOUNGE_answer_0009_04	Your album got them chatting away.\nNow in tune, their partnership should soar.
COM_NEW_LOUNGE_answer_0009_05	...\nWhy did you show them your album?
COM_NEW_LOUNGE_question_0010	%s and %s.\nIn this cosy room, what will you talk about?
COM_NEW_LOUNGE_choices_0010_02	About you
COM_NEW_LOUNGE_answer_0010_00	Ball skills talk got them going.\nTheir partnership should improve now.
COM_NEW_LOUNGE_answer_0010_01	Their ideals on individual play clashed.\nMaybe pick another topic.
COM_NEW_LOUNGE_answer_0010_02	Both wanted to talk partnership.\nA useful talk will help them grow.
COM_NEW_LOUNGE_answer_0010_03	They disagree on partnership.\nMaybe pick another topic.
COM_NEW_LOUNGE_answer_0010_04	They share the same view of you!\nNow in tune, their partnership should soar.
COM_NEW_LOUNGE_answer_0010_05	Talking about yourself won't bond them...\nThey don't know what to say.
COM_NEW_LOUNGE_question_0011	%s and %s.\nWhat will you talk about with them?
COM_NEW_LOUNGE_choices_0011_02	About you
COM_NEW_LOUNGE_answer_0011_00	Ball skills talk got them going.\nTheir partnership should improve now.
COM_NEW_LOUNGE_answer_0011_01	Their ideals on individual play clashed.\nMaybe pick another topic.
COM_NEW_LOUNGE_answer_0011_02	Both wanted to talk partnership.\nA useful talk will help them grow.
COM_NEW_LOUNGE_answer_0011_03	They disagree on partnership.\nMaybe pick another topic.
COM_NEW_LOUNGE_answer_0011_04	They share the same view of you!\nNow in tune, their partnership should soar.
COM_NEW_LOUNGE_answer_0011_05	Talking about yourself won't bond them...\nThey don't know what to say.
COM_NEW_LOUNGE_question_0012	%s and %s.\nThey're not close yet. What will you discuss?
COM_NEW_LOUNGE_choices_0012_02	Your hobby
COM_NEW_LOUNGE_answer_0012_00	Seeing the good in each other helps.\nTheir partnership should slowly improve.
COM_NEW_LOUNGE_answer_0012_01	It sounded like flattery; they tensed up.\nMaybe be a bit more frank.
COM_NEW_LOUNGE_answer_0012_02	Shared flaws made them feel closer.\nTheir partnership should edge up.
COM_NEW_LOUNGE_answer_0012_03	Only flaws? That breeds dislike.\nMaybe look at other things too.
COM_NEW_LOUNGE_answer_0012_04	Your hobbies gave them a shared topic.\nNow in tune, their partnership should soar.
COM_NEW_LOUNGE_answer_0012_05	Talking about yourself won't bond them...\nThe air has turned awkward.
COM_NEW_LOUNGE_question_0013	%s and %s.\nStill not close. What will you talk about?
COM_NEW_LOUNGE_choices_0013_02	Your hobby
COM_NEW_LOUNGE_answer_0013_00	Seeing the good in each other helps.\nTheir partnership should slowly improve.
COM_NEW_LOUNGE_answer_0013_01	It sounded like flattery; they tensed up.\nMaybe be a bit more frank.
COM_NEW_LOUNGE_answer_0013_02	Shared flaws made them feel closer.\nTheir partnership should edge up.
COM_NEW_LOUNGE_answer_0013_03	Only flaws? That breeds dislike.\nMaybe look at other things too.
COM_NEW_LOUNGE_answer_0013_04	Your hobbies gave them a shared topic.\nNow in tune, their partnership should soar.
COM_NEW_LOUNGE_answer_0013_05	Talking about yourself won't bond them...\nThe air has turned awkward.
COM_NEW_LOUNGE_question_0014	Their views clash, and the mood is tense.\nHow will you patch things up?
COM_NEW_LOUNGE_choices_0014_00	Give your view
COM_NEW_LOUNGE_choices_0014_01	Just listen
COM_NEW_LOUNGE_choices_0014_02	Reject both views
COM_NEW_LOUNGE_answer_0014_00	They accepted your view.\nThe tension has eased a little.
COM_NEW_LOUNGE_answer_0014_01	They don't accept your view.\nThat just fanned the flames.
COM_NEW_LOUNGE_answer_0014_02	Venting calmed them down.\nNow they'll hear each other out.
COM_NEW_LOUNGE_answer_0014_03	Just listening didn't settle it.\nThe mood has turned even worse.
COM_NEW_LOUNGE_answer_0014_04	Being flatly rejected cleared the air.\nA gamble, but it worked.
COM_NEW_LOUNGE_answer_0014_05	Rejected, both are now angry.\nBetter to respect their views.
COM_NEW_LOUNGE_question_0015	They're better, but still don't get on.\nWhat will help them connect?
COM_NEW_LOUNGE_choices_0015_00	Time together
COM_NEW_LOUNGE_choices_0015_01	Same topic
COM_NEW_LOUNGE_choices_0015_02	Twin outfits
COM_NEW_LOUNGE_answer_0015_00	Time together is priceless.\nThey'll get closer now.
COM_NEW_LOUNGE_answer_0015_01	Not being friends, they balk at time together.\nAnother way was better.
COM_NEW_LOUNGE_answer_0015_02	Shared topics are a great way to bond.\nThey should slowly grow closer.
COM_NEW_LOUNGE_answer_0015_03	A shared topic, yet they disagree on it too.\nYou said too much, it seems...
COM_NEW_LOUNGE_answer_0015_04	They actually like them!\nThey've bonded fast.
COM_NEW_LOUNGE_answer_0015_05	Your outfits weren't to their taste.\nDifferent clothes, maybe...
COM_NEW_LOUNGE_question_0016	Once at odds, they now get on well.\nWhat will sharpen their partnership?
COM_NEW_LOUNGE_choices_0016_00	Tactics
COM_NEW_LOUNGE_choices_0016_01	Team policy
COM_NEW_LOUNGE_choices_0016_02	Their old feud
COM_NEW_LOUNGE_answer_0016_00	Tactics are key.\nPartnership will sharpen.
COM_NEW_LOUNGE_answer_0016_01	They know the tactics.\nDon't overcomplicate things.
COM_NEW_LOUNGE_answer_0016_02	They back the team policy.\nThey'll keep working for the team.
COM_NEW_LOUNGE_answer_0016_03	They didn't quite get it. Poor delivery?\nSimpler words would have helped.
COM_NEW_LOUNGE_answer_0016_04	They share a laugh.\nIt's a fond memory now.
COM_NEW_LOUNGE_answer_0016_05	Bad idea to bring up the past...\nThe mood turned sour.
COM_NEW_LOUNGE_question_0017	They like each other but aren't close yet.\nWhat advice will bring them closer?
COM_NEW_LOUNGE_choices_0017_00	Share a vision
COM_NEW_LOUNGE_choices_0017_01	Eyes on him
COM_NEW_LOUNGE_choices_0017_02	Hang out
COM_NEW_LOUNGE_answer_0017_00	Sharing a vision is vital for the next step.\nThey agree with your advice.
COM_NEW_LOUNGE_answer_0017_01	They can't quite picture it yet.\nBoth are left puzzled.
COM_NEW_LOUNGE_answer_0017_02	The key to partnership.\nWatch them grow!
COM_NEW_LOUNGE_answer_0017_03	They wanted more specific advice.\nIt wasn't much help.
COM_NEW_LOUNGE_answer_0017_04	Time off the pitch together will help.\nExpect good teamwork now.
COM_NEW_LOUNGE_answer_0017_05	They're not that close yet.\nLet them bond step by step.
COM_NEW_LOUNGE_question_0018	They're reading each other.\nWhat advice will boost their partnership?
COM_NEW_LOUNGE_choices_0018_00	Mind each other
COM_NEW_LOUNGE_choices_0018_01	Outwit foes
COM_NEW_LOUNGE_choices_0018_02	Outwit allies
COM_NEW_LOUNGE_answer_0018_00	Mutual awareness builds partnership.\nThey agree.
COM_NEW_LOUNGE_answer_0018_01	They do that already.\nOther advice was needed.
COM_NEW_LOUNGE_answer_0018_02	Outwit them, and chances come.\nThey seem convinced.
COM_NEW_LOUNGE_answer_0018_03	They find that too hard to think about yet.\nSimpler advice would have been better.
COM_NEW_LOUNGE_answer_0018_04	Fool friends first, then foes.\nExpect play that surprises even teammates.
COM_NEW_LOUNGE_answer_0018_05	Fooling teammates kills partnership.\nTeammates will get confused.
COM_NEW_LOUNGE_question_0019	Opponents fear these two.\nWhat advice will make them more dangerous?
COM_NEW_LOUNGE_choices_0019_00	Keep training
COM_NEW_LOUNGE_choices_0019_01	Be creative
COM_NEW_LOUNGE_choices_0019_02	Be hated
COM_NEW_LOUNGE_answer_0019_00	Training is key.\nThey won't let up from here.
COM_NEW_LOUNGE_answer_0019_01	They're already training hard.\nThey feel you haven't been watching them.
COM_NEW_LOUNGE_answer_0019_02	They love the creative freedom.\nExciting times ahead.
COM_NEW_LOUNGE_answer_0019_03	They're left puzzled.\nMore specific advice was needed.
COM_NEW_LOUNGE_answer_0019_04	Being hated is just right.\nExpect more growth.
COM_NEW_LOUNGE_answer_0019_05	They're not convinced.\n'Be hated' was too much.
COM_NEW_LOUNGE_question_0020	He's arguing with the captain.\nHow will you handle it?
COM_NEW_LOUNGE_choices_0020_00	Back the captain
COM_NEW_LOUNGE_choices_0020_01	Watch
COM_NEW_LOUNGE_choices_0020_02	Change the subject
COM_NEW_LOUNGE_answer_0020_00	Backing the captain keeps the team in order.\nThe player accepts it.
COM_NEW_LOUNGE_answer_0020_01	He's angry you favoured the captain.\nIt ended in deadlock.
COM_NEW_LOUNGE_answer_0020_02	The captain settled it well.\nThey thank you for not butting in.
COM_NEW_LOUNGE_answer_0020_03	It escalated and got out of hand.\nYou should've stepped in.
COM_NEW_LOUNGE_answer_0020_04	Small talk got them bonding.\nNicely dodged!
COM_NEW_LOUNGE_answer_0020_05	It didn't work.\nBe serious next time.
COM_NEW_LOUNGE_question_0021	One of them arrived in a trade.\nWhat will you say to the new duo?
COM_NEW_LOUNGE_choices_0021_00	Loosen up
COM_NEW_LOUNGE_choices_0021_01	Get pumped
COM_NEW_LOUNGE_choices_0021_02	The ultimate duo
COM_NEW_LOUNGE_answer_0021_00	Your words helped them relax.\nExpect good teamwork.
COM_NEW_LOUNGE_answer_0021_01	They were all fired up.\nNow they feel deflated.
COM_NEW_LOUNGE_answer_0021_02	Both are totally fired up.\nThey could be a great duo.
COM_NEW_LOUNGE_answer_0021_03	They're feeling the pressure.\nI hope they don't overdo it...
COM_NEW_LOUNGE_answer_0021_04	They love your faith.\nExpect great teamwork.
COM_NEW_LOUNGE_answer_0021_05	Too much to ask of a newcomer.\nThey resent the hype.
COM_NEW_LOUNGE_question_0022	One is a proven player.\nWhat will you tell this promising new duo?
COM_NEW_LOUNGE_choices_0022_00	Loosen up
COM_NEW_LOUNGE_choices_0022_01	Get pumped
COM_NEW_LOUNGE_choices_0022_02	A new legend begins
COM_NEW_LOUNGE_answer_0022_00	Your words helped them relax.\nExpect good teamwork.
COM_NEW_LOUNGE_answer_0022_01	They were all fired up.\nNow they feel deflated.
COM_NEW_LOUNGE_answer_0022_02	Both are totally fired up.\nThey could be a great duo.
COM_NEW_LOUNGE_answer_0022_03	They're feeling the pressure.\nI hope they don't overdo it...
COM_NEW_LOUNGE_answer_0022_04	They love your faith.\nExpect great teamwork.
COM_NEW_LOUNGE_answer_0022_05	That's expecting way too much.\nThey resent the hype.
COM_ROLE_question_0000	You called in %s.\nWhich role for him?
COM_ROLE_question_0001	You called in %s.\nWhich role for him?
COM_ROLE_choices_0000	Make captain
COM_ROLE_choices_0001	Make CK Taker
COM_ROLE_choices_0002	Make FK Taker
COM_ROLE_choices_0003	Make PK Taker
COM_ROLE_choices_0004	Remove as CK Taker
COM_ROLE_choices_0005	Remove as FK Taker
COM_ROLE_choices_0006	Remove as PK Taker
COM_ROLE_explain_0000	Appointing %s as captain.
COM_ROLE_explain_0001	Appointing %s as CK Taker.
COM_ROLE_explain_0002	Appointing %s as FK Taker.
COM_ROLE_explain_0003	Appointing %s as PK Taker.
COM_ROLE_explain_0004	Removing %s as CK Taker.
COM_ROLE_explain_0005	Removing %s as FK Taker.
COM_ROLE_explain_0006	Removing %s as PK Taker.
COM_ROLE_answer_0000	No one else could be captain.\nEveryone will accept him.
COM_ROLE_answer_0001	Loved by all, he's a safe choice.\nHe'll surely unite the team.
COM_ROLE_answer_0005	He's confident at corners.\nExpect superb corners from him.
COM_ROLE_answer_0010	He didn't want to be captain.\nSome players dislike your choice.
COM_ROLE_answer_0012	He didn't want to be captain.\nSome players dislike your choice.
COM_ROLE_answer_0013	He lacks confidence at corners.\nHe's worried about his accuracy.
COM_ROLE_answer_0018	No need to force a weak kicker.\nNow he can just play.
COM_ROLE_answer_0023	Feeling you lost faith,\nhis confidence sank.
COM_ROLE_answer_0027	He's already CK Taker.\nHe's shocked that you forgot.
COM_ROLE_answer_0028	He's already FK Taker.\nHe's shocked that you forgot.
COM_ROLE_answer_0029	He's already PK Taker.\nHe's shocked that you forgot.
COM_ROLE_answer_0030	No one else could be captain.\nHe'll lead the team from the front.
COM_ROLE_answer_0031	Loved by all, he's a safe choice.\nThe team will fight as one.
COM_ROLE_answer_0032	Even by force, he'll unite the team.\nNo one will complain.
COM_ROLE_answer_0033	He seems confident as captain.\nThe team will rally round him.
COM_ROLE_answer_0034	He wanted to be captain.\nHe's fired up!
COM_ROLE_answer_0035	He's confident at corners.\nExpect plenty of assists.
COM_ROLE_answer_0036	Your trust delights him.\nExpect more goals from set pieces.
COM_ROLE_answer_0037	The key role gave him confidence.\nHe should hold his nerve and win games.
COM_ROLE_answer_0040	He didn't want to be captain.\nSome players dislike your choice.
COM_ROLE_answer_0042	He didn't want to be captain.\nSome players dislike your choice.
COM_ROLE_answer_0043	He lacks confidence at corners.\nHe's worried about his accuracy.
COM_ROLE_answer_0051	He's already CK Taker.\nHe's shocked that you forgot.
COM_ROLE_answer_0052	He's already FK Taker.\nHe's shocked that you forgot.
COM_ROLE_answer_0053	He's already PK Taker.\nHe's shocked that you forgot.
COM_EVENT_question_0000	%s asks to play next match,\npromising 1 goal. What will you do?
COM_EVENT_question_0001	%s asks to play next match,\npromising 2 goals. What will you do?
COM_EVENT_question_0002	%s asks to play next match,\npromising 3 goals. What will you do?
COM_EVENT_question_0003	%s asks to play next match,\npromising an assist. What will you do?
COM_EVENT_question_0004	%s asks to play next match,\npromising a clean sheet. What will you do?
COM_EVENT_question_0005	%s asks to play next match,\npromising a 2-goal win. What will you do?
COM_EVENT_question_0006	%s asks to play next match,\npromising a 3-goal win. What will you do?
COM_EVENT_question_0007	Name him Key Player next match,\nand he vows a 2-goal win. What will you do?
COM_EVENT_question_0008	Name him Key Player next match,\nand he vows a 3-goal win. What will you do?
COM_EVENT_question_0009	Name him Key Player next match,\nand he vows a win with more possession. What will you do?
COM_EVENT_question_0010	Name him Key Player next match,\nand he vows a clean-sheet win. What will you do?
COM_EVENT_question_0011	Name him Key Player next match,\nand he swears to win. What will you do?
COM_EVENT_choices_0000	It's a deal
COM_EVENT_choices_0001	Decline
COM_EVENT_answer_0000	He's raring to go.\nIf he does it, his $c[FF6347FF]growth will surge$c for sure.
COM_EVENT_answer_0001	If he fails, he could lose his confidence.\nLet him wait his turn for now.
COM_EVENT_answer_0002	%s was raring to go,\nbut your call let him down.
COM_EVENT_result_0000	You kept your promise to %s,\nand he repaid you by $c[FF6347FF]growing a lot$c. Expect big things!
COM_EVENT_result_0001	You kept your promise to %s,\nbut he blew his chance and $c[00BFFFFF]lost confidence$c.
COM_EVENT_result_0002	You kept your promise to %s,\nand he repaid you by $c[FF6347FF]growing a lot$c. Expect big things!
COM_EVENT_result_0003	You kept your promise to %s,\nbut he blew his chance and $c[00BFFFFF]lost confidence$c.
COM_EVENT_result_0004	You called in %s,\nwho you promised a game.
COM_MAX_MTG_question_0000	%s shines as the team's $c[FF6347FF]Key Player$c.\nHe knows the tactics. What now?
COM_MAX_MTG_choices_0000_00	Plan training
COM_MAX_MTG_choices_0000_01	Run the meeting
COM_MAX_MTG_choices_0000_02	Send him out
COM_MAX_MTG_answer_0000_00	His training plan was a big hit.\nTactical drills should help the whole team.
COM_MAX_MTG_answer_0000_01	Planning drills revisits the tactics too.\nHe admired your clever coaching.
COM_MAX_MTG_answer_0000_02	He didn't see why he had to plan the training.\nFeeling dumped with a chore, he's sulking.
COM_MAX_MTG_answer_0000_03	He chaired it well!\nSmooth running lifted everyone's grasp of tactics.
COM_MAX_MTG_answer_0000_04	Chairing gave him a wider view.\nA good lesson for a Key Player.
COM_MAX_MTG_answer_0000_05	He didn't really see why he got the job.\nThe meeting itself turned into a mess.
COM_MAX_MTG_answer_0000_06	All leaned too much on the Key Player.\nWith him out for a while, he and the team grew.
COM_MAX_MTG_answer_0000_07	We all need time alone.\nFree of the Key Player burden, he feels lighter.
COM_MAX_MTG_answer_0000_08	He didn't see why he was sent out.\nHe's really down now.
COM_MAX_MTG_question_0001	%s is blossoming as a Key Player.\nHe wants a real match to test new ideas.
COM_MAX_MTG_choices_0001_00	Praise
COM_MAX_MTG_answer_0001_00	His tactical confidence grew.\nNow let's get him a real match soon.
COM_MAX_MTG_answer_0001_01	Praise won't help now.\nGive him a real match, not words.
COM_MAX_MTG_answer_0001_02	Calming down helped him see more.\nNow let's get him a real match soon.
COM_MAX_MTG_answer_0001_03	He's itching to try things out.\nGive him a real match soon.
COM_MAX_MTG_answer_0001_04	He found a new hint in the silence.\nNow let's get him a real match soon.
COM_MAX_MTG_answer_0001_05	Some things must be said.\nHe's annoyed you won't give him a real match.
INF_SUPPORTER_message_0001	They call you $c[FF6347FF]"%s %s"$c\nnow, it seems.
INF_SUPPORTER_message_0002	They call you $c[FF6347FF]"%s"$c\nnow, it seems.
INF_SUPPORTER_adj_0130	The Serbian
INF_SUPPORTER_adj_0131	The Golden
INF_SUPPORTER_adj_0132	The Silver
INF_SUPPORTER_adj_0133	The Classic
INF_SUPPORTER_adj_0134	The Global
INF_SUPPORTER_adj_0135	The Surging
INF_SUPPORTER_adj_0136	The Burning
INF_SUPPORTER_adj_0137	The Medieval
INF_SUPPORTER_adj_0138	The Rising
INF_SUPPORTER_adj_0140	The Emirati
INF_SUPPORTER_adj_0141	The Indian
INF_SUPPORTER_adj_0142	The Indonesian
INF_SUPPORTER_adj_0143	The Singaporean
INF_SUPPORTER_adj_0144	The Thai
INF_SUPPORTER_adj_0145	The Filipino
INF_SUPPORTER_adj_0146	The Vietnamese
INF_SUPPORTER_adj_0147	The Malaysian
INF_SUPPORTER_adj_0148	The Burmese
INF_SUPPORTER_adj_0149	The British
INF_SUPPORTER_adj_0150	The Austrian
INF_SUPPORTER_adj_0151	The Greek
INF_SUPPORTER_adj_0152	The Swiss
INF_SUPPORTER_adj_0153	The Slovenian
INF_SUPPORTER_adj_0154	The Angolan
INF_SUPPORTER_adj_0155	The Egyptian
INF_SUPPORTER_adj_0156	The Ghanaian
INF_SUPPORTER_adj_0157	The Ivorian
INF_SUPPORTER_adj_0158	The Togolese
INF_SUPPORTER_adj_0159	The Trinidadian
INF_SUPPORTER_adj_0160	The Bolivian
INF_SUPPORTER_adj_0161	The Kiwi
INF_SUPPORTER_noun_0012	Hercules
INF_SUPPORTER_noun_0013	Generals
INF_SUPPORTER_noun_0014	Prodigies
INF_SUPPORTER_noun_0015	Killer Bees
INF_SUPPORTER_noun_0016	Tyrannosaurs
INF_SUPPORTER_noun_0017	Demon Kings
INF_SUPPORTER_noun_0018	War Gods
INF_SUPPORTER_noun_0024	Titans
INF_SUPPORTER_noun_0025	Professors
INF_SUPPORTER_noun_0026	Heavyweights
INF_SUPPORTER_noun_0027	Jumbo Jets
INF_SUPPORTER_noun_0028	Nobles
INF_SUPPORTER_noun_0029	Commanders
INF_SUPPORTER_noun_0030	Diehards
INF_SUPPORTER_noun_0031	Rascals
INF_SUPPORTER_noun_0032	Experts
INF_SUPPORTER_noun_0033	Gladiators
INF_SUPPORTER_noun_0043	Jokers
INF_SUPPORTER_noun_0044	Greenhorns
INF_SUPPORTER_noun_0045	Comics
INF_SUPPORTER_noun_0046	Privates
INF_SUPPORTER_noun_0047	Corporals
INF_SUPPORTER_noun_0048	Gamblers
INF_SUPPORTER_noun_0057	Recruits
INF_SUPPORTER_noun_0058	Crybabies
INF_SUPPORTER_noun_0059	Fallen Samurai
INF_SUPPORTER_noun_0060	Party Squad
INF_SUPPORTER_noun_0061	Feeble Squad
INF_SUPPORTER_noun_0062	Handle With Care
INF_SUPPORTER_noun_0063	Silver Mark
INF_SUPPORTER_noun_0071	Q.H. di Oros
INF_SUPPORTER_noun_0078	Wolves
INF_SUPPORTER_noun_0079	Dragons
INF_SUPPORTER_noun_0080	Attackers
INF_SUPPORTER_noun_0081	Warships
INF_SUPPORTER_noun_0082	Tridents
INF_SUPPORTER_noun_0091	Great Buddhas
INF_SUPPORTER_noun_0092	Elephants
INF_SUPPORTER_noun_0093	Concrete
INF_SUPPORTER_noun_0094	Eiffel Towers
INF_SUPPORTER_noun_0095	Sphinxes
INF_SUPPORTER_noun_0096	Pyramids
INF_SUPPORTER_noun_0105	Merry-Go-Round
INF_SUPPORTER_noun_0106	Dancers
INF_SUPPORTER_noun_0107	Specialists
INF_SUPPORTER_noun_0108	Real Estate
INF_SUPPORTER_noun_0113	Total FBs
INF_SUPPORTER_noun_0119	Bermuda Triangle
INF_SUPPORTER_noun_0121	Destroyers
INF_SUPPORTER_noun_0122	Big Wave
INF_SUPPORTER_noun_0123	Boars
INF_SUPPORTER_noun_0124	Juggernauts
INF_SUPPORTER_noun_0134	Cruisers
INF_SUPPORTER_noun_0135	Express
INF_SUPPORTER_noun_0136	Shooting Stars
INF_SUPPORTER_noun_0138	Ninjas
INF_SUPPORTER_noun_0139	Cavalry
INF_SUPPORTER_noun_0140	Riot Squad
INF_SUPPORTER_noun_0141	Hazards
INF_SUPPORTER_noun_0142	Sages
INF_SUPPORTER_noun_0143	Matadors
INF_SUPPORTER_noun_0144	Timekeepers
INF_SUPPORTER_noun_0145	Controllers
INF_SUPPORTER_noun_0146	Headquarters
INF_SUPPORTER_noun_0147	Pacemakers
INF_SUPPORTER_noun_0148	Clairvoyants
INF_SUPPORTER_noun_0149	Police
INF_SUPPORTER_noun_0163	Big Bosses
INF_SUPPORTER_noun_0164	Directors
INF_SUPPORTER_noun_0165	Section Chiefs
INF_SUPPORTER_noun_0166	Team Leaders
INF_SUPPORTER_noun_0167	Supervisors
INF_SUPPORTER_noun_0176	Luxury Liners
INF_SUPPORTER_noun_0177	Department Store
INF_SUPPORTER_noun_0178	Emporium
INF_SUPPORTER_noun_0190	Knights
INF_SUPPORTER_noun_0191	Flowers
INF_SUPPORTER_noun_0192	Tomahawks
INF_SUPPORTER_noun_0194	Lucky Stars
INF_SUPPORTER_noun_0195	Firebirds
INF_SUPPORTER_noun_0196	Newbies
INF_SUPPORTER_noun_0197	Perfectionists
INF_SUPPORTER_noun_0198	Losers
INF_SUPPORTER_noun_0199	Angels
INF_SUPPORTER_noun_0200	Buffaloes
INF_SUPPORTER_noun_0207	Teachers
INF_SUPPORTER_noun_0208	Rainbows
INF_SUPPORTER_noun_0209	Hard Workers
INF_SUPPORTER_noun_0210	Intermediates
INF_SUPPORTER_noun_0256	World Trophy Champions
INF_SUPPORTER_noun_0257	World Trophy Victors
INF_SUPPORTER_noun_0258	Golden Front Two
INF_SUPPORTER_noun_0259	Magic Triangle
INF_SUPPORTER_noun_0260	Mystic Quartet
INF_SUPPORTER_noun_0261	Twin Guardians
INF_SUPPORTER_noun_0262	Iron Musketeers
INF_SUPPORTER_noun_0263	Business School
INF_SUPPORTER_noun_0264	Supermarket
INF_SUPPORTER_noun_0265	Corner Shop
INF_SUPPORTER_noun_0266	Goddesses
INF_SUPPORTER_noun_0267	Beginners
INF_SUPPORTER_noun_0268	L-Platers
INF_SUPPORTER_noun_0269	Newbies
INF_TERML_message_0000	Well done in your final match.
INF_TERML_message_0001	Your decisions shone, and you won in style!!\n$c[FF6347FF]Attacking drive$c will serve your next team.
INF_TERML_message_0002	Your decisions shone, and you won in style!!\n$c[FF6347FF]Careful ball play$c will serve your next team.
INF_TERML_message_0003	Your decisions shone, and you won in style!!\n$c[FF6347FF]Sharp transitions$c will serve your next team.
INF_TERML_message_0004	Your decisions shone, and you won in style!!\n$c[FF6347FF]Defensive focus$c will serve your next team.
INF_TERML_message_0005	Your decisions shone, and you won in style!!\nYour $c[FF6347FF]tight marking$c style will serve your next team.
INF_TERML_message_0006	Your decisions shone, and you won in style!!\nYour $c[FF6347FF]power play mastery$c will serve your next team.
INF_TERML_message_0007	Your decisions shone, and you won in style!!\nYour $c[FF6347FF]well-balanced$c style will serve your next team.
INF_TERML_message_0008	So close: a draw.\nTake these lessons to your next team.
INF_TERML_message_0009	Sadly, the match was lost.\nMove on and go for wins with a new team.
MAN_DATA_header_0000	Active
MAN_DATA_header_0001	Expired
MAN_DATA_header_0002	Transferred
MAN_DATA_header_0003	Transferable
MAN_DATA_header_0012	Title:
MAN_DATA_header_0013	Level:
MAN_DATA_header_0016	Prize/Rank:
MAN_DATA_header_0019	Monthly WCFA Ranking:
MAN_DATA_header_0020	Monthly WCFA Points:
MAN_DATA_header_0021	Best WT Points:
MAN_DATA_header_0022	WT Points/Rank:
MAN_DATA_contents_0001	%d / No.%d
MAN_DATA_contents_0002	$%dM + $%d00
MAN_DATA_contents_0003	$%dM + $%d00
MAN_DATA_contents_0004	W%d
MAN_DATA_contents_0005	L%d
MAN_DATA_contents_0006	D%d
MAN_DATA_contents_0008	%d yen
MAN_DATA_contents_0011	%d matches left
MAN_DATA_contents_0012	Expired
MAN_DATA_contents_0013	Ready
MAN_DATA_contents_0014	Done
MAN_DATA_contents_0015	None
MAN_DATA_contents_0016	%d pts / No.%d
MAN_DATA_contents_0017	%s / No.%d
MAN_DATA_message_0000	Club Card under contract.\nContract: %d matches left.
MAN_DATA_message_0001	Contract ended on this Club Card.\nInsert it with a new Club Card to transfer manager data.
MAN_DATA_message_0002	Data transferred from this Club Card.\nYou can't play with this Club Card.
MAN_DATA_message_0003	Transfer data to sign a contract.
MAN_DATA_message_0004	Location-test-only Club Card.\nCan't transfer data.
MAN_DATA_ranking_0000	No.%d
MAN_DATA_ranking_0001	---
MAN_DATA_wtdata_0000	World Trophy Ranking
MAN_DATA_wtdata_0001	This event:
MAN_DATA_wtdata_0002	1st Round
MAN_DATA_wtdata_0003	Advance to 2nd Round
MAN_DATA_wtdata_0004	Advance to Quarterfinals
MAN_DATA_wtdata_0007	Points this event:
MAN_DATA_wtdata_0008	3rd Last
MAN_DATA_wtdata_0009	2nd Last
MAN_DATA_wtdata_0010	Last
MAN_DATA_wtdata_0011	1st Round Lost
MAN_DATA_wtdata_0016	WT Points:
MAN_DATA_wtdata_0017	Yesterday (Japan):
MAN_DATA_wtdata_0018	Yesterday (Area):
MAN_DATA_wtdata_0019	Best WT Points:
MAN_DATA_wtdata_0020	Last week (Japan):
MAN_DATA_wtdata_0021	Last week (Area):
MAN_DATA_prizedata_0000	Prize Money Ranks
MAN_DATA_prizedata_0001	Yesterday (Japan):
MAN_DATA_prizedata_0002	Yesterday (Area):
MAN_DATA_prizedata_0003	Last Week Ranks
MAN_DATA_prizedata_0004	Last week (Japan):
MAN_DATA_prizedata_0005	Last week (Area):
MAN_DATA_menu_0003	Partnership Data
MAN_FACILITIES_message_0000	Select a menu to visit a facility.\nTeam entry closes %d seconds before kick-off.
MAN_FACILITIES_message_0001	Select a menu to visit a facility.\nTeam entry closes 20 seconds before kick-off.
MAN_FACILITIES_message_0002	Select a menu to visit a facility.
MAN_FACILITIES_message_0004	On the pitch, $c[FF6347FF]Team Training$c builds your team's ability.
MAN_FACILITIES_message_0005	Do $c[FF6347FF]Individual Training$c on the pitch.
MAN_FACILITIES_message_0006	In the Meeting Room, feedback builds $c[FF6347FF]tactical sense$c.
MAN_FACILITIES_message_0007	In the Manager's Office, $c[FF6347FF]assign roles$c,\nview data, $c[FF6347FF]enter your team$c and $c[FF6347FF]send challenges$c.
MAN_FACILITIES_message_0008	In the Lounge, call 2 players to boost $c[FF6347FF]partnership$c.
MAN_FACILITIES_message_0009	In the Medical Room,\ncall players in to manage $c[FF6347FF]condition$c.
SYS_NET_error_0001	Network disconnected.\nSwitching to CPU match.
SYS_NET_error_0003	Could not send play data.
SYS_NET_error_0004	Club Card data is invalid.\nServer authentication failed.
SYS_NET_error_0005	Network disconnected.\nThis match is void.\nThe result will not be saved.
SYS_NET_error_0006	Entered the World Trophy Ranking.
SYS_NET_error_0007	Could not send data.\nThis match is void.\nThe result will not be saved.
SYS_NET_error_0009	No opponent was found.\nPlaying a Friendly Match vs CPU.
SYS_NET_error_0010	Data Match\nentry failed.
SYS_NET_error_0011	Data Match\nentry may have failed.
SYS_NET_error_0012	No opponent was found.\nPlaying the CPU.
SYS_NET_error_0013	Checking the network.\nPlease wait a moment.
SYS_NET_error_0020	No opponent was found.\nPlaying a Challenge Match vs CPU.
INF_067_title_0000	$p[16]$t[0:1]★★★$t$p  ENTRY INVITATION  $p[16]$t[0:1]★★★$t$p
INF_067_message_0000	For your team's $c[FF6347FF]achievements$c,\nyou're $c[FF6347FF]invited to enter$c the AREA CHAMPIONSHIP.
INF_067_message_0001	To enter the AREA CHAMPIONSHIP,\npick $c[FF6347FF]"Data Match Entry"$c in Entry / Requests.
INF_067_message_0002	For your team's $c[FF6347FF]achievements$c,\nyou're $c[FF6347FF]invited to enter$c the ASIA CHAMPIONSHIP.
INF_067_message_0003	To enter the ASIA CHAMPIONSHIP,\npick $c[FF6347FF]"Data Match Entry"$c in Entry / Requests.
INF_OFFER_message_0000	A club keen on your record\nmade you an $c[FF6347FF]offer$c.
INF_OFFER_message_0001	A turning point in your career.\nThink it over carefully.
INF_OFFER_message_0002	Offer from a $c[FF6347FF]%s$c club\nin Regular League %s Division.
INF_OFFER_message_0003	Processing your resignation.\nLead %s well one last time.
INF_OFFER_contents_0000	Division:
INF_OFFER_contents_0001	Sponsor:
INF_OFFER_contents_0003	Taking a new offer means you resign.\nUnlike a normal resignation, your\nmanager skills carry over better.
INF_OFFER_contents_0004	%s (%s)
INF_OFFER_contents_0005	Accept "%s"?
INF_OFFER_contents_0007	Stay at the club?
INF_OFFER_choices_0000	Offer 1
INF_OFFER_choices_0001	Offer 2
INF_OFFER_choices_0002	Offer 3
INF_OFFER_choices_0003	Stay
GAM_COMMON_round_0051	Place %d Play-off
GAM_COMMON_round_0058	(no PK)
GAM_COMMON_round_0059	(with PK)
GAM_COMMON_round_0062	%s [%s]
GAM_COMMON_result_0011	Premier Division: Promoted
GAM_COMMON_result_0012	Premier Division: Remained
GAM_COMMON_result_0013	Premier Division: Relegated
GAM_COMMON_result_0014	1st Division: Promoted
GAM_COMMON_result_0015	1st Division: Remained
GAM_COMMON_result_0016	1st Division: Relegated
GAM_COMMON_result_0017	2nd Division: Promoted
GAM_COMMON_result_0018	2nd Division: Remained
GAM_COMMON_result_0019	2nd Division: Relegated
GAM_COMMON_result_0020	3rd Division: Promoted
GAM_COMMON_result_0021	3rd Division: Remained
GAM_COMMON_result_0022	3rd Division: Relegated
GAM_COMMON_result_0023	4th Division: Promoted
GAM_COMMON_result_0024	4th Division: Remained
GAM_COMMON_result_0025	4th Division: Relegated
GAM_COMMON_result_0026	W%d
GAM_COMMON_result_0027	L%d
GAM_COMMON_result_0028	D%d
GAM_COMMON_result_0030	Advance to 2nd Round
GAM_COMMON_result_0032	Advance to Quarterfinals
GAM_COMMON_result_0039	Advance to Place %d Play-off
COM_GROUNDFINE_answer_0000	You read his talent perfectly.\n%s trusts you more and is fired up!
COM_GROUNDFINE_answer_0001	%s is full of confidence.\nHis play will sharpen further.
COM_GROUNDFINE_answer_0002	%s wants to repay you\nand will aim even higher.
COM_GROUNDFINE_answer_0003	You showed him what he lacked,\nand %s is raring to go.
COM_GROUNDFINE_answer_0004	He's not sure it suits him,\nbut he understands what you want.
COM_GROUNDFINE_answer_0005	It isn't his strength,\nbut he'll work hard to meet your hopes.
SYS_COMP_competitiontype_0001	(with PK)
SYS_COMP_competitiontype_0002	(no PK)
SYS_COMP_competitiontype_0003	Tournament
SYS_COMP_competitiontype_0004	H&A Tournament
SYS_COMP_competitiontype_0005	League
SYS_COMP_competitiontype_0006	League & Tournament
SYS_COMP_competitiontype_0007	League & Title Match
SYS_COMP_competitiontype_0009	Exhibition Match %s
SYS_COMP_ragulation_0001	Regulation: FREE
SYS_COMP_ragulation_0002	Regulation: U-5R (5 or fewer rare cards)
SYS_COMP_ragulation_0003	Regulation: U-5 (5 or fewer rare & special cards)
SYS_COMP_ragulation_0004	Regulation: REGULAR (regular cards only)
SYS_COMP_ragulation_0005	Regulation: total points %d or less
SYS_COMP_continue_0001	Withdraw from the tournament?
SYS_COMP_continue_0004	Wait until all matches end.
INF_060_title_0000	$p[16]$t[0:1]★★★$t$p  JAPAN CHAMPION  $p[16]$t[0:1]★★★$t$p
INF_060_message_0000	You're the $c[FF6347FF]JAPAN WINNER'S CHAMPIONSHIP champion$c!\nCongratulations!\n
INF_060_message_0001	Your fame is now spreading worldwide.\nKeep fighting as befits Japan's No.1.
INF_DEFENDING_message_0000	Our club is the %s CHAMPIONSHIP\n$c[FF6347FF]defending champion$c.
INF_DEFENDING_message_0001	Based on your number of title defences,\nthe sponsor pays a $c[FF6347FF]win bonus$c.
INF_DEFENDING_contents_0000	%s CHAMPIONSHIP
INF_DEFENDING_contents_0001	Defences:
INF_DEFENDING_contents_0003	Win Bonus:
INF_DEFENDING_contents_0004	$%d million
INF_DEFENDING_contents_0006	Prize Total:
INF_DEFENDING_contents_0007	$%d million
INF_RESULT_message_0000	$c[FF6347FF]World Trophy$c\nwon! Congratulations!
INF_RESULT_message_0001	As $c[FF6347FF]class No.1 manager$c at last,\nyou've made history!
INF_RESULT_message_0002	Your World Trophy results.
INF_RESULT_message_0003	World Trophy No.%d  Class %d  Result: %s
INF_RESULT_message_0006	1st Round Lost
INF_RESULT_message_0007	2nd Round Lost
INF_RESULT_message_0008	3rd Round Lost
INF_RESULT_message_0009	4th Round Lost
INF_RESULT_message_0010	5th Round Lost
INF_RESULT_message_0015	1st Round
INF_RESULT_message_0016	2nd Round
INF_RESULT_message_0017	3rd Round
INF_RESULT_message_0018	4th Round
INF_RESULT_message_0019	5th Round
GAM_WT_result_0001	No.%d
GAM_WT_result_0002	Win Bonus:
GAM_WT_result_0003	Goal Diff Bonus:
GAM_WT_result_0004	Squad Bonus:
GAM_WT_result_0005	Rating:
GAM_WT_result_0006	Title Bonus:
GAM_WT_result_0007	Total Rating:
GAM_WT_result_0008	3rd Last
GAM_WT_result_0009	2nd Last
GAM_WT_result_0010	Last
GAM_WT_result_0011	Now
GAM_WT_result_0012	WT Points Total
GAM_WT_result_0013	Previous
GAM_WT_result_0014	Entered once the event ends
GAM_WT_result_0015	Entered in this week's ranking
GAM_WT_result_0016	---
GAM_WT_result_0017	Entered in the ranking
GAM_WT_result_0018	Your WT Points entry was updated
COM_IMPOSSIBLE_answer_0000	%s is injured and can't be called.\nCheck on him in the Medical Room.
COM_IMPOSSIBLE_answer_0001	%s is fuming and won't come.\nLeave him be for now.
COM_IMPOSSIBLE_answer_0002	Let's not add pressure before the match.\nNo more Communication for now.
INF_WTAREACHAMP_message_0000	You're World Trophy Ranking $c[FF6347FF]Weekly Area Champion$c!\nCongratulations.
INF_WTAREACHAMP_message_0001	This result is boosting your reputation daily.\nKeep $c[FF6347FF]fighting as befits the Area No.1$c.
SYS_COACH_title_0000	None
SYS_COACH_title_0014	Awakener
SYS_COACH_title_0015	Saviour
SYS_COACH_title_0022	Duke
SYS_COACH_title_0023	Strategist
SYS_COACH_title_0024	Tactician
SYS_COACH_title_0025	Heir
SYS_COACH_title_0026	Confidant
SYS_COACH_title_0027	Mediator
SYS_COACH_title_0028	Assassin
SYS_COACH_title_0029	Maverick
SYS_COACH_title_0030	Golden Boy
SYS_COACH_title_0031	Ambassador
SYS_COACH_title_0033	Flirt
SYS_COACH_title_0034	Trailblazer
SYS_COACH_title_0035	Maestro
SYS_COACH_title_0036	Heavyweight
SYS_COACH_title_0038	Mastermind
SYS_COACH_title_0039	Prince
SYS_COACH_title_0041	General
SYS_COACH_title_0042	Immortal Talent
SYS_COACH_title_0043	Chief of Staff
SYS_COACH_title_0044	Master
SYS_COACH_title_0045	Great Manager
SYS_COACH_title_0046	Sage
SYS_COACH_title_0048	Guardian
SYS_COACH_title_0049	World Champion
SYS_COACH_title_0050	Asian Champion
SYS_COACH_title_0051	Unused
SYS_COACH_title_0052	Unused
SYS_COACH_title_0053	Unused
SYS_COACH_title_0054	Unused
SYS_COACH_title_0055	Unused
SYS_COACH_title_0056	Unused
SYS_COACH_title_0057	Unused
SYS_COACH_title_0058	Unused
SYS_COACH_title_0059	Unused
SYS_COACH_title_0060	Unused
SYS_COACH_title_0061	Unused
SYS_COACH_title_0062	Unused
SYS_COACH_title_0063	Unused
INF_075_title_0000	$p[16]$t[0:1]★★★$t$p  ARCADE MVP  $p[16]$t[0:1]★★★$t$p
INF_075_message_0000	$c[FF6347FF]%s$c was named this week's MVP.\nWith an MVP in our ranks, team morale is up.
INF_SPONSOR_message_0000	Choose a new sponsor from the offers.\nThe new deal starts next match.
INF_SPONSOR_message_0001	%s %s "%s".
INF_SPONSOR_contents_0000	%s (%s)
INF_SPONSOR_contents_0001	Is this OK?
INF_SPONSOR_choices_0000	Offer 1
INF_SPONSOR_choices_0001	Offer 2
INF_SPONSOR_choices_0002	Offer 3
COM_FINEGK_question_0000	%s $c[FF6347FF]starred$c in the last match.\nTo push him higher, what do you expect?
COM_FINEGK_choices_0000	Long passes
COM_FINEGK_choices_0001	1-on-1 saves
COM_FINEGK_choices_0002	Commanding
COM_FINEGK_choices_0003	Aerial
COM_FINEGK_choices_0004	Rushing out
COM_FINEGK_choices_0005	Positioning
COM_FINEMF_question_0000	%s $c[FF6347FF]starred$c in the last match.\nTo push him higher, what do you expect?
COM_FINEMF_choices_0000	Long shots
COM_FINEMF_choices_0001	Defending
COM_FINEMF_choices_0002	Playmaking
COM_FINEMF_choices_0003	Balance
COM_FINEMF_choices_0004	Quick pressing
COM_FINEMF_choices_0005	Stamina
INF_LASTWEEKLY_contents_0000	Last Week
INF_LASTWEEKLY_contents_0001	Japan:
INF_LASTWEEKLY_contents_0003	Area:
INF_LASTWEEKLY_message_0000	Well done in the World Trophy Ranking.\nGood luck next time.
INF_LASTWEEKLY_message_0001	Well done in the Prize Money Ranking.\nGood luck next time.
GAM_REAL_stadium_0000	San Siro
GAM_REAL_stadium_0001	Estadio Santiago Bernabeu
GAM_REAL_stadium_0002	Emirates Stadium
GAM_REAL_stadium_0004	Nissan Stadium
GAM_REAL_stadium_0005	La Bombonera
GAM_REAL_stadium_0006	Estadio do Dragao
GAM_REAL_stadium_0007	Luzhniki Stadium
COM_BAD_question_0000	%s is anxious about his poor results.\nWhat will you suggest?
COM_BAD_choices_0000	Extra team drills
COM_BAD_choices_0001	Solo grind
COM_BAD_choices_0002	Rest
INF_BONUS_message_0001	The bonus has fired up the players.\nHope we can pay another soon.
NET_RANK_area_0000	HOKKAIDO/TOHOKU
NET_RANK_area_0002	TOKYO/KANAGAWA
NET_RANK_prefecture_0063	Test
NET_RANK_prefecture_0064	CHN
NET_RANK_prefecture_0065	TWN
NET_RANK_prefecture_0066	HKG
NET_RANK_prefecture_0067	SGP
NET_RANK_prefecture_0068	Other
MAN_PRIZE_value_0000	$%d million
MAN_PRIZE_value_0001	$%d00
GAM_GAME_score_0000	Manager: CPU
SYS_TEAM_style_0000	Balanced
SYS_TEAM_style_0001	Attack
SYS_TEAM_style_0002	Control
SYS_TEAM_style_0003	Speed
SYS_TEAM_style_0004	Defence
SYS_TEAM_style_0005	Power
SYS_TEAM_style_0006	Tackling
SYS_TEAM_style_0007	Shooting
SYS_TEAM_style_0008	Long Shots
SYS_TEAM_style_0009	Wide Shots
SYS_TEAM_style_0010	Goal Spirit
SYS_TEAM_style_0011	Goal Hunting
SYS_TEAM_style_0012	Line Break
SYS_TEAM_style_0013	Shadow Strike
SYS_TEAM_style_0014	Diagonal Run
SYS_TEAM_style_0015	Wide Run
SYS_TEAM_style_0016	Space Making
SYS_TEAM_style_0017	High Tower
SYS_TEAM_style_0018	First-Time Shots
SYS_TEAM_style_0019	Centre Post
SYS_TEAM_style_0020	Second Post
SYS_TEAM_style_0021	Wide Post
SYS_TEAM_style_0022	Through Balls
SYS_TEAM_style_0023	Long Through Balls
SYS_TEAM_style_0024	Chance Making
SYS_TEAM_style_0025	Flank Chance Making
SYS_TEAM_style_0026	Crossing
SYS_TEAM_style_0027	Early Crosses
SYS_TEAM_style_0028	Pull-Backs
SYS_TEAM_style_0029	Playmaking
SYS_TEAM_style_0030	Wide Playmaking
SYS_TEAM_style_0031	Flank Playmaking
SYS_TEAM_style_0032	Mixed Passing
SYS_TEAM_style_0033	Pass and Move
SYS_TEAM_style_0034	Short Passing
SYS_TEAM_style_0035	One-Touch Passing
SYS_TEAM_style_0036	Safe Passing
SYS_TEAM_style_0037	Triangle Passing
SYS_TEAM_style_0038	Offence Dynamo
SYS_TEAM_style_0039	Flexible Positioning
SYS_TEAM_style_0040	Long Passing
SYS_TEAM_style_0041	Other Side Attack
SYS_TEAM_style_0042	Down the Line
SYS_TEAM_style_0043	Short Counter
SYS_TEAM_style_0044	Long Counter
SYS_TEAM_style_0045	Direct Play
SYS_TEAM_style_0046	Dribbling
SYS_TEAM_style_0047	Power Dribbling
SYS_TEAM_style_0048	Vital Area Dribble
SYS_TEAM_style_0049	Winger Dribble
SYS_TEAM_style_0050	Cut Inside
SYS_TEAM_style_0051	Dribble Build-Up
SYS_TEAM_style_0052	Ball Keeping
SYS_TEAM_style_0053	Power Ball Keeping
SYS_TEAM_style_0054	Attacking Central
SYS_TEAM_style_0055	Overlap
SYS_TEAM_style_0056	Long Overlap
SYS_TEAM_style_0057	Wide Overlap
SYS_TEAM_style_0058	Flank Up and Down
SYS_TEAM_style_0059	Key Player Attack
SYS_TEAM_style_0060	Penalty Area Control
SYS_TEAM_style_0061	Vital Area Control
SYS_TEAM_style_0062	Flank Control
SYS_TEAM_style_0063	Pitch Control
SYS_TEAM_style_0064	Free Role
SYS_TEAM_style_0065	Fantasia
SYS_TEAM_style_0066	Combination Play
SYS_TEAM_style_0067	All-Out Attack
SYS_TEAM_style_0068	Power Play
SYS_TEAM_style_0069	Set Pieces
SYS_TEAM_style_0070	Set Pieces
SYS_TEAM_style_0071	Long Throw-Ins
SYS_TEAM_style_0072	Retreat
SYS_TEAM_style_0073	Defence Spirit
SYS_TEAM_style_0074	Line Control
SYS_TEAM_style_0075	Organised Defence
SYS_TEAM_style_0076	Anti High Tower
SYS_TEAM_style_0077	Interception
SYS_TEAM_style_0078	Covering
SYS_TEAM_style_0079	Wide Covering
SYS_TEAM_style_0080	Flank Covering
SYS_TEAM_style_0081	Sweeper Defence
SYS_TEAM_style_0082	Libero Defence
SYS_TEAM_style_0083	Fore Libero Defence
SYS_TEAM_style_0084	Defence Support
SYS_TEAM_style_0085	Defence Dynamo
SYS_TEAM_style_0086	Balancer Positioning
SYS_TEAM_style_0087	Safety Defence
SYS_TEAM_style_0088	Defensive Central
SYS_TEAM_style_0089	Defensive Flank
SYS_TEAM_style_0090	Man-to-Man Defence
SYS_TEAM_style_0091	Delay Defence
SYS_TEAM_style_0092	Pressing
SYS_TEAM_style_0093	Hard Pressing
SYS_TEAM_style_0094	Vital Area Press
SYS_TEAM_style_0095	Flank Press
SYS_TEAM_style_0096	Chasing
SYS_TEAM_style_0097	Man Mark
SYS_TEAM_style_0098	Hard Mark
SYS_TEAM_style_0099	Penalty Area Block
SYS_TEAM_style_0100	Vital Area Block
SYS_TEAM_style_0101	Flank Block
SYS_TEAM_style_0102	Anti Post Player
SYS_TEAM_style_0103	Anti Speedster
SYS_TEAM_style_0104	Anti Fantasista
SYS_TEAM_style_0105	Anti Combination
SYS_TEAM_style_0106	Power Defence
SYS_TEAM_style_0107	Malicia
SYS_TEAM_style_0108	GK Playmaking
SYS_TEAM_style_0109	GK Long Feed
SYS_TEAM_style_0110	GK Fast Feed
SYS_TEAM_style_0111	Shot Saving
SYS_TEAM_style_0112	Cross Saving
SYS_TEAM_style_0113	Sweeper Keeper
SYS_TEAM_style_0114	PK Saving
SYS_TEAM_style_0115	Advent
SYS_TEAM_style_0116	Mood Making
SYS_TEAM_style_0117	Fighting Spirit
SYS_TEAM_style_0118	For the Team
SYS_TEAM_style_0119	Attacking GK
SYS_TEAM_style_0120	King of Football
SYS_TEAM_style_0121	Skip Midfield
SYS_TEAM_style_0122	Attack-Heavy
SYS_TEAM_style_0123	Defence-Heavy
SYS_TEAM_style_0124	Penalty Guardian
SYS_TEAM_style_0125	Trump Card
SYS_TEAM_style_0126	Atomic Centre
SYS_TEAM_style_0127	Telegnosis
SYS_TEAM_style_0128	Sidewinder
SYS_TEAM_style_0129	Volcan
SYS_TEAM_style_0130	Dynamic Dynamo
SYS_TEAM_style_0131	Jackknife
SYS_TEAM_style_0132	Perfect Balance
SYS_TEAM_style_0133	Homing Cross
SYS_TEAM_style_0134	El Nino
SYS_TEAM_style_0135	Peerless
SYS_TEAM_style_0136	Paranormal
SYS_TEAM_style_0137	Killer Bee
SYS_TEAM_style_0138	Rebound Strike
SYS_TEAM_style_0139	Istinto
SYS_TEAM_style_0140	Killshot
SYS_TEAM_style_0141	Bambino d'Oro
SYS_TEAM_style_0142	Huracan
SYS_TEAM_style_0143	Spin Gear
SYS_TEAM_style_0144	Angel's Left
SYS_TEAM_style_0145	Side Security
SYS_TEAM_style_0146	Wing Wizard
SYS_TEAM_style_0147	Batigol
SYS_TEAM_style_0148	Magnet Catch
SYS_TEAM_style_0149	Rocket Pass
SYS_TEAM_style_0150	Clockwork
SYS_TEAM_style_0151	Centimetre Pass
SYS_TEAM_style_0152	Momentum Rush
SYS_TEAM_style_0153	Winning Post
SYS_TEAM_style_0154	Papinade
SYS_TEAM_style_0155	Image Sync
SYS_TEAM_style_0156	Direct Accel
SYS_TEAM_style_0157	Violino d'Oro
SYS_TEAM_style_0158	Octopus Dribble
SYS_TEAM_style_0159	Light-Speed Dribble
SYS_TEAM_style_0160	Fantastic Dribble
SYS_TEAM_style_0161	Ringhio
SYS_TEAM_style_0162	Full Contact
SYS_TEAM_style_0163	Zorozbone
SYS_TEAM_style_0164	Phantom Dribble
SYS_TEAM_style_0165	Vital Guard
SYS_TEAM_style_0166	Forward Hunter
SYS_TEAM_style_0168	Power Horse
SYS_TEAM_style_0169	Lionheart
SYS_TEAM_style_0170	Goal Imagination
SYS_TEAM_style_0171	Supreme Shine
SYS_TEAM_style_0172	Genesis
SYS_TEAM_style_0173	Immortal Shine
SYS_TEAM_style_0174	Infinite Shine
SYS_TEAM_style_0175	Fairy Dance
SYS_TEAM_style_0176	Corazon
SYS_TEAM_style_0177	Fore Steal
SYS_TEAM_style_0178	Free Gear
SYS_TEAM_style_0179	Free Mission
SYS_TEAM_style_0180	Unpredictable
SYS_TEAM_style_0181	Microscope
SYS_TEAM_style_0182	Lock on the Target
SYS_TEAM_style_0183	Steal Ball Run
SYS_TEAM_style_0184	Ginga
SYS_TEAM_style_0185	Cannon Shot
SYS_TEAM_style_0186	Laser Cannon
SYS_TEAM_style_0187	Random Running
SYS_TEAM_style_0188	Line Authority
SYS_TEAM_style_0189	The Wall
SYS_TEAM_style_0190	Cover Guardian
SYS_TEAM_style_0191	Second Arrow
SYS_TEAM_style_0192	Killer Pass
SYS_TEAM_style_0193	Homing Throw
SYS_TEAM_style_0194	Big Arch
SYS_TEAM_style_0195	Flick Pass
SYS_TEAM_style_0196	Laser Beam
SYS_TEAM_style_0197	Spider Web
SYS_TEAM_style_0198	Wiper Defence
SYS_TEAM_style_0199	Del Piero Zone
SYS_TEAM_style_0200	Wide Blaster
SYS_TEAM_style_0201	Total Football
SYS_TEAM_style_0202	Angel Pass
SYS_TEAM_style_0203	Crazy Box
SYS_TEAM_style_0204	Monster Roar
SYS_TEAM_style_0205	Clutch Goal
SYS_TEAM_style_0206	Quick Trigger
SYS_TEAM_style_0207	Killer Instinct
SYS_TEAM_style_0208	Silent Hunter
SYS_TEAM_style_0209	Serial Hunting
SYS_TEAM_style_0210	Water Break
SYS_TEAM_style_0211	Break Wall
SYS_TEAM_style_0212	Second Break
SYS_TEAM_style_0213	Skywalker
SYS_TEAM_style_0214	Direct Cannon
SYS_TEAM_style_0215	Total Assist
SYS_TEAM_style_0216	Lightning Flash
SYS_TEAM_style_0217	Orbital Axis
SYS_TEAM_style_0218	Circle Vision
SYS_TEAM_style_0219	Perfect Switch
SYS_TEAM_style_0220	Mainmast
SYS_TEAM_style_0221	Holy Arrow
SYS_TEAM_style_0222	Wing Wave
SYS_TEAM_style_0223	Diagonal In
SYS_TEAM_style_0224	Shuttle Loop
SYS_TEAM_style_0225	Run Return
SYS_TEAM_style_0226	Chakram
SYS_TEAM_style_0227	Gift Touch
SYS_TEAM_style_0228	Majestic
SYS_TEAM_style_0229	Impulse
SYS_TEAM_style_0230	Conquest
SYS_TEAM_style_0231	Divine Light
SYS_TEAM_style_0232	Flag of Freedom
SYS_TEAM_style_0233	Cross Staff
SYS_TEAM_style_0234	Infinite Arc
SYS_TEAM_style_0235	Gloriole
SYS_TEAM_style_0236	Lion Guard
SYS_TEAM_style_0237	Gladiator
SYS_TEAM_style_0238	Total Security
SYS_TEAM_style_0239	Albert Dock
SYS_TEAM_style_0240	Spider Net
SYS_TEAM_style_0241	Mind Wall
SYS_TEAM_style_0242	Gauntlet
SYS_TEAM_style_0243	Winning Finish
SYS_TEAM_style_0244	Bensan
SYS_TEAM_style_0245	Mamma Mia
SYS_TEAM_style_0246	Running Soul
SYS_TEAM_style_0247	King Role
SYS_TEAM_style_0248	Emperor
SYS_TEAM_style_0249	Protagonista
SYS_TEAM_style_0250	Twin Towers
SYS_TEAM_style_0251	Resonant Instinct
SYS_TEAM_style_0252	Creative Armada
SYS_TEAM_style_0253	In-Sync Passing
SYS_TEAM_style_0254	Three Lions
SYS_TEAM_style_0255	Double Action
SYS_TEAM_style_0256	Devil's Triangle
SYS_TEAM_style_0257	Double Cutter
SYS_TEAM_style_0258	Silent Bond
SYS_TEAM_style_0259	Blondel's Song
SYS_TEAM_style_0260	Mystic Triangle
SYS_TEAM_style_0261	Devil's Trio
SYS_TEAM_style_0262	Iron Wall
SYS_TEAM_style_0263	Three Musketeers
SYS_TEAM_style_0264	Iron Chain
SYS_TEAM_style_0265	Pincer
SYS_TEAM_style_0266	Barrier Triangle
SYS_TEAM_style_0267	Double Contact
SYS_TEAM_style_0268	Selecao das Quinas
SYS_TEAM_style_0269	Celeste y Blanco
SYS_TEAM_style_0270	Canarinho
SYS_TEAM_style_0272	Champagne Football
SYS_TEAM_style_0273	German Spirit
SYS_TEAM_style_0274	Kick and Rush
SYS_TEAM_style_0276	Yamato Spirit
SYS_TEAM_style_0277	SAMURAI BLUE
SYS_TEAM_style_0278	Sweep Shot
SYS_TEAM_style_0279	Chiquita
SYS_TEAM_style_0280	Infinite Goal Vision
SYS_TEAM_style_0281	Vital Snatcher
SYS_TEAM_style_0282	Beast Path
SYS_TEAM_style_0283	Gravitation
SYS_TEAM_style_0284	Bosphorus Bridge
SYS_TEAM_style_0285	Infinite Axis
SYS_TEAM_style_0286	Angel Wing
SYS_TEAM_style_0287	Muleta
SYS_TEAM_style_0288	Wings of Creation
SYS_TEAM_style_0289	Killer Cross
SYS_TEAM_style_0290	Field General
SYS_TEAM_style_0291	Absolute Vision
SYS_TEAM_style_0292	Spyware
SYS_TEAM_style_0293	Eternal Beacon
SYS_TEAM_style_0294	Malolactic
SYS_TEAM_style_0295	Borderless
SYS_TEAM_style_0296	Chilling Turn
SYS_TEAM_style_0297	Blind Route
SYS_TEAM_style_0298	Petit Velo
SYS_TEAM_style_0299	Innocent World
SYS_TEAM_style_0300	Rodeo Drive
SYS_TEAM_style_0301	Power Screen
SYS_TEAM_style_0302	Resonant Arrow
SYS_TEAM_style_0303	Besieged
SYS_TEAM_style_0304	Pulga Atomica
SYS_TEAM_style_0305	Zone Nemesis
SYS_TEAM_style_0306	Galactic Star
SYS_TEAM_style_0307	Campidoglio
SYS_TEAM_style_0308	Dangerous Game
SYS_TEAM_style_0309	No Huddle
SYS_TEAM_style_0310	Ambitious
SYS_TEAM_style_0311	El Pipe
SYS_TEAM_style_0312	Archmage
SYS_TEAM_style_0313	Firewall
SYS_TEAM_style_0314	Cerberus
SYS_TEAM_style_0315	Backseat Role
SYS_TEAM_style_0316	Front Mission
SYS_TEAM_style_0317	Bulletproof Wall
SYS_TEAM_style_0318	Laughable
SYS_TEAM_style_0319	Physical Monster
SYS_TEAM_style_0320	Perfect Game
SYS_TEAM_style_0321	Pantera
SYS_TEAM_style_0322	Foro Romano
SYS_TEAM_style_0323	Shining Sun
SYS_TEAM_style_0324	Halo of Power
SYS_TEAM_style_0325	Icon
SYS_TEAM_style_0326	Chain Control
SYS_TEAM_style_0327	Dream Line
SYS_TEAM_style_0328	Double Lock
SYS_TEAM_style_0329	Tag Partner
SYS_TEAM_style_0330	Spion Kop
SYS_TEAM_style_0331	Pioneer Knights
SYS_TEAM_style_0332	Two-Way Bond
SYS_TEAM_style_0333	Delta Press
SYS_TEAM_style_0334	Double Impact
SYS_TEAM_style_0335	Iron Curtain
SYS_TEAM_style_0336	Control Triangle
SYS_TEAM_style_0337	St. Mark
SYS_TEAM_style_0338	Black Swan
SYS_TEAM_style_0339	Black Tulip
SYS_TEAM_style_0340	Celeste
SYS_TEAM_style_0341	Blagula
SYS_TEAM_style_0342	Danish Dynamite
SYS_TEAM_style_0343	Rode Duivels
SYS_TEAM_style_0344	Vatreni
SYS_TEAM_style_0345	Child King
SYS_TEAM_style_0346	Charreria
SYS_TEAM_style_0347	Puppet Dance
SYS_TEAM_style_0348	Trafford Yard
SYS_TEAM_style_0349	Crossing Train
SYS_TEAM_style_0350	United Force
SYS_TEAM_style_0351	Illusionista
SYS_TEAM_style_0352	Plato Principal
SYS_TEAM_style_0353	Gold Rush
SYS_TEAM_style_0354	Flying Gun
SYS_TEAM_style_0355	Counter Head
SYS_TEAM_style_0356	Cuckoo Clock
SYS_TEAM_style_0357	Fighting Man
SYS_TEAM_style_0358	Momentum Magic
SYS_TEAM_style_exp_0000	[Balanced]\nA style balanced in attack and defence.
SYS_TEAM_style_exp_0001	[Attack]\nA style strong in attack.
SYS_TEAM_style_exp_0002	[Control]\nA style strong in ball control.
SYS_TEAM_style_exp_0003	[Speed]\nA style strong in speed.
SYS_TEAM_style_exp_0004	[Defence]\nA style strong in defence.
SYS_TEAM_style_exp_0005	[Power]\nA style strong in power.
SYS_TEAM_style_exp_0006	[Tackling]\nA style strong in tackling.
SYS_TEAM_style_exp_0007	[Shooting]\nBoosts the Key Player's shooting.
SYS_TEAM_style_exp_0008	[Long Shots]\nBoosts the Key Player's long shots.
SYS_TEAM_style_exp_0009	[Wide Shots]\nBoosts the Key Player's shooting range.
SYS_TEAM_style_exp_0010	[Goal Spirit]\nBoosts the Key Player's hunger for goals.
SYS_TEAM_style_exp_0011	[Goal Hunting]\nBoosts the Key Player's shooting form.
SYS_TEAM_style_exp_0012	[Line Break]\nAttacks with the Key Player running in behind the defence.
SYS_TEAM_style_exp_0013	[Shadow Strike]\nAttacks with the Key Player making runs from deep.
SYS_TEAM_style_exp_0016	[Space Making]\nBoosts the Key Player's space creation.
SYS_TEAM_style_exp_0017	[High Tower]\nThe whole team attacks with high balls.
SYS_TEAM_style_exp_0018	[First-Time Shots]\nBoosts the Key Player's first-time shots.
SYS_TEAM_style_exp_0019	[Centre Post]\nThe whole team attacks via post play up front.
SYS_TEAM_style_exp_0020	[Second Post]\nThe whole team attacks via second-line post play.
SYS_TEAM_style_exp_0021	[Wide Post]\nThe whole team attacks via wide-ranging post play.
SYS_TEAM_style_exp_0022	[Through Balls]\nThe whole team attacks with through balls.
SYS_TEAM_style_exp_0023	[Long Through Balls]\nThe whole team attacks with long through balls.
SYS_TEAM_style_exp_0024	[Chance Making]\nAttacks with the Key Player creating chances.
SYS_TEAM_style_exp_0025	[Flank Chance Making]\nAttacks with the Key Player creating chances from the flank.
SYS_TEAM_style_exp_0026	[Crossing]\nAttacks with crosses from the Key Player.
SYS_TEAM_style_exp_0027	[Early Crosses]\nAttacks with early crosses from the Key Player.
SYS_TEAM_style_exp_0028	[Pull-Backs]\nAttacks with pull-backs from the Key Player.
SYS_TEAM_style_exp_0029	[Playmaking]\nAttacks with the Key Player as playmaker.
SYS_TEAM_style_exp_0030	[Wide Playmaking]\nAttacks with the Key Player spreading the play wide.
SYS_TEAM_style_exp_0031	[Flank Playmaking]\nAttacks with the Key Player playmaking from the flank.
SYS_TEAM_style_exp_0032	[Mixed Passing]\nThe whole team attacks mixing long and short passes.
SYS_TEAM_style_exp_0033	[Pass and Move]\nThe whole team attacks with players and ball moving.
SYS_TEAM_style_exp_0034	[Short Passing]\nThe whole team attacks with short passes.
SYS_TEAM_style_exp_0035	[One-Touch Passing]\nThe whole team attacks with one-touch passes.
SYS_TEAM_style_exp_0036	[Safe Passing]\nThe whole team attacks with low-risk passes.
SYS_TEAM_style_exp_0037	[Triangle Passing]\nThe whole team moves to open passing lanes in attack.
SYS_TEAM_style_exp_0038	[Offence Dynamo]\nBoosts the Key Player's stamina.
SYS_TEAM_style_exp_0040	[Long Passing]\nThe whole team attacks with long passes.
SYS_TEAM_style_exp_0041	[Other Side Attack]\nAttacks with the Key Player quickly switching play.
SYS_TEAM_style_exp_0042	[Down the Line]\nAttacks with the Key Player's quick forward play.
SYS_TEAM_style_exp_0043	[Short Counter]\nThe whole team attacks fast after winning the ball.
SYS_TEAM_style_exp_0044	[Long Counter]\nThe whole team attacks with FWs waiting to counter.
SYS_TEAM_style_exp_0045	[Direct Play]\nThe whole team takes the shortest route to goal.
SYS_TEAM_style_exp_0046	[Dribbling]\nAttacks with the Key Player's elegant dribbling.
SYS_TEAM_style_exp_0047	[Power Dribbling]\nAttacks with the Key Player's powerful dribbling.
SYS_TEAM_style_exp_0048	[Vital Area Dribble]\nAttacks with the Key Player dribbling into the vital area.
SYS_TEAM_style_exp_0049	[Winger Dribble]\nAttacks with the Key Player dribbling down the flank.
SYS_TEAM_style_exp_0050	[Cut Inside]\nAttacks with the Key Player cutting inside.
SYS_TEAM_style_exp_0051	[Dribble Build-Up]\nAttacks with the Key Player carrying the ball forward.
SYS_TEAM_style_exp_0052	[Ball Keeping]\nBoosts the Key Player's technical ball keeping.
SYS_TEAM_style_exp_0053	[Power Ball Keeping]\nBoosts the Key Player's physical ball keeping.
SYS_TEAM_style_exp_0054	[Attacking Central]\nAttacks with the Key Player bursting through the middle.
SYS_TEAM_style_exp_0055	[Overlap]\nAttacks with the Key Player's overlapping runs.
SYS_TEAM_style_exp_0058	[Flank Up and Down]\nAttacks with the Key Player running up and down the flank.
SYS_TEAM_style_exp_0059	[Key Player Attack]\nThe whole team attacks through the Key Player.
SYS_TEAM_style_exp_0060	[Penalty Area Control]\nAttacks with the Key Player dominating the penalty area.
SYS_TEAM_style_exp_0061	[Vital Area Control]\nAttacks with the Key Player dominating the vital area.
SYS_TEAM_style_exp_0062	[Flank Control]\nAttacks with the Key Player dominating the flanks.
SYS_TEAM_style_exp_0063	[Pitch Control]\nAttacks with the Key Player dominating the whole pitch.
SYS_TEAM_style_exp_0064	[Free Role]\nAttacks with the Key Player playing freely.
SYS_TEAM_style_exp_0065	[Fantasia]\nBoosts the Key Player's creativity.
SYS_TEAM_style_exp_0066	[Combination Play]\nThe whole team attacks with combination play.
SYS_TEAM_style_exp_0067	[All-Out Attack]\nEveryone joins the attack.
SYS_TEAM_style_exp_0068	[Power Play]\nThe whole team uses power play.
SYS_TEAM_style_exp_0069	[Set Pieces]\nBoosts the Key Player's set-piece kicks.
SYS_TEAM_style_exp_0070	[Set Pieces]\nBoosts the Key Player's set-piece kicks.
SYS_TEAM_style_exp_0071	[Long Throw-Ins]\nBoosts the Key Player's long throws.
SYS_TEAM_style_exp_0072	[Retreat]\nThe whole team defends by closing the space behind.
SYS_TEAM_style_exp_0073	[Defence Spirit]\nBoosts the team's will to guard the goal.
SYS_TEAM_style_exp_0074	[Line Control]\nThe whole team defends with line control.
SYS_TEAM_style_exp_0075	[Organised Defence]\nBoosts the team's organised defending.
SYS_TEAM_style_exp_0076	[Anti High Tower]\nThe whole team defends against height.
SYS_TEAM_style_exp_0077	[Interception]\nBoosts the team's eye for interceptions.
SYS_TEAM_style_exp_0078	[Covering]\nBoosts the Key Player's close covering.
SYS_TEAM_style_exp_0079	[Wide Covering]\nBoosts the Key Player's wide-area covering.
SYS_TEAM_style_exp_0080	[Flank Covering]\nBoosts the Key Player's covering on the flanks.
SYS_TEAM_style_exp_0082	[Libero Defence]\nDefends with the Key Player covering and joining attacks.
SYS_TEAM_style_exp_0083	[Fore Libero Defence]\nDefends with the Key Player fore-checking and joining attacks.
SYS_TEAM_style_exp_0084	[Defence Support]\nBoosts the Key Player's defensive support.
SYS_TEAM_style_exp_0085	[Defence Dynamo]\nBoosts the Key Player's stamina.
SYS_TEAM_style_exp_0086	[Balancer Positioning]\nBoosts the Key Player's positioning.
SYS_TEAM_style_exp_0087	[Safety Defence]\nThe whole team defends safety-first.
SYS_TEAM_style_exp_0088	[Defensive Central]\nBoosts the Key Player's defending in the centre.
SYS_TEAM_style_exp_0089	[Defensive Flank]\nBoosts the Key Player's defending on the flanks.
SYS_TEAM_style_exp_0090	[Man-to-Man Defence]\nThe whole team defends by marking opponents.
SYS_TEAM_style_exp_0091	[Delay Defence]\nThe whole team defends by slowing down attacks.
SYS_TEAM_style_exp_0092	[Pressing]\nThe whole team defends by pressing.
SYS_TEAM_style_exp_0093	[Hard Pressing]\nThe whole team defends by pressing in numbers.
SYS_TEAM_style_exp_0094	[Vital Area Press]\nThe whole team defends by pressing in great numbers.
SYS_TEAM_style_exp_0095	[Flank Press]\nThe whole team defends by pressing on the flanks.
SYS_TEAM_style_exp_0096	[Chasing]\nThe Key Player defends from the front.
SYS_TEAM_style_exp_0097	[Man Mark]\nDefends with the Key Player marking an opponent.
SYS_TEAM_style_exp_0098	[Hard Mark]\nDefends with the Key Player marking an opponent all game.
SYS_TEAM_style_exp_0099	[Penalty Area Block]\nThe whole team guards the penalty area at all costs.
SYS_TEAM_style_exp_0100	[Vital Area Block]\nThe whole team guards the vital area at all costs.
SYS_TEAM_style_exp_0101	[Flank Block]\nThe whole team guards the flanks at all costs.
SYS_TEAM_style_exp_0102	[Anti Post Player]\nThe whole team defends against post play.
SYS_TEAM_style_exp_0103	[Anti Speedster]\nThe whole team defends against pace.
SYS_TEAM_style_exp_0104	[Anti Fantasista]\nThe whole team defends against skill.
SYS_TEAM_style_exp_0105	[Anti Combination]\nThe whole team defends against combination play.
SYS_TEAM_style_exp_0106	[Power Defence]\nDefends with the Key Player using physical contact.
SYS_TEAM_style_exp_0107	[Malicia]\nBoosts the Key Player's cunning.
SYS_TEAM_style_exp_0108	[GK Playmaking]\nAttacks with accurate feeds from the Key Player.
SYS_TEAM_style_exp_0109	[GK Long Feed]\nAttacks with long feeds from the Key Player.
SYS_TEAM_style_exp_0110	[GK Fast Feed]\nAttacks with quick feeds from the Key Player.
SYS_TEAM_style_exp_0111	[Shot Saving]\nBoosts the Key Player's shot-stopping.
SYS_TEAM_style_exp_0112	[Cross Saving]\nBoosts the Key Player's handling of crosses.
SYS_TEAM_style_exp_0113	[Sweeper Keeper]\nDefends with the Key Player covering behind the back line.
SYS_TEAM_style_exp_0114	[PK Saving]\nBoosts the Key Player's PK saving.
SYS_TEAM_style_exp_0115	[Advent]\nBoosts the Key Player's overall ability.
SYS_TEAM_style_exp_0116	[Mood Making]\nLifts the whole team's mood.
SYS_TEAM_style_exp_0117	[Fighting Spirit]\nBoosts the team's fighting spirit.
SYS_TEAM_style_exp_0118	[For the Team]\nBoosts the Key Player's dedication to the team.
SYS_TEAM_style_exp_0119	[Attacking GK]\nBoosts the Key Player's urge to attack.
SYS_TEAM_style_exp_0120	[King of Football]\nBoosts the Key Player's overall ability.
SYS_TEAM_style_exp_0121	[Skip Midfield]\nA style with a badly exposed midfield.
SYS_TEAM_style_exp_0122	[Attack-Heavy]\nA style with a badly exposed defence.
SYS_TEAM_style_exp_0123	[Defence-Heavy]\nA style with a toothless attack.
SYS_TEAM_style_exp_0124	[Penalty Guardian]\nBoosts the Key Player's PK saving.
SYS_TEAM_style_exp_0125	[Trump Card]\nAttacks with early crosses from the Key Player.
SYS_TEAM_style_exp_0126	[Atomic Centre]\nAttacks with the Key Player bursting through the middle.
SYS_TEAM_style_exp_0127	[Telegnosis]\nThe whole team defends against skill.
SYS_TEAM_style_exp_0128	[Sidewinder]\nAttacks with the Key Player dribbling down the flank.
SYS_TEAM_style_exp_0129	[Volcan]\nBoosts the team's organised defending.
SYS_TEAM_style_exp_0130	[Dynamic Dynamo]\nBoosts the Key Player's stamina.
SYS_TEAM_style_exp_0131	[Jackknife]\nAttacks with the Key Player cutting inside.
SYS_TEAM_style_exp_0132	[Perfect Balance]\nBoosts the Key Player's overall ability.
SYS_TEAM_style_exp_0133	[Homing Cross]\nAttacks with crosses from the Key Player.
SYS_TEAM_style_exp_0134	[El Nino]\nBoosts the Key Player's overall ability.
SYS_TEAM_style_exp_0135	[Peerless]\nBoosts the Key Player's overall ability.
SYS_TEAM_style_exp_0136	[Paranormal]\nBoosts the Key Player's overall ability.
SYS_TEAM_style_exp_0137	[Killer Bee]\nBoosts the Key Player's hunger for goals.
SYS_TEAM_style_exp_0138	[Rebound Strike]\nBoosts the Key Player's hunger for goals.
SYS_TEAM_style_exp_0139	[Istinto]\nBoosts the Key Player's shooting form.
SYS_TEAM_style_exp_0140	[Killshot]\nBoosts the Key Player's shooting form.
SYS_TEAM_style_exp_0141	[Bambino d'Oro]\nBoosts the Key Player's shooting form.
SYS_TEAM_style_exp_0142	[Huracan]\nAttacks with the Key Player running up and down the flank.
SYS_TEAM_style_exp_0143	[Spin Gear]\nAttacks with the Key Player running up and down the flank.
SYS_TEAM_style_exp_0144	[Angel's Left]\nAttacks with the Key Player dominating the flanks.
SYS_TEAM_style_exp_0145	[Side Security]\nThe whole team guards the flanks at all costs.
SYS_TEAM_style_exp_0146	[Wing Wizard]\nAttacks with the Key Player creating chances from the flank.
SYS_TEAM_style_exp_0147	[Batigol]\nBoosts the Key Player's shooting.
SYS_TEAM_style_exp_0148	[Magnet Catch]\nBoosts the Key Player's shot-stopping.
SYS_TEAM_style_exp_0149	[Rocket Pass]\nThe whole team attacks fast after winning the ball.
SYS_TEAM_style_exp_0150	[Clockwork]\nThe whole team attacks with short passes.
SYS_TEAM_style_exp_0151	[Centimetre Pass]\nThe whole team attacks with short passes.
SYS_TEAM_style_exp_0152	[Momentum Rush]\nEveryone joins the attack.
SYS_TEAM_style_exp_0153	[Winning Post]\nThe whole team attacks via post play up front.
SYS_TEAM_style_exp_0154	[Papinade]\nBoosts the Key Player's first-time shots.
SYS_TEAM_style_exp_0155	[Image Sync]\nThe whole team attacks with one-touch passes.
SYS_TEAM_style_exp_0156	[Direct Accel]\nThe whole team takes the shortest route to goal.
SYS_TEAM_style_exp_0157	[Violino d'Oro]\nAttacks with the Key Player creating chances.
SYS_TEAM_style_exp_0158	[Octopus Dribble]\nAttacks with the Key Player's elegant dribbling.
SYS_TEAM_style_exp_0159	[Light-Speed Dribble]\nAttacks with the Key Player's elegant dribbling.
SYS_TEAM_style_exp_0160	[Fantastic Dribble]\nAttacks with the Key Player's elegant dribbling.
SYS_TEAM_style_exp_0161	[Ringhio]\nThe whole team defends by pressing in numbers.
SYS_TEAM_style_exp_0162	[Full Contact]\nDefends with the Key Player marking an opponent all game.
SYS_TEAM_style_exp_0163	[Zorozbone]\nAttacks with the Key Player dominating the vital area.
SYS_TEAM_style_exp_0164	[Phantom Dribble]\nAttacks with the Key Player dribbling into the vital area.
SYS_TEAM_style_exp_0165	[Vital Guard]\nThe whole team defends by pressing in great numbers.
SYS_TEAM_style_exp_0166	[Forward Hunter]\nThe whole team defends by pressing in great numbers.
SYS_TEAM_style_exp_0167	[Tanks]\nAttacks with the Key Player's powerful dribbling.
SYS_TEAM_style_exp_0168	[Power Horse]\nBoosts the Key Player's physical ball keeping.
SYS_TEAM_style_exp_0169	[Lionheart]\nBoosts the team's fighting spirit.
SYS_TEAM_style_exp_0170	[Goal Imagination]\nBoosts the Key Player's creativity.
SYS_TEAM_style_exp_0171	[Supreme Shine]\nBoosts the Key Player's creativity.
SYS_TEAM_style_exp_0172	[Genesis]\nBoosts the Key Player's creativity.
SYS_TEAM_style_exp_0173	[Immortal Shine]\nBoosts the Key Player's creativity.
SYS_TEAM_style_exp_0174	[Infinite Shine]\nBoosts the Key Player's creativity.
SYS_TEAM_style_exp_0175	[Fairy Dance]\nBoosts the Key Player's creativity.
SYS_TEAM_style_exp_0176	[Corazon]\nBoosts the Key Player's dedication to the team.
SYS_TEAM_style_exp_0177	[Fore Steal]\nDefends with the Key Player fore-checking and joining attacks.
SYS_TEAM_style_exp_0178	[Free Gear]\nAttacks with the Key Player playing freely.
SYS_TEAM_style_exp_0179	[Free Mission]\nAttacks with the Key Player playing freely.
SYS_TEAM_style_exp_0180	[Unpredictable]\nAttacks with the Key Player playing freely.
SYS_TEAM_style_exp_0181	[Microscope]\nBoosts the Key Player's set-piece kicks.
SYS_TEAM_style_exp_0182	[Lock on the Target]\nBoosts the Key Player's set-piece kicks.
SYS_TEAM_style_exp_0183	[Steal Ball Run]\nThe whole team defends by pressing.
SYS_TEAM_style_exp_0184	[Ginga]\nBoosts the Key Player's technical ball keeping.
SYS_TEAM_style_exp_0185	[Cannon Shot]\nBoosts the Key Player's long shots.
SYS_TEAM_style_exp_0186	[Laser Cannon]\nBoosts the Key Player's long shots.
SYS_TEAM_style_exp_0187	[Random Running]\nThe whole team attacks with players and ball moving.
SYS_TEAM_style_exp_0188	[Line Authority]\nThe whole team defends with line control.
SYS_TEAM_style_exp_0189	[The Wall]\nThe whole team defends by closing the space behind.
SYS_TEAM_style_exp_0190	[Cover Guardian]\nDefends with the Key Player covering behind the back line.
SYS_TEAM_style_exp_0191	[Second Arrow]\nThe whole team attacks with FWs waiting to counter.
SYS_TEAM_style_exp_0192	[Killer Pass]\nThe whole team attacks with long through balls.
SYS_TEAM_style_exp_0193	[Homing Throw]\nBoosts the Key Player's long throws.
SYS_TEAM_style_exp_0194	[Big Arch]\nThe whole team attacks with long passes.
SYS_TEAM_style_exp_0195	[Flick Pass]\nThe whole team attacks with long passes.
SYS_TEAM_style_exp_0196	[Laser Beam]\nThe whole team attacks with long passes.
SYS_TEAM_style_exp_0197	[Spider Web]\nBoosts the Key Player's wide-area covering.
SYS_TEAM_style_exp_0198	[Wiper Defence]\nBoosts the Key Player's wide-area covering.
SYS_TEAM_style_exp_0199	[Del Piero Zone]\nBoosts the Key Player's shooting range.
SYS_TEAM_style_exp_0200	[Wide Blaster]\nBoosts the Key Player's shooting range.
SYS_TEAM_style_exp_0201	[Total Football]\nThe whole team attacks with players and ball moving.
SYS_TEAM_style_exp_0204	[Monster Roar]\nBoosts the Key Player's shooting.
SYS_TEAM_style_exp_0205	[Clutch Goal]\nBoosts the Key Player's overall ability.
SYS_TEAM_style_exp_0206	[Quick Trigger]\nBoosts the Key Player's shooting.
SYS_TEAM_style_exp_0207	[Killer Instinct]\nBoosts the Key Player's hunger for goals.
SYS_TEAM_style_exp_0208	[Silent Hunter]\nBoosts the Key Player's shooting form.
SYS_TEAM_style_exp_0209	[Serial Hunting]\nBoosts the Key Player's shooting form.
SYS_TEAM_style_exp_0210	[Water Break]\nAttacks with the Key Player running in behind the defence.
SYS_TEAM_style_exp_0211	[Break Wall]\nAttacks with the Key Player running in behind the defence.
SYS_TEAM_style_exp_0212	[Second Break]\nAttacks with the Key Player making runs from deep.
SYS_TEAM_style_exp_0213	[Skywalker]\nThe whole team attacks with high balls.
SYS_TEAM_style_exp_0214	[Direct Cannon]\nBoosts the Key Player's first-time shots.
SYS_TEAM_style_exp_0215	[Total Assist]\nThe whole team attacks via wide-ranging post play.
SYS_TEAM_style_exp_0216	[Lightning Flash]\nThe whole team attacks with long through balls.
SYS_TEAM_style_exp_0217	[Orbital Axis]\nAttacks with the Key Player spreading the play wide.
SYS_TEAM_style_exp_0218	[Circle Vision]\nAttacks with the Key Player spreading the play wide.
SYS_TEAM_style_exp_0219	[Perfect Switch]\nThe whole team attacks with players and ball moving.
SYS_TEAM_style_exp_0220	[Mainmast]\nThe whole team attacks with low-risk passes.
SYS_TEAM_style_exp_0221	[Holy Arrow]\nAttacks with the Key Player's quick forward play.
SYS_TEAM_style_exp_0222	[Wing Wave]\nAttacks with the Key Player cutting inside.
SYS_TEAM_style_exp_0223	[Diagonal In]\nAttacks with the Key Player cutting inside.
SYS_TEAM_style_exp_0224	[Shuttle Loop]\nAttacks with the Key Player running up and down the flank.
SYS_TEAM_style_exp_0225	[Run Return]\nAttacks with the Key Player running up and down the flank.
SYS_TEAM_style_exp_0226	[Chakram]\nThe whole team attacks through the Key Player.
SYS_TEAM_style_exp_0227	[Gift Touch]\nThe whole team attacks through the Key Player.
SYS_TEAM_style_exp_0228	[Majestic]\nAttacks with the Key Player dominating the penalty area.
SYS_TEAM_style_exp_0229	[Impulse]\nAttacks with the Key Player dominating the penalty area.
SYS_TEAM_style_exp_0230	[Conquest]\nAttacks with the Key Player dominating the vital area.
SYS_TEAM_style_exp_0231	[Divine Light]\nAttacks with the Key Player dominating the whole pitch.
SYS_TEAM_style_exp_0232	[Flag of Freedom]\nAttacks with the Key Player playing freely.
SYS_TEAM_style_exp_0234	[Infinite Arc]\nBoosts the Key Player's set-piece kicks.
SYS_TEAM_style_exp_0235	[Gloriole]\nBoosts the team's organised defending.
SYS_TEAM_style_exp_0236	[Lion Guard]\nBoosts the team's organised defending.
SYS_TEAM_style_exp_0237	[Gladiator]\nBoosts the Key Player's stamina.
SYS_TEAM_style_exp_0238	[Total Security]\nThe whole team defends safety-first.
SYS_TEAM_style_exp_0239	[Albert Dock]\nThe whole team guards the vital area at all costs.
SYS_TEAM_style_exp_0240	[Spider Net]\nBoosts the Key Player's shot-stopping.
SYS_TEAM_style_exp_0241	[Mind Wall]\nBoosts the Key Player's shot-stopping.
SYS_TEAM_style_exp_0242	[Gauntlet]\nBoosts the Key Player's handling of crosses.
SYS_TEAM_style_exp_0243	[Winning Finish]\nBoosts the Key Player's overall ability.
SYS_TEAM_style_exp_0244	[Bensan]\nBoosts the Key Player's overall ability.
SYS_TEAM_style_exp_0245	[Mamma Mia]\nBoosts the Key Player's overall ability.
SYS_TEAM_style_exp_0246	[Running Soul]\nBoosts the Key Player's dedication to the team.
SYS_TEAM_style_exp_0247	[King Role]\nBoosts the Key Player's overall ability.
SYS_TEAM_style_exp_0248	[Emperor]\nBoosts the Key Player's overall ability.
SYS_TEAM_style_exp_0249	[Protagonista]\nBoosts the Key Player's overall ability.
SYS_TEAM_style_exp_0250	[Twin Towers]\nThe whole team attacks with high balls.
SYS_TEAM_style_exp_0251	[Resonant Instinct]\nThe whole team attacks via wide-ranging post play.
SYS_TEAM_style_exp_0252	[Creative Armada]\nThe whole team attacks mixing long and short passes.
SYS_TEAM_style_exp_0253	[In-Sync Passing]\nThe whole team moves to open passing lanes in attack.
SYS_TEAM_style_exp_0254	[Three Lions]\nAttacks with the Key Player dominating the whole pitch.
SYS_TEAM_style_exp_0255	[Double Action]\nThe whole team attacks with combination play.
SYS_TEAM_style_exp_0256	[Devil's Triangle]\nThe whole team defends by pressing in great numbers.
SYS_TEAM_style_exp_0257	[Double Cutter]\nThe whole team defends against combination play.
SYS_TEAM_style_exp_0258	[Silent Bond]\nThe whole team attacks with combination play.
SYS_TEAM_style_exp_0259	[Blondel's Song]\nThe whole team attacks with combination play.
SYS_TEAM_style_exp_0260	[Mystic Triangle]\nThe whole team attacks with combination play.
SYS_TEAM_style_exp_0261	[Devil's Trio]\nThe whole team attacks with combination play.
SYS_TEAM_style_exp_0262	[Iron Wall]\nThe whole team defends against combination play.
SYS_TEAM_style_exp_0263	[Three Musketeers]\nThe whole team defends against combination play.
SYS_TEAM_style_exp_0264	[Iron Chain]\nThe whole team defends against combination play.
SYS_TEAM_style_exp_0265	[Pincer]\nThe whole team defends against combination play.
SYS_TEAM_style_exp_0266	[Barrier Triangle]\nThe whole team defends against combination play.
SYS_TEAM_style_exp_0267	[Double Contact]\nThe whole team defends against combination play.
SYS_TEAM_style_exp_0268	[Selecao das Quinas]\nThe whole team attacks with combination play.
SYS_TEAM_style_exp_0269	[Celeste y Blanco]\nThe whole team attacks mixing long and short passes.
SYS_TEAM_style_exp_0270	[Canarinho]\nThe whole team attacks with short passes.
SYS_TEAM_style_exp_0271	[Catenaccio]\nThe whole team defends safety-first.
SYS_TEAM_style_exp_0272	[Champagne Football]\nThe whole team attacks with one-touch passes.
SYS_TEAM_style_exp_0273	[German Spirit]\nBoosts the Key Player's hunger for goals.
SYS_TEAM_style_exp_0274	[Kick and Rush]\nThe whole team attacks with long passes.
SYS_TEAM_style_exp_0275	[Armada]\nThe whole team moves to open passing lanes in attack.
SYS_TEAM_style_exp_0276	[Yamato Spirit]\nThe whole team moves to open passing lanes in attack.
SYS_TEAM_style_exp_0277	[SAMURAI BLUE]\nThe whole team moves to open passing lanes in attack.
SYS_TEAM_style_exp_0278	[Sweep Shot]\nBoosts the Key Player's shooting.
SYS_TEAM_style_exp_0279	[Chiquita]\nBoosts the Key Player's shooting.
SYS_TEAM_style_exp_0280	[Infinite Goal Vision]\nBoosts the Key Player's shooting form.
SYS_TEAM_style_exp_0281	[Vital Snatcher]\nAttacks with the Key Player making runs from deep.
SYS_TEAM_style_exp_0282	[Beast Path]\nBoosts the Key Player's space creation.
SYS_TEAM_style_exp_0283	[Gravitation]\nBoosts the Key Player's space creation.
SYS_TEAM_style_exp_0284	[Bosphorus Bridge]\nThe whole team attacks with long through balls.
SYS_TEAM_style_exp_0285	[Infinite Axis]\nAttacks with the Key Player creating chances.
SYS_TEAM_style_exp_0286	[Angel Wing]\nAttacks with the Key Player creating chances from the flank.
SYS_TEAM_style_exp_0287	[Muleta]\nAttacks with the Key Player creating chances from the flank.
SYS_TEAM_style_exp_0288	[Wings of Creation]\nAttacks with the Key Player creating chances from the flank.
SYS_TEAM_style_exp_0289	[Killer Cross]\nAttacks with crosses from the Key Player.
SYS_TEAM_style_exp_0290	[Field General]\nAttacks with the Key Player as playmaker.
SYS_TEAM_style_exp_0291	[Absolute Vision]\nAttacks with the Key Player spreading the play wide.
SYS_TEAM_style_exp_0292	[Spyware]\nThe whole team attacks with one-touch passes.
SYS_TEAM_style_exp_0293	[Eternal Beacon]\nThe whole team attacks with low-risk passes.
SYS_TEAM_style_exp_0294	[Malolactic]\nThe whole team attacks mixing long and short passes.
SYS_TEAM_style_exp_0295	[Borderless]\nThe whole team takes the shortest route to goal.
SYS_TEAM_style_exp_0296	[Chilling Turn]\nAttacks with the Key Player's elegant dribbling.
SYS_TEAM_style_exp_0297	[Blind Route]\nAttacks with the Key Player dribbling into the vital area.
SYS_TEAM_style_exp_0298	[Petit Velo]\nAttacks with the Key Player dribbling into the vital area.
SYS_TEAM_style_exp_0299	[Innocent World]\nAttacks with the Key Player carrying the ball forward.
SYS_TEAM_style_exp_0300	[Rodeo Drive]\nAttacks with the Key Player cutting inside.
SYS_TEAM_style_exp_0301	[Power Screen]\nBoosts the Key Player's physical ball keeping.
SYS_TEAM_style_exp_0302	[Resonant Arrow]\nAttacks with the Key Player bursting through the middle.
SYS_TEAM_style_exp_0303	[Besieged]\nThe whole team attacks through the Key Player.
SYS_TEAM_style_exp_0304	[Pulga Atomica]\nAttacks with the Key Player dominating the penalty area.
SYS_TEAM_style_exp_0305	[Zone Nemesis]\nAttacks with the Key Player dominating the vital area.
SYS_TEAM_style_exp_0306	[Galactic Star]\nAttacks with the Key Player dominating the whole pitch.
SYS_TEAM_style_exp_0307	[Campidoglio]\nAttacks with the Key Player dominating the whole pitch.
SYS_TEAM_style_exp_0308	[Dangerous Game]\nAttacks with the Key Player playing freely.
SYS_TEAM_style_exp_0309	[No Huddle]\nAttacks with the Key Player playing freely.
SYS_TEAM_style_exp_0310	[Ambitious]\nAttacks with the Key Player playing freely.
SYS_TEAM_style_exp_0311	[El Pipe]\nAttacks with the Key Player playing freely.
SYS_TEAM_style_exp_0312	[Archmage]\nBoosts the Key Player's creativity.
SYS_TEAM_style_exp_0313	[Firewall]\nDefends with the Key Player covering and joining attacks.
SYS_TEAM_style_exp_0314	[Cerberus]\nThe whole team defends by slowing down attacks.
SYS_TEAM_style_exp_0315	[Backseat Role]\nBoosts the Key Player's defensive support.
SYS_TEAM_style_exp_0316	[Front Mission]\nThe Key Player defends from the front.
SYS_TEAM_style_exp_0317	[Bulletproof Wall]\nThe whole team guards the penalty area at all costs.
SYS_TEAM_style_exp_0318	[Laughable]\nThe whole team defends against skill.
SYS_TEAM_style_exp_0319	[Physical Monster]\nDefends with the Key Player using physical contact.
SYS_TEAM_style_exp_0320	[Perfect Game]\nBoosts the Key Player's cunning.
SYS_TEAM_style_exp_0321	[Pantera]\nBoosts the Key Player's shot-stopping.
SYS_TEAM_style_exp_0322	[Foro Romano]\nBoosts the Key Player's overall ability.
SYS_TEAM_style_exp_0323	[Shining Sun]\nLifts the whole team's mood.
SYS_TEAM_style_exp_0324	[Halo of Power]\nBoosts the Key Player's dedication to the team.
SYS_TEAM_style_exp_0325	[Icon]\nBoosts the Key Player's dedication to the team.
SYS_TEAM_style_exp_0326	[Chain Control]\nThe whole team defends with line control.
SYS_TEAM_style_exp_0327	[Dream Line]\nThe whole team attacks with combination play.
SYS_TEAM_style_exp_0328	[Double Lock]\nThe whole team guards the vital area at all costs.
SYS_TEAM_style_exp_0329	[Tag Partner]\nDefends with the Key Player using physical contact.
SYS_TEAM_style_exp_0330	[Spion Kop]\nBoosts the team's fighting spirit.
SYS_TEAM_style_exp_0331	[Pioneer Knights]\nThe whole team attacks with combination play.
SYS_TEAM_style_exp_0332	[Two-Way Bond]\nBoosts the Key Player's positioning.
SYS_TEAM_style_exp_0333	[Delta Press]\nBoosts the Key Player's stamina.
SYS_TEAM_style_exp_0334	[Double Impact]\nAttacks with the Key Player running in behind the defence.
SYS_TEAM_style_exp_0335	[Iron Curtain]\nThe whole team defends with line control.
SYS_TEAM_style_exp_0336	[Control Triangle]\nThe whole team moves to open passing lanes in attack.
SYS_TEAM_style_exp_0337	[St. Mark]\nBoosts the Key Player's shooting form.
SYS_TEAM_style_exp_0338	[Black Swan]\nBoosts the Key Player's stamina.
SYS_TEAM_style_exp_0339	[Black Tulip]\nAttacks with the Key Player playing freely.
SYS_TEAM_style_exp_0340	[Celeste]\nThe whole team attacks with FWs waiting to counter.
SYS_TEAM_style_exp_0341	[Blagula]\nBoosts the Key Player's physical ball keeping.
SYS_TEAM_style_exp_0342	[Danish Dynamite]\nThe whole team attacks with players and ball moving.
SYS_TEAM_style_exp_0343	[Rode Duivels]\nThe whole team attacks with combination play.
SYS_TEAM_style_exp_0344	[Vatreni]\nThe whole team attacks with combination play.
SYS_TEAM_style_exp_0345	[Child King]\nBoosts the Key Player's overall ability.
SYS_TEAM_style_exp_0346	[Charreria]\nAttacks with the Key Player dominating the penalty area.
SYS_TEAM_style_exp_0347	[Puppet Dance]\nBoosts the Key Player's creativity.
SYS_TEAM_style_exp_0348	[Trafford Yard]\nBoosts the Key Player's handling of crosses.
SYS_TEAM_style_exp_0349	[Crossing Train]\nAttacks with the Key Player cutting inside.
SYS_TEAM_style_exp_0350	[United Force]\nThe whole team attacks fast after winning the ball.
SYS_TEAM_style_exp_0351	[Illusionista]\nBoosts the Key Player's creativity.
SYS_TEAM_style_exp_0352	[Plato Principal]\nBoosts the Key Player's shooting.
SYS_TEAM_style_exp_0353	[Gold Rush]\nBoosts the Key Player's overall ability.
SYS_TEAM_style_exp_0354	[Flying Gun]\nBoosts the Key Player's first-time shots.
SYS_TEAM_style_exp_0355	[Counter Head]\nThe whole team takes the shortest route to goal.
SYS_TEAM_style_exp_0356	[Cuckoo Clock]\nAttacks with the Key Player creating chances.
SYS_TEAM_style_exp_0357	[Fighting Man]\nBoosts the Key Player's hunger for goals.
SYS_TEAM_style_exp_0358	[Momentum Magic]\nThe whole team attacks through the Key Player.
SYS_TEAM_style_exp_end_0000	Team entry closes soon.
COM_STAMINA_question_0000	%s is getting a little tired.\nWhat will you do?
COM_STAMINA_question_0001	%s doesn't seem to be well.\nWhat will you do?
COM_STAMINA_question_0002	%s seems completely out of sorts.\nA specialist should see him. Who will you call?
COM_STAMINA_question_0003	%s has just joined the team.\nWhat will you advise to keep him in shape?
COM_STAMINA_question_0004	%s seems to be in good shape.\nAnything to help prevent injury?
COM_STAMINA_question_0006	%s is getting a little tired.\nWhat will you do?
COM_STAMINA_question_0007	%s seems completely out of sorts.\nA specialist should see him. Who will you call?
COM_STAMINA_question_0008	%s seems to be in good shape.\nAnything to help prevent injury?
COM_STAMINA_choices_0004	See the doctor
COM_STAMINA_choices_0005	Tell a joke
COM_STAMINA_choices_0006	Counsellor
COM_STAMINA_choices_0007	Doctor
COM_STAMINA_choices_0008	Hypnotist
COM_STAMINA_choices_0009	Post-drill massage
COM_STAMINA_choices_0010	Post-match cool-down
COM_STAMINA_choices_0011	Short naps
COM_STAMINA_choices_0012	Stretching
COM_STAMINA_choices_0013	Massage
COM_STAMINA_choices_0014	Up to him
COM_STAMINA_choices_0018	Improve his diet
COM_STAMINA_choices_0019	Try a half-bath
COM_STAMINA_choices_0020	Keep early hours
COM_STAMINA_choices_0021	Psychologist
COM_STAMINA_choices_0022	Psychiatrist
COM_STAMINA_choices_0023	Star hypnotist
COM_STAMINA_choices_0024	Warm-up
COM_STAMINA_choices_0025	Taping
COM_STAMINA_choices_0026	Cool-down
COM_STAMINA_answer_0000	%s is annoyed at being called so often.\nHe left without listening to you.
COM_STAMINA_answer_0004	Did he really need scolding?\nScolding alone solves nothing.
COM_STAMINA_answer_0006	Just watching won't change anything.
COM_STAMINA_answer_0007	I'll let him rest until kick-off.
COM_STAMINA_answer_0010	He doesn't want to see a doctor.
COM_STAMINA_answer_0011	Was he mentally worn down?\nIt lifted him a bit.
COM_STAMINA_answer_0013	The counselling has eased his mind.\nHe feels much fresher now.
COM_STAMINA_answer_0014	It's not a mental issue.\nHis body may need care instead.
COM_STAMINA_answer_0015	Good treatment got him back to normal.\nHe should be fine to play now.
COM_STAMINA_answer_0016	It was worse than we thought.\nWe should keep an eye on him.
COM_STAMINA_answer_0017	The hypnosis worked a treat.\nHe's bursting with energy.
COM_STAMINA_answer_0018	I know you want a miracle...\nbut he needs proper treatment.
COM_STAMINA_answer_0019	He likes the club's facilities.\nHe should settle in well here.
COM_STAMINA_answer_0020	The facilities weren't what he hoped.\nHe looks uneasy about his new club.
COM_STAMINA_answer_0021	He knows you're counting on him in matches.\nHe should settle in well here.
COM_STAMINA_answer_0022	He didn't know how to cool down.\nHe looks uneasy about his new club.
COM_STAMINA_answer_0023	He sees that the mind needs rest too.\nHe should settle in well here.
COM_STAMINA_answer_0024	You can't just nap because you're told to.\nHe looks uneasy about his new club.
COM_STAMINA_answer_0025	Stretching helps prevent injury.\nHe's fired up for the next match.
COM_STAMINA_answer_0026	Overstretching left him feeling sore.\nHe now doubts your coaching methods.
COM_STAMINA_answer_0027	Massage helps prevent injury.\nHe's fired up for the next match.
COM_STAMINA_answer_0028	The massage didn't suit him.\nHe now doubts your coaching methods.
COM_STAMINA_answer_0029	He'd have hated being forced into it.\nTrusted to do it his way, he's motivated.
COM_STAMINA_answer_0030	He doesn't see why you called him.\nHe's lost some trust in you.
COM_STAMINA_answer_0032	He wants his private life left alone.\nYou've upset him a little.
COM_STAMINA_answer_0037	He had his own routine in mind.\nYour meddling annoyed him.
COM_STAMINA_answer_0038	He was resting up for the match.\nBeing called in has put him in a bad mood.
COM_STAMINA_answer_0039	A better diet taught him the basics of self-care.\nIt should aid his recovery too.
COM_STAMINA_answer_0040	He isn't keen on changing his diet.\nHe didn't want to change his routine.
COM_STAMINA_answer_0041	He likes half-baths, easy to do at home.\nThat'll ease his daily fatigue.
COM_STAMINA_answer_0042	He didn't want advice on how to bathe.\nHe has his own way to relax in the bath.
COM_STAMINA_answer_0043	Sleep is key to recovery.\nRefresh body and mind for the next match.
COM_STAMINA_answer_0044	He was getting enough sleep.\nHis fatigue had another cause.
COM_STAMINA_answer_0045	A famous psychologist indeed.\nHe read the player's mind and eased it.
COM_STAMINA_answer_0046	It's not a mental issue.\nHis body may need care instead.
COM_STAMINA_answer_0047	A renowned psychiatrist indeed.\nPrecise treatment got him back to normal.
COM_STAMINA_answer_0048	It was worse than we thought.\nWe should keep an eye on him.
COM_STAMINA_answer_0049	A star hypnotist indeed.\nHis suggestions restored the player's drive.
COM_STAMINA_answer_0050	I know you want a miracle...\nbut he needs proper treatment.
COM_STAMINA_answer_0051	It reminded him why warming up matters.\nBack to basics, he's fired up again.
COM_STAMINA_answer_0052	Such obvious advice annoyed him.\nIt has dampened his spirits a bit.
COM_STAMINA_answer_0053	Solid taping has eased his injury worries.\nExpect him to play boldly next match.
COM_STAMINA_answer_0054	The taping didn't feel quite right.\nIt needs to be redone.
COM_STAMINA_answer_0055	A cool-down helps keep injuries away.\nIt refreshes the mind too.
COM_STAMINA_answer_0056	He already knew all about cooling down.\nHearing it again irritated him a little.
GAM_CHALLENGE_message_0000	Always taking on challenges has made a star.\n$c[FF6347FF]Limitless talent$c may soon bloom.
GAM_CHALLENGE_message_0001	Striving higher has lifted the team to a new level.\nCreative play hints at the $c[FF6347FF]birth of a new style$c.
GAM_CHALLENGE_message_0002	With our teamwork, we have nothing to fear.\nA dazzling $c[FF6347FF]golden pair$c looks set to emerge.
GAM_CHALLENGE_message_0003	Beating a top side has the players full of belief.\n$c[FF6347FF]Some have improved more than expected$c.
GAM_CHALLENGE_message_0004	With strong will, we beat a tough challenge.\nPlayers' skills have $c[FF6347FF]clearly risen$c.
GAM_CHALLENGE_message_0005	We managed to beat a top team.\nSome players $c[FF6347FF]gained a lot of experience$c here.
GAM_CHALLENGE_message_0006	A draw, but we went beyond our limits.\nHaving a clear aim, $c[FF6347FF]the players improved$c.
GAM_CHALLENGE_message_0007	A draw, but we gained more than a result.\nIt was a $c[FF6347FF]good experience$c for the team.
GAM_CHALLENGE_message_0008	Drawing with a team like that is a feat.\nThey're tired, but $c[FF6347FF]learned a lot$c.
GAM_CHALLENGE_message_0009	We lost, but we dared to challenge.\nThis will surely $c[FF6347FF]help the team grow$c.
GAM_CHALLENGE_message_0010	A defeat born of ambition.\nThe challenge $c[FF6347FF]made us stronger$c.
GAM_CHALLENGE_message_0011	Beating a top side has the players full of belief.\nThe Key Player $c[FF6347FF]united the team's vision$c.
GAM_CHALLENGE_message_0012	With strong will, we beat a tough challenge.\n$c[FF6347FF]Active communication$c is paying off.
GAM_CHALLENGE_message_0013	We managed to beat a top team.\nI sense $c[FF6347FF]firm belief$c in the players now.
GAM_CHALLENGE_message_0014	A draw, but we went beyond our limits.\nOur style of play has $c[FF6347FF]grown further$c too.
GAM_CHALLENGE_message_0015	A draw, but we gained more than a result.\nSome things come $c[FF6347FF]only from facing top teams$c.
GAM_CHALLENGE_message_0016	Drawing with a team like that is a feat.\nWe gained $c[FF6347FF]far more$c than we lost in fatigue.
GAM_CHALLENGE_message_0017	We lost, but we dared to challenge.\nSome players found a $c[FF6347FF]new style of play$c here.
GAM_CHALLENGE_message_0018	A defeat born of ambition.\nThis pain $c[FF6347FF]will surely pay off$c later.
GAM_CHALLENGE_message_0019	Beating a top side has the players full of belief.\nThe team has $c[FF6347FF]a unity like never before$c.
GAM_CHALLENGE_message_0020	With strong will, we beat a tough challenge.\nTeam partnerships $c[FF6347FF]will soar higher$c.
GAM_CHALLENGE_message_0021	We managed to beat a top team.\nThis win may bring $c[FF6347FF]elite partnerships$c.
GAM_CHALLENGE_message_0022	A draw, but we went beyond our limits.\nMatch play is boosting $c[FF6347FF]team partnerships$c.
GAM_CHALLENGE_message_0023	A draw, but we gained more than a result.\nPost-match, they're $c[FF6347FF]going over partnerships$c.
GAM_CHALLENGE_message_0024	Drawing with a team like that is a feat.\nBattling a top team has deepened their $c[FF6347FF]bond$c.
GAM_CHALLENGE_message_0025	We lost, but we dared to challenge.\nEven in defeat, $c[FF6347FF]great partnerships$c shone.
GAM_CHALLENGE_message_0026	A defeat born of ambition.\nThey learned $c[FF6347FF]the value of teamwork$c.
GAM_CHALLENGE_message_0027	A precious win over a strong side.
GAM_CHALLENGE_message_0028	Not a satisfying result, but we managed a draw.
GAM_CHALLENGE_message_0029	A bitter result, but the fire still burns.
INF_SPO_offer_0000	With our club on the rise,\na $c[FF6347FF]new sponsor$c has signed on.
INF_SPO_offer_0001	We let our sponsor down, and now\nour $c[FF6347FF]sponsor has been replaced$c.
INF_SPO_offer_0002	After our run of poor results,\nour $c[FF6347FF]sponsor has pulled out$c.
INF_SPO_offer_0003	Our club's awesome strength has\nattracted a $c[FF6347FF]worthy sponsor$c.
INF_SPO_offer_0004	Our club's worldwide fame has\nattracted a $c[FF6347FF]worthy sponsor$c.
INF_SPO_offer_0005	We keep fighting, and\na $c[FF6347FF]sponsor believes in our future$c.
INF_SPO_offer_0006	After our steady results,\nour $c[FF6347FF]sponsor wants to renew$c.
INF_SPO_offer_0007	Even after our relegation,\na $c[FF6347FF]sponsor still has faith in us$c.
INF_SPO_offer_0008	Ahead of the new season,\n$c[FF6347FF]3 sponsors$c have made us offers.
INF_SPO_offer_0009	Ahead of the new season,\n$c[FF6347FF]2 sponsors$c have made us offers.
INF_SPO_offer_0010	Ahead of the new season,\n$c[FF6347FF]1 sponsor$c has made us an offer.
INF_SPO_secure_0000	We've signed with $c[FF6347FF]%s$c.\nLet's get results $c[FF6347FF]worthy of our sponsor$c.
INF_SPO_secure_0001	We've signed with $c[FF6347FF]%s$c.\nLet's $c[FF6347FF]share their luck$c and grow fast.
INF_SPO_secure_0002	We've signed with $c[FF6347FF]%s$c.\nLet's $c[FF6347FF]live up to their hopes$c.
INF_SPO_secure_0003	We've signed with $c[FF6347FF]%s$c.\nNow our club joins the elite.
INF_SPO_secure_0004	We've signed with $c[FF6347FF]%s$c.\nOur club's finances will surely benefit.
INF_SPO_secure_0005	We've signed with $c[FF6347FF]%s$c.\nI hope we meet the sponsor's hopes.
INF_SPO_secure_0006	We've signed with $c[FF6347FF]%s$c.\nLet's meet our sponsor's hopes this time.
INF_SPO_secure_0007	A local citizens' group is backing us.\nLet's not let them down.
INF_SPO_rank_0000	industry-leading 
INF_SPO_rank_0001	rising 
INF_SPO_rank_0002	famous 
INF_SPO_rank_0005	local 
INF_SPO_category_0009	Sports Company
INF_SPO_category_0010	Oil Company
INF_SPO_name_0076	Dummy
INF_SPO_name_0077	Dummy
INF_SPO_name_0078	Dummy
INF_SPO_name_0079	Dummy
INF_SPO_name_0080	Dummy
INF_SPO_name_0081	Dummy
INF_SPO_name_0082	Dummy
INF_SPO_name_0083	Dummy
INF_SPO_name_0084	Dummy
INF_SPO_name_0085	Dummy
INF_SPO_name_0086	Dummy
INF_SPO_name_0087	Dummy
INF_SPO_name_0088	Dummy
INF_SPO_name_0089	Dummy
INF_SPO_name_0090	Dummy
INF_SPO_name_0091	Dummy
INF_SPO_name_0092	Dummy
INF_SPO_name_0093	Dummy
INF_SPO_name_0094	Dummy
INF_SPO_name_0095	Dummy
INF_SPO_name_0096	Dummy
INF_SPO_name_0097	Dummy
INF_SPO_name_0098	Dummy
INF_SPO_name_0099	Dummy
INF_SPO_name_0100	Event Sponsor
INF_SPO_name_0101	Event Sponsor
INF_SPO_name_0102	Dummy
INF_SPO_name_0103	Dummy
INF_SPO_name_0104	Dummy
INF_SPO_name_0105	Dummy
INF_SPO_name_0106	Dummy
INF_SPO_name_0107	Dummy
INF_SPO_name_0108	Dummy
INF_SPO_name_0109	Dummy
INF_SPO_name_0110	Dummy
INF_SPO_name_0111	Dummy
INF_SPO_name_0112	Dummy
INF_SPO_name_0113	Dummy
INF_SPO_name_0114	Dummy
INF_SPO_name_0115	Dummy
INF_SPO_name_0116	Dummy
INF_SPO_name_0117	Dummy
INF_SPO_name_0118	Dummy
INF_SPO_name_0119	Dummy
INF_SPO_name_0120	Dummy
INF_SPO_name_0121	Dummy
INF_SPO_name_0122	Dummy
INF_SPO_name_0123	Dummy
INF_SPO_name_0124	Dummy
INF_SPO_name_0125	Dummy
INF_SPO_name_0126	Dummy
INF_SPO_name_0127	Dummy
SYS_ADV_right_0002	Arsenal: ? & c 2006 Arsenal Football Club Plc.Licensed by Granada Ventures\nChelsea FC: c 2006 Chelsea Football Clubs Limited\nLiverpool FC: ? & c 2006 Liverpool Football Club & Athletic Grounds Plc. Licensed by Granada Ventures\nThe player and club statistics are absolutely not from Liverpool Football Club nor they endorsed by the club in any way.\nIt is important to note that the club and Player Statistics have been prepared from information gathered by Panini S.p.A.\nfor the seasons as indicated on the products and not from the club themselves.\nManchester United: Crest & Imagery c MU Ltd.\nNewcastle United: Newcastle United appears under licence from Newcastle United Football Company Limited ("Newcastle FC"). \nThe Newcastle United club crest and imagery c Newcastle FC. All rights reserved.\nOlympique Lyonnais: c 2006 Olympique Lyonnais - Tous droits reserves\nOlympique de Marseille: c Olympique de Marseille.\nParis Saint-Germain FC: c PSG / PSG Merchandising 2005\nc Credits photos Christian Gavelle\nFC Bayern Muenchen
INF_STADIUMR_message_0000	A stadium revamp is proposed.\nLet's $c[FF6347FF]redo the turf$c.
INF_STADIUMR_message_0001	A stadium revamp is proposed.\nLet's $c[FF6347FF]redo the floodlights$c.
INF_STADIUMR_message_0002	A stadium revamp is proposed.\nLet's $c[FF6347FF]add more seats$c.
INF_STADIUMR_message_0003	A stadium revamp is proposed.\nLet's $c[FF6347FF]redo the roof$c.
INF_STADIUMR_message_0004	A stadium revamp is proposed.\nLet's $c[FF6347FF]add a 2nd tier$c.
INF_STADIUMR_message_0005	A stadium revamp is proposed.\nLet's $c[FF6347FF]add a 3rd tier$c.
INF_STADIUMR_message_0006	A stadium revamp is proposed.\nLet's $c[FF6347FF]add a dome$c.
INF_STADIUMR_message_0009	Select the 1st tier design.
INF_STADIUMR_message_0011	Select the 2nd tier roof.
INF_STADIUMR_message_0012	Select the 3rd tier roof.
INF_STADIUMR_message_0015	A stadium revamp is proposed.\nWe'll $c[FF6347FF]redo the building$c.
INF_STADIUMR_message_0016	A stadium revamp is proposed.\nLet's $c[FF6347FF]redo the building$c.
INF_STADIUMR_message_0017	Select the building design.
INF_STADIUMR_message_0018	A stadium revamp is proposed.\nWe'll $c[FF6347FF]redo the monument$c.
INF_STADIUMR_message_0019	A stadium revamp is proposed.\nLet's $c[FF6347FF]redo the monument$c.
INF_STADIUMR_message_0020	Select the monument design.
INF_STADIUMR_message_0021	A stadium revamp is proposed.\nLet's renovate it to suit our hugely popular club.
INF_STADIUMR_contents_0000	Diagonal Grid
INF_STADIUMR_contents_0001	Wide Diagonal Grid
INF_STADIUMR_contents_0002	Grid
INF_STADIUMR_contents_0003	Wide Grid
INF_STADIUMR_contents_0004	Vertical
INF_STADIUMR_contents_0005	Horizontal
INF_STADIUMR_contents_0006	Wide Vertical
INF_STADIUMR_contents_0007	Wide Horizontal
INF_STADIUMR_contents_0008	Triple Vertical
INF_STADIUMR_contents_0009	Triple Horizontal
INF_STADIUMR_contents_0010	Triple Grid
INF_STADIUMR_contents_0011	Diagonal
INF_STADIUMR_contents_0012	Wide Diagonal
INF_STADIUMR_contents_0013	Mirrored Diagonal
INF_STADIUMR_contents_0014	Star
INF_STADIUMR_contents_0015	Diamond
INF_STADIUMR_contents_0016	Round
INF_STADIUMR_contents_0017	Vertical
INF_STADIUMR_contents_0018	Horizontal
INF_STADIUMR_contents_0019	Triangular
INF_STADIUMR_contents_0020	Vertical
INF_STADIUMR_contents_0021	Horizontal
INF_STADIUMR_contents_0022	Triangular
INF_STADIUMR_contents_0023	Vertical
INF_STADIUMR_contents_0024	Horizontal
INF_STADIUMR_contents_0025	Triangular
INF_STADIUMR_contents_0026	Steel Frame
INF_STADIUMR_contents_0028	Panel
INF_STADIUMR_contents_0029	Square
INF_STADIUMR_contents_0030	Round
INF_STADIUMR_contents_0031	Square Monument
INF_STADIUMR_contents_0032	Round Monument
INF_STADIUMR_contents_0033	Square Building
INF_STADIUMR_contents_0034	Round Building
INF_STADIUMR_contents_0035	Modern
INF_STADIUMR_contents_0036	Classic
INF_STADIUMR_contents_0037	Twin Towers
INF_STADIUMR_contents_0038	Modern
INF_STADIUMR_contents_0039	Classic
INF_STADIUMR_contents_0040	Framework
SYS_CARD_warning_0002	A player taken off\ncannot come back on.
SYS_CARD_warning_0003	Too many players on the pitch\nMove subbed-off players to the sub area
SYS_CARD_warning_0004	Up to 3 subs per match
SYS_CARD_warning_0005	Players in and out must match
SYS_CARD_warning_0006	No duplicate Player Cards
SYS_CARD_warning_0007	A team can have up to\n16 players.
SYS_CARD_warning_0008	Players on the pitch:\n11 at most.
SYS_CARD_warning_0009	A card not valid in this game\nhas been placed.
SYS_CARD_warning_0010	Not enough players on the pitch
SYS_CARD_warning_0011	There are only\n%d players on the pitch.\nStart the match anyway?
SYS_CARD_warning_0012	Entry rules not met\n-- Entry Rules --\nREGULAR (Regular Cards only)
SYS_CARD_warning_0013	Entry rules not met\n-- Entry Rules --\nU-5 (Max 5 Rare & Special Cards)
SYS_CARD_warning_0014	To use new Player Cards,\nmake a Team Entry first.
SYS_CARD_warning_0015	Not enough players on the pitch\nPut at least 7 players on the pitch
SYS_CARD_warning_0018	%s:\nIf you win, the champion team data\nis taken from your last Team Entry.
SYS_CARD_warning_0019	Entry rules not met\n-- Entry Rules --\nU-5R (Max 5 Rare Cards)
SYS_CARD_warning_0020	Entry rules not met\n-- Entry Rules --\nTotal Points (Total Points %d or less)
SYS_CARD_warning_0021	Not enough players\nEnter 16 players per team
SYS_CARD_warning_0022	While in %s,\nplayers can't be changed.
SYS_CARD_warning_0023	Confirm the new players?
INF_ENTRY_message_0000	As %s champions,\nwe qualify for the $c[FF6347FF]%s$c.
INF_ENTRY_message_0001	%s won, so we enter $c[FF6347FF]%s\nand %s$c.
INF_ENTRY_message_0002	Our Regular League %s finish (%s)\nqualifies us for the $c[FF6347FF]%s$c.
INF_ENTRY_message_0003	Prize money tops $10,000,000. Well done.\nWe qualify for the $c[FF6347FF]International Club Championship$c.
INF_ENTRY_message_0004	Congratulations on the %s win!\nOur dream $c[FF6347FF]World Trophy place$c is secured.
INF_ENTRY_message_0005	Promoted to the Regular League Premier Division,\nwe qualify for the $c[FF6347FF]Continental Cup$c.
INF_ENTRY_message_0006	Promoted to the Regular League 1st Division,\nwe qualify for the $c[FF6347FF]Nations Cup$c.
INF_ENTRY_message_0007	As Nations Cup champions,\nwe qualify for the $c[FF6347FF]Oceans Cup$c.
INF_ENTRY_title_0004	W4 Title Holders Cup
INF_ENTRY_title_0010	World Trophy
INF_ENTRY_title_0024	Regular League Premier Division
INF_ENTRY_title_0025	Regular League 1st Division
INF_ENTRY_title_0026	Regular League 2nd Division
INF_ENTRY_title_0027	Regular League 3rd Division
INF_ENTRY_title_0028	Regular League 4th Division
INF_ENTRY_result_0002	1st
INF_ENTRY_result_0003	2nd
INF_ENTRY_result_0004	3rd
INF_ENTRY_result_0005	4th
INF_ENTRY_result_0006	5th
INF_ENTRY_result_0007	6th
INF_ENTRY_division_0000	Premier Division
INF_ENTRY_division_0001	1st Division
INF_ENTRY_division_0002	2nd Division
INF_ENTRY_division_0003	3rd Division
INF_ENTRY_division_0004	4th Division
INF_061_title_0000	$p[16]$t[0:1]★★★$t$p  Entry Earned  $p[16]$t[0:1]★★★$t$p
INF_061_message_0000	AREA CHAMPIONSHIP $c[FF6347FF]entry earned$c! Congratulations!!
INF_061_message_0001	To enter the AREA CHAMPIONSHIP,\nchoose $c[FF6347FF]"Data Match Entry"$c in Entry / Requests.
INF_061_message_0002	Entry for the next AREA CHAMPIONSHIP has closed.\n$c[FF6347FF]You can enter again from next week$c.
INF_061_message_0003	ASIA CHAMPIONSHIP $c[FF6347FF]entry earned$c! Congratulations!!
INF_061_message_0004	To enter the ASIA CHAMPIONSHIP,\nchoose $c[FF6347FF]"Data Match Entry"$c in Entry / Requests.
INF_061_message_0005	Entry for the next ASIA CHAMPIONSHIP has closed.\n$c[FF6347FF]You can enter again from next week$c.
INF_76_message_0000	The Challenge Match boosted the team's overall strength.\nSome players $c[FF6347FF]grew by leaps and bounds$c in it.
INF_76_message_0001	%s.\nHis will to challenge awoke his $c[FF6347FF]rare talent$c.
INF_76_message_0002	%s.\nHis will to challenge awoke his $c[FF6347FF]true style$c.
INF_76_message_0003	%s and %s.\nTheir will to challenge forged a $c[FF6347FF]golden bond$c.
INF_76_title_0000	$p[16]$t[0:1]★★★$t$p  Team Power Up  $p[16]$t[0:1]★★★$t$p
INF_76_title_0001	$p[16]$t[0:1]★★★$t$p  Ability Up  $p[16]$t[0:1]★★★$t$p
INF_76_title_0002	$p[16]$t[0:1]★★★$t$p  Style Up  $p[16]$t[0:1]★★★$t$p
INF_76_title_0003	$p[16]$t[0:1]★★★$t$p  Partnership Up  $p[16]$t[0:1]★★★$t$p
INF_76_contents_0001	CONGRATULATIONS!
TRA_MENU_message_0000	The players are out on the pitch.\nWhat training today?
TRA_MENU_menu_0001	Full Pitch
TRA_MENU_menu_0002	Half Pitch
TRA_MENU_menu_0003	Team Training
TRA_MENU_menu_0004	Camp
TRA_MENU_explain_0000	Give players a day off.\nClears built-up fatigue and restores condition.
TRA_MENU_explain_0001	Train on a pitch the same size as a match.\nMatch-style practice for real games.
TRA_MENU_explain_0002	Train on a half-size pitch.\nSituation drills with set attack and defence.
TRA_MENU_explain_0003	Hold $c[FF6347FF]Team Training$c.\nTrain lightly or hard, depending on the time.
TRA_MENU_explain_0004	Hold various events.
TRA_MENU_explain_0005	Be coached by a $c[FF6347FF]famous coach$c.\nRub a Player Card to assign a role.
TRA_MENU_explain_0006	Hold a $c[FF6347FF]team dinner$c to build team unity.\nRub a Player Card to assign a role.
TRA_MENU_explain_0007	Mgr Special
COM_LOUNGEBAD_question_0000	%s and %s:\nI'd like to thaw their frosty relations in one go...
COM_LOUNGEBAD_choices_0000	Secret drills
COM_LOUNGEBAD_choices_0001	Room them together
COM_LOUNGEBAD_choices_0002	Desert island
COM_LOUNGEBAD_answer_0000	They're keen on this unusual training.\nTheir partnership should improve.
COM_LOUNGEBAD_answer_0001	Drilling the two alone when they're at odds...\nThere may have been a better way.
COM_LOUNGEBAD_answer_0002	Sharing a room got the two of them talking.\nThey should communicate better than before.
COM_LOUNGEBAD_answer_0003	Forcing them together is pointless.\nThey're fed up with your heavy hand.
COM_LOUNGEBAD_answer_0004	The adventure should bring them closer.\nThey should click on the pitch too!
COM_LOUNGEBAD_answer_0005	Even as a joke, there must've been better.\nThey're let down by how you misread the mood.
INF_LICENCE_message_0000	Congratulations, new Manager.
INF_LICENCE_message_0001	Your new challenge begins now.\nLet's build the $c[FF6347FF]strongest club$c with the players.
INF_LICENCE_message_0002	Your newly issued $c[FF6347FF]National Manager License$c.\nMore is expected of you as a regional leader.
INF_LICENCE_message_0003	Your newly issued $c[FF6347FF]Continental Manager License$c.\nAs a continental leader, your skills face bigger tests.
INF_LICENCE_message_0004	Your newly issued $c[FF6347FF]International Manager License$c.\nAll eyes are on your skills on the world stage.
INF_064_title_0000	$p[16]$t[0:1]★★★$t$p   AREA CHAMPIONSHIP Result  $p[16]$t[0:1]★★★$t$p
INF_064_title_0001	$p[16]$t[0:1]★★★$t$p   ASIA CHAMPIONSHIP Result  $p[16]$t[0:1]★★★$t$p
INF_064_message_0000	The AREA CHAMPIONSHIP had too many entries,\nso our team $c[FF6347FF]could not get a place$c.
INF_064_message_0001	The ASIA CHAMPIONSHIP had too many entries,\nso our team $c[FF6347FF]could not get a place$c.
COM_GROUNDBAD_answer_0000	No point panicking alone.\nRallying the whole team should lift everyone's level.
COM_GROUNDBAD_answer_0001	Himself before the team, huh.\nThat weak answer made him more anxious.
COM_GROUNDBAD_answer_0002	Training is everything.\nHard training should get us out of this rut.
COM_GROUNDBAD_answer_0003	He's sure he trains enough.\nAnother approach may ease his anxiety.
COM_GROUNDBAD_answer_0004	No use worrying about some things.\nA good sleep will clear his head!
COM_GROUNDBAD_answer_0005	A careless attitude won't help.\nGet serious, or nothing changes, right?
INF_063_title_0000	$p[16]$t[0:1]★★★$t$p  Trade Market Open  $p[16]$t[0:1]★★★$t$p
INF_063_message_0000	Our finances now allow us to sign players.\nUse $c[FF6347FF]"Trade Offer"$c to trade $c[FF6347FF]up to twice$c.
INF_063_message_0001	Experienced players from other clubs\ncould $c[FF6347FF]shine even more$c with us.
INF_DISSATISFACTION_message_0000	Lately, $c[FF6347FF]%s$c seems\nirritated, maybe unhappy with $c[FF6347FF]%s$c.
INF_DISSATISFACTION_message_0001	Before it builds up any more,\nplease have a word with him.
INF_DISSATISFACTION_contents_0000	the lack of wins
INF_DISSATISFACTION_contents_0001	his rating
INF_DISSATISFACTION_contents_0002	playing time
INF_DISSATISFACTION_contents_0003	fitness care
INF_DISSATISFACTION_contents_0004	the captaincy
INF_DISSATISFACTION_contents_0005	kicker choice
INF_DISSATISFACTION_contents_0006	his position
INF_DISSATISFACTION_contents_0007	team results
INF_DISSATISFACTION_contents_0008	your silence
INF_DISSATISFACTION_contents_0009	harsh drills
INF_DISSATISFACTION_contents_0010	Key Player choice
INF_DISSATISFACTION_contents_0011	his shirt number
INF_058_title_0000	$p[16]$t[0:1]★★★$t$p  AREA CHAMPION  $p[16]$t[0:1]★★★$t$p
INF_058_message_0000	We are the $c[FF6347FF]AREA CHAMPIONSHIP Champions$c\nCongratulations.\n
INF_058_message_0001	With this result, your reputation grows by the day.\nLet's keep fighting like the best team in the area.
INF_WTCHAMPIONSHIP_message_0000	$c[FF6347FF]World Trophy winners$c - congratulations!\nOur club has surely made history once again.
INF_WTCHAMPIONSHIP_message_0001	The prize money will fund a clubhouse rebuild.\nWork starts after this match - look forward to it.
INF_WTCHAMPIONSHIP_message_0002	The battle on the world stage goes on,\nlet's aim for even better results!
INF_059_title_0000	$p[16]$t[0:1]★★★$t$p  JAPAN WINNER'S CHAMPIONSHIP  $p[16]$t[0:1]★★★$t$p
INF_059_contents_0000	Previous
INF_059_contents_0001	Nationals:
INF_059_contents_0002	Group Stage Exit
INF_059_contents_0003	BEST 16
INF_059_contents_0004	BEST 8
INF_059_contents_0005	BEST 4
INF_059_message_0000	Thanks for taking part in the JAPAN WINNER'S CHAMPIONSHIP.\nGood luck next time, too.
INF_ABSENCE_message_0000	Lately $c[FF6347FF]%s$c has complained a lot.\nNow it has finally boiled over.
INF_ABSENCE_message_0001	The players who have complained a lot lately\nhave finally boiled over.
INF_ABSENCE_message_0002	Not even seen at the clubhouse,\nand likely to skip Team Training.
INF_WTJAPANCHAMP_message_0000	We're the World Trophy Ranking's $c[FF6347FF]Weekly Champion$c.\nCongratulations.
INF_WTJAPANCHAMP_message_0001	With this result, your fame is spreading worldwide.\nLet's keep $c[FF6347FF]fighting like Japan's No. 1$c.
INF_INJURY_message_0000	A report has come in on\n$c[FF6347FF]%s$c's injury.
INF_INJURY_message_0001	He needs more time to recover.\nBest to keep him out of matches.
INF_INJURY_message_0003	Full recovery will take more time.\nInjured players should sit matches out.
INF_SPONSORINSTRUCTION_message_0000	The %s title is in reach,\nand our sponsor orders: $c[FF6347FF]"Win and take the title!"$c
INF_SPONSORINSTRUCTION_message_0001	The result may lead to a $c[FF6347FF]contract review$c.\nLet's go for the title.
INF_GOLDEN_message_0000	$c[FF6347FF]All titles won$c - congratulations!\nOur golden age has finally arrived.
INF_GOLDEN_message_0001	We'll be hailed as\n$c[FF6347FF]Grande %s$c worldwide.
INF_GOLDEN_contents_0001	$%d million
INF_GOLDEN_contents_0003	%s UP↑
INF_CAMP_message_0000	To turn around our losing streak,\nthe coaches propose a mini-camp.
INF_CAMP_message_0001	To hold the mini-camp,\nchoose $c[FF6347FF]Special$c in Team Training.
INF_ABILITY_message_0000	Lately, $c[FF6347FF]%s$c has been\nshowing truly superb movement.
INF_ABILITY_message_0001	If something sparks him,\nhe might play like a changed man.
INF_STYLE_message_0000	Lately, $c[FF6347FF]%s$c has been\nexploring a new playing style.
INF_STYLE_message_0001	If something sparks him,\nhis playing style could broaden.
INF_SCOUT_message_0000	The scout reports a player who suits our team.
INF_SCOUT_message_0001	The scout reports a player who suits our team.\nHis name is $c[FF6347FF]%s$c.
INF_SCOUT_contents_0000	No.%d: %s
TRA_FORM_message_0000	Set the $c[FF6347FF]formation, tactics and Key Player$c to train.
MAN_COOPERATION_message_0000	Team partnerships.\nSelect a player to see the partnerships around him.
MAN_0506LICENSE_header_0000	Manager Lv:
MAN_0506LICENSE_header_0001	Salary:
MAN_0506LICENSE_header_0002	Record:
MAN_0506LICENSE_contents_0001	$%dM + $%d00
MAN_0506LICENSE_contents_0002	W%d
MAN_0506LICENSE_contents_0003	L%d
MAN_0506LICENSE_contents_0004	D%d
MAN_ICON_card_0003	1 more
MAN_ICON_card_0004	2 more
GAM_FORM_header_0001	Manager %s
INF_FRE_sponsor_0002	Sponsor: Win Lg Sports
INF_FRE_sponsor_0003	Sponsor: ADMINISTRA
INF_FRE_sponsor_0004	Sponsor: TRIONFO
INF_FRE_sponsor_0005	Sponsor: Hard Wall
INF_FRE_sponsor_0006	Sponsor: FALCHION
INF_FRE_sponsor_0007	Sponsor: TRIPLO
INF_FRE_sponsor_0008	Sponsor: MONSTER CHAMP
INF_FRE_sponsor_0009	Sponsor: MIRACLE MIRACLE
INF_FRE_sponsor_0010	Sponsor: GENERATION
INF_FRE_sponsor_0011	Sponsor: ESPECTADOR
INF_FRE_sponsor_0012	Sponsor: GALACTIC
INF_FRE_sponsor_0013	Sponsor: NEVER GIVE UP
INF_FRE_sponsor_0014	Sponsor: New Century Oil
INF_FRE_sponsor_0015	Sponsor: TOMORROW
INF_FRE_sponsor_0016	Sponsor: U&T ELECTRONICS
INF_FRE_sponsor_0017	Sponsor: KLICKA Electric
INF_FRE_sponsor_0018	Sponsor: INCH GAMES
INF_FRE_sponsor_0019	Sponsor: eFcuss
INF_FRE_sponsor_0020	Sponsor: GOLK BERG
INF_FRE_sponsor_0021	Sponsor: ABEN WATERS
INF_FRE_sponsor_0022	Sponsor: JUMBO STOMACH
INF_FRE_sponsor_0023	Sponsor: Cesto Foods
INF_FRE_sponsor_0024	Sponsor: Schneider
INF_FRE_sponsor_0025	Sponsor: RANOORD
INF_FRE_sponsor_0026	Sponsor: HAM Airline
INF_FRE_sponsor_0027	Sponsor: KOLTAX Airlines
INF_FRE_sponsor_0028	Sponsor: Deportes UNO
INF_FRE_sponsor_0029	Sponsor: DNA Sports
INF_FRE_sponsor_0030	Sponsor: Vest Card Bank
INF_FRE_sponsor_0031	Sponsor: EXHUME BANK
INF_FRE_sponsor_0032	Sponsor: SEBC NETWORK
INF_FRE_sponsor_0033	Sponsor: RNM TELEVISION
INF_FRE_sponsor_0034	Sponsor: IK Telephone
INF_FRE_sponsor_0035	Sponsor: MOMENTO Communications
INF_FRE_sponsor_0036	Sponsor: VOLTAGE
INF_FRE_sponsor_0037	Sponsor: KEIMBLATT Electric
INF_FRE_sponsor_0038	Sponsor: NKA SOFT WARE
INF_FRE_sponsor_0039	Sponsor: PHOLTON
INF_FRE_sponsor_0040	Sponsor: PETA WATER
INF_FRE_sponsor_0041	Sponsor: Blue Sphere
INF_FRE_sponsor_0042	Sponsor: NYN Foods
INF_FRE_sponsor_0043	Sponsor: Nachtisch
INF_FRE_sponsor_0044	Sponsor: UBERMENSCH
INF_FRE_sponsor_0045	Sponsor: Gravel Motors
INF_FRE_sponsor_0046	Sponsor: Cyclone Airlines
INF_FRE_sponsor_0047	Sponsor: CEBVIA AIRLINE
INF_FRE_sponsor_0048	Sponsor: S1 SPORTS
INF_FRE_sponsor_0049	Sponsor: K's LEE Sports
INF_FRE_sponsor_0050	Sponsor: KBYS BANK
INF_FRE_sponsor_0051	Sponsor: TOP Bank
INF_FRE_sponsor_0052	Sponsor: SGMTV
INF_FRE_sponsor_0053	Sponsor: GLOBALE. T
INF_FRE_sponsor_0054	Sponsor: pulsar+pulsar
INF_FRE_sponsor_0055	Sponsor: Telejim NETWORK
INF_FRE_sponsor_0056	Sponsor: FUTURE
INF_FRE_sponsor_0057	Sponsor: TOR ELECTRONICS
INF_FRE_sponsor_0058	Sponsor: glimpse
INF_FRE_sponsor_0059	Sponsor: CELL GAMES
INF_FRE_sponsor_0060	Sponsor: La Nina DRINK
INF_FRE_sponsor_0061	Sponsor: ROV POINT
INF_FRE_sponsor_0062	Sponsor: ENZEES Foods
INF_FRE_sponsor_0063	Sponsor: POPO Foods
INF_FRE_sponsor_0064	Sponsor: RVF MOTORS
INF_FRE_sponsor_0065	Sponsor: salopette Motors
INF_FRE_sponsor_0066	Sponsor: HAYLAND AIRWAYS
INF_FRE_sponsor_0067	Sponsor: KUKUHAI Airlines
INF_FRE_sponsor_0068	Sponsor: KELLTTEN Sports
INF_FRE_sponsor_0069	Sponsor: Viv@SHOP
INF_FRE_sponsor_0070	Sponsor: BANCOREF Bank
INF_FRE_sponsor_0071	Sponsor: SB-BANCA
INF_FRE_sponsor_0072	Sponsor: Sports Victory 15
INF_FRE_sponsor_0073	Sponsor: Take It CH
INF_FRE_sponsor_0074	Sponsor: TEATRO Network
INF_FRE_sponsor_0075	Sponsor: GBL Communications
INF_FRE_sponsor_0076	Sponsor: Dummy
INF_FRE_sponsor_0077	Sponsor: Dummy
INF_FRE_sponsor_0078	Sponsor: Dummy
INF_FRE_sponsor_0079	Sponsor: Dummy
INF_FRE_sponsor_0080	Sponsor: Dummy
INF_FRE_sponsor_0081	Sponsor: Dummy
INF_FRE_sponsor_0082	Sponsor: Dummy
INF_FRE_sponsor_0083	Sponsor: Dummy
INF_FRE_sponsor_0084	Sponsor: Dummy
INF_FRE_sponsor_0085	Sponsor: Dummy
INF_FRE_sponsor_0086	Sponsor: Dummy
INF_FRE_sponsor_0087	Sponsor: Dummy
INF_FRE_sponsor_0088	Sponsor: Dummy
INF_FRE_sponsor_0089	Sponsor: Dummy
INF_FRE_sponsor_0090	Sponsor: Dummy
INF_FRE_sponsor_0091	Sponsor: Dummy
INF_FRE_sponsor_0092	Sponsor: Dummy
INF_FRE_sponsor_0093	Sponsor: Dummy
INF_FRE_sponsor_0094	Sponsor: Dummy
INF_FRE_sponsor_0095	Sponsor: Dummy
INF_FRE_sponsor_0096	Sponsor: Dummy
INF_FRE_sponsor_0097	Sponsor: Dummy
INF_FRE_sponsor_0098	Sponsor: Dummy
INF_FRE_sponsor_0099	Sponsor: Dummy
INF_FRE_sponsor_0100	Sponsor: Sakatsuku 7 EURO PLUS
INF_FRE_sponsor_0101	Sponsor: Sakatsuku 7 EURO PLUS
INF_FRE_sponsor_0102	Sponsor: Dummy
INF_FRE_sponsor_0103	Sponsor: Dummy
INF_FRE_sponsor_0104	Sponsor: Dummy
INF_FRE_sponsor_0105	Sponsor: Dummy
INF_FRE_sponsor_0106	Sponsor: Dummy
INF_FRE_sponsor_0107	Sponsor: Dummy
INF_FRE_sponsor_0108	Sponsor: Dummy
INF_FRE_sponsor_0109	Sponsor: Dummy
INF_FRE_sponsor_0110	Sponsor: Dummy
INF_FRE_sponsor_0111	Sponsor: Dummy
INF_FRE_sponsor_0112	Sponsor: Dummy
INF_FRE_sponsor_0113	Sponsor: Dummy
INF_FRE_sponsor_0114	Sponsor: Dummy
INF_FRE_sponsor_0115	Sponsor: Dummy
INF_FRE_sponsor_0116	Sponsor: Dummy
INF_FRE_sponsor_0117	Sponsor: Dummy
INF_FRE_sponsor_0118	Sponsor: Dummy
INF_FRE_sponsor_0119	Sponsor: Dummy
INF_FRE_sponsor_0120	Sponsor: Dummy
INF_FRE_sponsor_0121	Sponsor: Dummy
INF_FRE_sponsor_0122	Sponsor: Dummy
INF_FRE_sponsor_0123	Sponsor: Dummy
INF_FRE_sponsor_0124	Sponsor: Dummy
INF_FRE_sponsor_0125	Sponsor: Dummy
INF_FRE_sponsor_0126	Sponsor: Dummy
INF_FRE_sponsor_0127	Sponsor: Dummy
INF_FRE_message_0002	$c[FF6347FF]%s$c sent us a gift: "$c[FF6347FF]Win Bonus$c".\nIt might help run the club.
INF_FRE_message_0003	$c[FF6347FF]%s$c sent us a gift: "$c[FF6347FF]Home Theater$c".\nThe players love it.
INF_FRE_message_0004	$c[FF6347FF]%s$c sent us a gift: "$c[FF6347FF]Football Simulator$c".\nTheir tactical sense will soar.
INF_FRE_message_0005	$c[FF6347FF]%s$c sent us a gift: "$c[FF6347FF]Latest Mobile$c".\nIt will bring them even closer.
INF_FRE_message_0006	$c[FF6347FF]%s$c sent us a gift: "$c[FF6347FF]Latest Mobile$c".\nIt will bring them even closer.
INF_FRE_message_0007	$c[FF6347FF]%s$c sent us a gift: "$c[FF6347FF]Luxury Car$c".\nThe player is thrilled.
INF_FRE_message_0008	$c[FF6347FF]%s$c sent us a gift: "$c[FF6347FF]Luxury Car$c".\nThe player is thrilled.
INF_FRE_message_0009	$c[FF6347FF]%s$c sent us a gift: "$c[FF6347FF]Oxygen Chamber$c".\nThe players will recover much faster.
INF_FRE_message_0010	$c[FF6347FF]%s$c sent us a gift: "$c[FF6347FF]Latest Mobile$c".\nIt will bring them even closer.
INF_FRE_message_0011	$c[FF6347FF]%s$c sent us a gift: "$c[FF6347FF]Big Win Bonus$c".\nA big boost for the club's finances.
INF_FRE_message_0012	$c[FF6347FF]%s$c sent us an offer: "$c[FF6347FF]TV Commercial$c".\nThe club's profile will soar.
INF_FRE_message_0013	$c[FF6347FF]%s$c sent us a gift: "$c[FF6347FF]Oxygen Chamber$c".\nThe players will recover much faster.
INF_FRE_message_0014	$c[FF6347FF]%s$c sent us an offer: "$c[FF6347FF]Ad Campaign$c".\nA big boost to their professionalism.
INF_FRE_message_0015	$c[FF6347FF]%s$c sent us an offer: "$c[FF6347FF]Football Game Cameo$c".\nA big boost to their professionalism.
INF_FRE_message_0016	$c[FF6347FF]%s$c sent us a gift: "$c[FF6347FF]Plasma TV$c".\nThe players seem pleased.
INF_FRE_message_0017	$c[FF6347FF]%s$c sent us a gift: "$c[FF6347FF]Plasma TV$c".\nThe players seem pleased.
INF_FRE_message_0018	$c[FF6347FF]%s$c sent us a gift: "$c[FF6347FF]Newest Football Game$c".\nRelaxation and image training in one.
INF_FRE_message_0019	$c[FF6347FF]%s$c sent us a gift: "$c[FF6347FF]Newest Football Game$c".\nRelaxation and image training in one.
INF_FRE_message_0020	$c[FF6347FF]%s$c sent us a gift: "$c[FF6347FF]Protein$c".\nThe players are full of tireless energy.
INF_FRE_message_0021	$c[FF6347FF]%s$c sent us a gift: "$c[FF6347FF]Protein$c".\nThe players are full of tireless energy.
INF_FRE_message_0022	$c[FF6347FF]%s$c sent us a gift: "$c[FF6347FF]Supplements$c".\nPerfect for condition care.
INF_FRE_message_0023	$c[FF6347FF]%s$c sent us a gift: "$c[FF6347FF]Supplements$c".\nPerfect for condition care.
INF_FRE_message_0024	$c[FF6347FF]%s$c sent us a gift: "$c[FF6347FF]Sports Car$c".\nHe is very grateful.
INF_FRE_message_0025	$c[FF6347FF]%s$c sent us a gift: "$c[FF6347FF]Sports Car$c".\nHe is very grateful.
INF_FRE_message_0026	$c[FF6347FF]%s$c sent us a gift: "$c[FF6347FF]Round-the-World Trip$c".\nA trip will refresh them for training.
INF_FRE_message_0027	$c[FF6347FF]%s$c sent us a gift: "$c[FF6347FF]Round-the-World Trip$c".\nA trip will refresh them for training.
INF_FRE_message_0028	$c[FF6347FF]%s$c sent us a gift: "$c[FF6347FF]Rehab Gear$c".\nGreat for player care.
INF_FRE_message_0029	$c[FF6347FF]%s$c sent us a gift: "$c[FF6347FF]Rehab Gear$c".\nGreat for player care.
INF_FRE_message_0030	$c[FF6347FF]%s$c sent us a gift: "$c[FF6347FF]Win Bonus$c".\nIt will help run the club.
INF_FRE_message_0031	$c[FF6347FF]%s$c sent us a gift: "$c[FF6347FF]Win Bonus$c".\nIt will help run the club.
INF_FRE_message_0032	$c[FF6347FF]%s$c sent us an offer: "$c[FF6347FF]TV Special$c".\nThe club will gain popularity.
INF_FRE_message_0033	$c[FF6347FF]%s$c sent us an offer: "$c[FF6347FF]TV Special$c".\nThe club will gain popularity.
INF_FRE_message_0034	$c[FF6347FF]%s$c sent us a gift: "$c[FF6347FF]Mobile Phones$c".\nThey'll help with Communication.
INF_FRE_message_0035	$c[FF6347FF]%s$c sent us a gift: "$c[FF6347FF]Mobile Phones$c".\nThey'll help with Communication.
INF_FRE_message_0036	$c[FF6347FF]%s$c sent us a gift: "$c[FF6347FF]AV Equipment$c".\nPlayers will like it.
INF_FRE_message_0037	$c[FF6347FF]%s$c sent us a gift: "$c[FF6347FF]AV Equipment$c".\nPlayers will like it.
INF_FRE_message_0038	$c[FF6347FF]%s$c sent us a gift: "$c[FF6347FF]Popular Football Game$c".\nIt should help with match simulation.
INF_FRE_message_0039	$c[FF6347FF]%s$c sent us a gift: "$c[FF6347FF]Popular Football Game$c".\nIt should help with match simulation.
INF_FRE_message_0040	$c[FF6347FF]%s$c sent us a gift: "$c[FF6347FF]Energy Drinks$c".\nEnergy after matches and drills.
INF_FRE_message_0041	$c[FF6347FF]%s$c sent us a gift: "$c[FF6347FF]Energy Drinks$c".\nEnergy after matches and drills.
INF_FRE_message_0042	$c[FF6347FF]%s$c sent us a gift: "$c[FF6347FF]Health Food$c".\nDiet should help their condition.
INF_FRE_message_0043	$c[FF6347FF]%s$c sent us a gift: "$c[FF6347FF]Health Food$c".\nDiet should help their condition.
INF_FRE_message_0044	$c[FF6347FF]%s$c sent us a gift: "$c[FF6347FF]Car$c".\nThe players should like it.
INF_FRE_message_0045	$c[FF6347FF]%s$c sent us a gift: "$c[FF6347FF]Car$c".\nThe players should like it.
INF_FRE_message_0046	$c[FF6347FF]%s$c sent us a gift: "$c[FF6347FF]Trip Abroad$c".\nA trip should refresh them for training.
INF_FRE_message_0047	$c[FF6347FF]%s$c sent us a gift: "$c[FF6347FF]Trip Abroad$c".\nA trip should refresh them for training.
INF_FRE_message_0048	$c[FF6347FF]%s$c sent us a gift: "$c[FF6347FF]Taping Kit$c".\nUseful for player care.
INF_FRE_message_0049	$c[FF6347FF]%s$c sent us a gift: "$c[FF6347FF]Taping Kit$c".\nUseful for player care.
INF_FRE_message_0050	$c[FF6347FF]%s$c sent us a gift: "$c[FF6347FF]Win Bonus$c".\nIt should help run the club.
INF_FRE_message_0051	$c[FF6347FF]%s$c sent us a gift: "$c[FF6347FF]Win Bonus$c".\nIt should help run the club.
INF_FRE_message_0052	$c[FF6347FF]%s$c sent us an offer: "$c[FF6347FF]Sports TV Show$c".\nThe club should gain fans.
INF_FRE_message_0053	$c[FF6347FF]%s$c sent us an offer: "$c[FF6347FF]Sports TV Show$c".\nThe club should gain fans.
INF_FRE_message_0054	$c[FF6347FF]%s$c sent us a gift: "$c[FF6347FF]FAX$c".\nIt should help with Communication.
INF_FRE_message_0055	$c[FF6347FF]%s$c sent us a gift: "$c[FF6347FF]FAX$c".\nIt should help with Communication.
INF_FRE_message_0056	$c[FF6347FF]%s$c sent us a gift: "$c[FF6347FF]Home Appliances$c".\nHope the players like it.
INF_FRE_message_0057	$c[FF6347FF]%s$c sent us a gift: "$c[FF6347FF]Home Appliances$c".\nHope the players like it.
INF_FRE_message_0058	$c[FF6347FF]%s$c sent us a gift: "$c[FF6347FF]Football Game$c".\nHope it helps with match simulation.
INF_FRE_message_0059	$c[FF6347FF]%s$c sent us a gift: "$c[FF6347FF]Football Game$c".\nHope it helps with match simulation.
INF_FRE_message_0060	$c[FF6347FF]%s$c sent us a gift: "$c[FF6347FF]Sports Drinks$c".\nHope it refreshes them after matches.
INF_FRE_message_0061	$c[FF6347FF]%s$c sent us a gift: "$c[FF6347FF]Sports Drinks$c".\nHope it refreshes them after matches.
INF_FRE_message_0062	$c[FF6347FF]%s$c sent us a gift: "$c[FF6347FF]Meal Vouchers$c".\nHope good food gives them energy.
INF_FRE_message_0063	$c[FF6347FF]%s$c sent us a gift: "$c[FF6347FF]Meal Vouchers$c".\nHope good food gives them energy.
INF_FRE_message_0064	$c[FF6347FF]%s$c sent us a gift: "$c[FF6347FF]Compact Car$c".\nHope the players like it.
INF_FRE_message_0065	$c[FF6347FF]%s$c sent us a gift: "$c[FF6347FF]Compact Car$c".\nHope the players like it.
INF_FRE_message_0066	$c[FF6347FF]%s$c sent us a gift: "$c[FF6347FF]Domestic Trip$c".\nHope a trip helps them focus on training.
INF_FRE_message_0067	$c[FF6347FF]%s$c sent us a gift: "$c[FF6347FF]Domestic Trip$c".\nHope a trip helps them focus on training.
INF_FRE_message_0068	$c[FF6347FF]%s$c sent us a gift: "$c[FF6347FF]First Aid Kit$c".\nHope it helps with player care.
INF_FRE_message_0069	$c[FF6347FF]%s$c sent us a gift: "$c[FF6347FF]First Aid Kit$c".\nHope it helps with player care.
INF_FRE_message_0070	$c[FF6347FF]%s$c sent us a gift: "$c[FF6347FF]Win Bonus$c".\nHope it helps run the club.
INF_FRE_message_0071	$c[FF6347FF]%s$c sent us a gift: "$c[FF6347FF]Win Bonus$c".\nHope it helps run the club.
INF_FRE_message_0072	$c[FF6347FF]%s$c sent us an offer: "$c[FF6347FF]Local TV Show$c".\nHope the club gains fans.
INF_FRE_message_0073	$c[FF6347FF]%s$c sent us an offer: "$c[FF6347FF]Local TV Show$c".\nHope the club gains fans.
INF_FRE_message_0074	$c[FF6347FF]%s$c sent us a gift: "$c[FF6347FF]PHS Phones$c".\nHope it helps with Communication.
INF_FRE_message_0075	$c[FF6347FF]%s$c sent us a gift: "$c[FF6347FF]PHS Phones$c".\nHope it helps with Communication.
INF_FRE_message_0076	Dummy
INF_FRE_message_0077	Dummy
INF_FRE_message_0078	Dummy
INF_FRE_message_0079	Dummy
INF_FRE_message_0080	Dummy
INF_FRE_message_0081	Dummy
INF_FRE_message_0082	Dummy
INF_FRE_message_0083	Dummy
INF_FRE_message_0084	Dummy
INF_FRE_message_0085	Dummy
INF_FRE_message_0086	Dummy
INF_FRE_message_0087	Dummy
INF_FRE_message_0088	Dummy
INF_FRE_message_0089	Dummy
INF_FRE_message_0090	Dummy
INF_FRE_message_0091	Dummy
INF_FRE_message_0092	Dummy
INF_FRE_message_0093	Dummy
INF_FRE_message_0094	Dummy
INF_FRE_message_0095	Dummy
INF_FRE_message_0096	Dummy
INF_FRE_message_0097	Dummy
INF_FRE_message_0098	Dummy
INF_FRE_message_0099	Dummy
INF_FRE_message_0100	$c[FF6347FF]%s$c sent us a gift: "$c[FF6347FF]Sakatsuku 7 EURO PLUS$c".\nHope it helps with Communication.
INF_FRE_message_0101	$c[FF6347FF]%s$c sent us a gift: "$c[FF6347FF]Sakatsuku 7 EURO PLUS$c".\nHope it helps with Communication.
INF_FRE_message_0102	Dummy
INF_FRE_message_0103	Dummy
INF_FRE_message_0104	Dummy
INF_FRE_message_0105	Dummy
INF_FRE_message_0106	Dummy
INF_FRE_message_0107	Dummy
INF_FRE_message_0108	Dummy
INF_FRE_message_0109	Dummy
INF_FRE_message_0110	Dummy
INF_FRE_message_0111	Dummy
INF_FRE_message_0112	Dummy
INF_FRE_message_0113	Dummy
INF_FRE_message_0114	Dummy
INF_FRE_message_0115	Dummy
INF_FRE_message_0116	Dummy
INF_FRE_message_0117	Dummy
INF_FRE_message_0118	Dummy
INF_FRE_message_0119	Dummy
INF_FRE_message_0120	Dummy
INF_FRE_message_0121	Dummy
INF_FRE_message_0122	Dummy
INF_FRE_message_0123	Dummy
INF_FRE_message_0124	Dummy
INF_FRE_message_0125	Dummy
INF_FRE_message_0126	Dummy
INF_FRE_message_0127	Dummy
COM_COOPERATION_question_0000	%s and %s.\nManager, how do you rate their combination?
COM_COOPERATION_question_0001	%s and %s.\nHow do you rate their relationship?
COM_COOPERATION_question_0002	Their telepathic link-up play is world famous.\nHow will you raise their profile further?
COM_COOPERATION_question_0005	%s and %s\ndon't understand each other's style. What will you do?
COM_COOPERATION_question_0006	%s and %s\ndon't seem to get along. How will you bring them closer?
COM_COOPERATION_question_0007	%s and %s\nseem to have an issue. How will you resolve it?
COM_COOPERATION_question_0008	%s and %s\ndon't know each other well. What will you tell them?
COM_COOPERATION_question_0009	%s and %s\nstruggle to chat one-on-one. What topic will you raise?
COM_COOPERATION_question_0010	%s and %s\nnow read each other's moves. What else will you suggest?
COM_COOPERATION_question_0011	%s and %s.\nWhere will you advise them to raise their link-up play?
COM_COOPERATION_question_0012	%s and %s\nplay in perfect sync. What advice will you give them?
COM_COOPERATION_question_0013	%s and %s\nwant your opinion on their partnership.
COM_COOPERATION_question_0014	%s and %s\nwant to be paired in matches. What should they focus on?
COM_COOPERATION_question_0015	%s and %s\nare inviting you to dinner. What will you eat?
COM_COOPERATION_question_0016	%s and %s\nhave been called in too often. What will you do?
COM_COOPERATION_question_0017	%s and %s.\nManager, how do you rate their combination?
COM_COOPERATION_question_0018	%s and %s.\nHow do you rate their relationship?
COM_COOPERATION_question_0019	%s and %s\nshare little team spirit. How will you bring them closer?
COM_COOPERATION_question_0020	%s and %s\nare tense around each other. How will you ease it?
COM_COOPERATION_question_0021	%s and %s\nshow no interest in each other. What will you tell them?
COM_COOPERATION_question_0022	%s and %s\ncan't chat freely yet. What topic will you raise?
COM_COOPERATION_question_0023	%s and %s\nare linking up in play. What will you suggest to deepen it?
COM_COOPERATION_question_0024	%s and %s.\nWhere will you advise them to develop their hotline?
COM_COOPERATION_question_0025	%s and %s.\nWhat advice will make them the core of the team?
COM_COOPERATION_question_0026	%s and %s\nare happy with their partnership. What's your verdict?
COM_COOPERATION_question_0027	%s and %s\ntrust their link-up play. What should they focus on?
COM_COOPERATION_question_0028	%s and %s\nare inviting you to dinner. What will you eat?
COM_COOPERATION_choices_0000	Praise
COM_COOPERATION_choices_0001	Rate highly
COM_COOPERATION_choices_0002	Rate fairly
COM_COOPERATION_choices_0003	Rate poorly
COM_COOPERATION_choices_0004	Slam
COM_COOPERATION_choices_0005	Good pair
COM_COOPERATION_choices_0006	Okay pair
COM_COOPERATION_choices_0007	Not sure
COM_COOPERATION_choices_0011	Fan Festival
COM_COOPERATION_choices_0012	Charity Match
COM_COOPERATION_choices_0013	Praise them
COM_COOPERATION_choices_0014	Test them
COM_COOPERATION_choices_0015	Crack a joke
COM_COOPERATION_choices_0016	Train together
COM_COOPERATION_choices_0018	Go out with them
COM_COOPERATION_choices_0020	Advise them
COM_COOPERATION_choices_0021	Send them out
COM_COOPERATION_choices_0025	Force them to talk
COM_COOPERATION_choices_0046	Own moves
COM_COOPERATION_choices_0047	Each other
COM_COOPERATION_choices_0048	Whole team
COM_COOPERATION_choices_0052	Apologize
COM_COOPERATION_choices_0053	Talk anyway
COM_COOPERATION_choices_0054	Laugh it off
COM_COOPERATION_choices_0055	Good pair
COM_COOPERATION_choices_0056	Okay pair
COM_COOPERATION_choices_0057	Not sure
COM_COOPERATION_choices_0058	Share profiles
COM_COOPERATION_choices_0059	Sell themselves
COM_COOPERATION_choices_0060	Sell yourself
COM_COOPERATION_choices_0061	Talk it all out
COM_COOPERATION_choices_0062	Play it down
COM_COOPERATION_choices_0063	Get teary
COM_COOPERATION_choices_0064	Strengths
COM_COOPERATION_choices_0065	Weaknesses
COM_COOPERATION_choices_0066	Hangouts
COM_COOPERATION_choices_0067	Link-up play
COM_COOPERATION_choices_0068	Technique
COM_COOPERATION_choices_0069	Catching up
COM_COOPERATION_choices_0070	Review system
COM_COOPERATION_choices_0071	Check issues
COM_COOPERATION_choices_0072	Hobby talk
COM_COOPERATION_choices_0073	Indoor gym
COM_COOPERATION_choices_0074	Top restaurant
COM_COOPERATION_choices_0075	Resort hotel
COM_COOPERATION_choices_0076	Passionately
COM_COOPERATION_choices_0077	Logically
COM_COOPERATION_choices_0078	With humour
COM_COOPERATION_choices_0079	Praise them
COM_COOPERATION_choices_0080	Make demands
COM_COOPERATION_choices_0081	Be cold
COM_COOPERATION_choices_0082	Efficiency
COM_COOPERATION_choices_0083	Making space
COM_COOPERATION_choices_0084	Looking cool
COM_COOPERATION_choices_0085	Chinese
COM_COOPERATION_choices_0086	Italian
COM_COOPERATION_choices_0087	Banquet
COM_COOPERATION_answer_0000	They liked your rating.\nThey began working on a better partnership.
COM_COOPERATION_answer_0001	Both accept your assessment.\nThey should improve on their partnership now.
COM_COOPERATION_answer_0002	It didn't quite click with them,\nbut that's to be expected.
COM_COOPERATION_answer_0003	Not a great response.\nSomething's off.
COM_COOPERATION_answer_0004	They don't accept your rating.\nThe two walked out of the room.
COM_COOPERATION_answer_0005	Can't say
COM_COOPERATION_answer_0006	%s and %s\nwere called in together again. Things got awkward.
COM_COOPERATION_answer_0007	They're glad you rate them.\nYour close eye on them paid off.
COM_COOPERATION_answer_0008	They don't mind your praise,\nbut think it's off the mark.
COM_COOPERATION_answer_0009	They agree with your rating.\nHope they keep building a good relationship.
COM_COOPERATION_answer_0010	Your offhand rating didn't convince them.\nWhy not watch your players more closely?
COM_COOPERATION_answer_0011	Your honesty actually earned you more trust.
COM_COOPERATION_answer_0012	They're appalled at your lack of insight.\nBoth left looking unhappy.
COM_COOPERATION_answer_0013	They should be great at coaching kids.\nExpect them to be your team's golden pair.
COM_COOPERATION_answer_0014	They'll win over crowds off the pitch too.\nExpect them to be your team's golden pair.
COM_COOPERATION_answer_0015	It should boost the team's image too.\nExpect them to be your team's golden pair.
COM_COOPERATION_answer_0016	It should draw a lot of fans.\nExpect them to be your team's golden pair.
COM_COOPERATION_answer_0017	Of course they'll gladly help.\nExpect them to be your team's golden pair.
COM_COOPERATION_answer_0018	They seem to have found something new.\nA Friendly Match may spark a breakthrough.
COM_COOPERATION_answer_0019	They link up well, but had grown complacent.\nThey still need plenty of your advice.
COM_COOPERATION_answer_0020	Training together built understanding.\nWith worries gone, their bond grew stronger.
COM_COOPERATION_answer_0022	Talking seems to have deepened their trust.\nWith worries gone, their bond grew stronger.
COM_COOPERATION_answer_0024	Refreshed, they seem to have found something.\nWith worries gone, their bond grew stronger.
COM_COOPERATION_answer_0026	They look annoyed at being called in.\nThey wanted to relax before the match.
COM_COOPERATION_answer_0027	A long talk deepened their understanding.
COM_COOPERATION_answer_0028	They didn't really get it.\nThey'll have to learn bit by bit.
COM_COOPERATION_answer_0029	Your words helped them read each other's play.
COM_COOPERATION_answer_0030	Your advice only\nhindered their understanding.
COM_COOPERATION_answer_0031	Going out together is the best way to bond.\nWith your blessing, they left happily.
COM_COOPERATION_answer_0032	They're puzzled at being sent out.\nBoth seem distant.
COM_COOPERATION_answer_0033	It seems like they understand each other.\nThey seem closer now.
COM_COOPERATION_answer_0034	They're not complete strangers.\nYou should have just let them talk.
COM_COOPERATION_answer_0040	Talking only made them more unhappy.\nI hope it doesn't get worse.
COM_COOPERATION_answer_0054	That wasn't worth calling both in for.\nDon't expect much from this.
COM_COOPERATION_answer_0055	It seems they share many things in common.\nThis has brought them closer to each other.
COM_COOPERATION_answer_0057	They see each other's roles anew.\nExpect more from the pair now.
COM_COOPERATION_answer_0061	Time alone together works very well.\nBonding off the pitch is a good thing.
COM_COOPERATION_answer_0064	Simply practicing more doesn't solve anything.\nYou should have let them talk it over.
COM_COOPERATION_answer_0067	It's a good thing to take time off together.\nWhy not talk the night away?
COM_COOPERATION_answer_0069	Your passion moved both of them.\nReal trust has grown between them.
COM_COOPERATION_answer_0073	Your casual chatter has brought them closer.\nThey should play better from now.
COM_COOPERATION_answer_0074	Half-hearted is never good.\nThey don't seem to be listening to you.
COM_COOPERATION_answer_0076	They were aiming even higher.\nSometimes you must be strict.
COM_COOPERATION_answer_0077	They realize they still need more practice.\nThey'll work hard on their partnership.
COM_COOPERATION_answer_0081	To polish their link-up play,\nthey must first review their own moves.
COM_COOPERATION_answer_0082	Focusing on their own play\nmay narrow their vision, I fear.
COM_COOPERATION_answer_0083	To link up more often,\nthey must always read each other's moves.
COM_COOPERATION_answer_0084	Focusing on each other\nmay make them neglect their own play, I fear.
COM_COOPERATION_answer_0085	To widen their link-up play,\nawareness of the whole team matters too.
COM_COOPERATION_answer_0086	Focusing on the whole team\nmay stop them playing their own way, I fear.
COM_COOPERATION_answer_0091	They seem to agree.\nSpicy food should get them talking.
COM_COOPERATION_answer_0093	They respect how much you care for them.\nInspired by you, the pair grew closer too.
COM_COOPERATION_answer_0094	They're let down by how easily you apologize.\nI hope it doesn't hurt their bond.
COM_COOPERATION_answer_0095	Talking as three helped them see your view.\nUnderstanding you brought the pair closer.
COM_COOPERATION_answer_0096	They're let down that you can't read the room.\nI hope it doesn't hurt their bond.
COM_COOPERATION_answer_0097	Your laughter put the players at ease.\nSharing a relaxed moment brought them closer.
COM_COOPERATION_answer_0098	They're let down that you tried to laugh it off.\nI hope it doesn't hurt their bond.
COM_COOPERATION_answer_0099	They're glad you rate them.\nYour close eye on them paid off.
COM_COOPERATION_answer_0100	They don't mind your praise,\nbut think it's off the mark.
COM_COOPERATION_answer_0101	They agree with your rating.\nHope they keep building a good relationship.
COM_COOPERATION_answer_0102	Your offhand rating didn't convince them.\nWhy not watch your players more closely?
COM_COOPERATION_answer_0103	Your honesty actually earned you more trust.
COM_COOPERATION_answer_0104	They're appalled at your lack of insight.\nBoth left looking unhappy.
COM_COOPERATION_answer_0105	It seems like they understand each other.\nThey seem closer now.
COM_COOPERATION_answer_0106	They're not complete strangers.\nYou should have just let them talk.
COM_COOPERATION_answer_0112	Talking only made them more unhappy.\nI hope it doesn't get worse.
COM_COOPERATION_answer_0126	That wasn't worth calling both in for.\nDon't expect much from this.
COM_COOPERATION_answer_0127	It seems they share many things in common.\nThis has brought them closer to each other.
COM_COOPERATION_answer_0129	They see each other's roles anew.\nExpect more from the pair now.
COM_COOPERATION_answer_0133	Time alone together works very well.\nBonding off the pitch is a good thing.
COM_COOPERATION_answer_0136	Simply practicing more doesn't solve anything.\nYou should have let them talk it over.
COM_COOPERATION_answer_0139	It's a good thing to take time off together.\nWhy not talk the night away?
COM_COOPERATION_answer_0141	Your passion moved both of them.\nReal trust has grown between them.
COM_COOPERATION_answer_0145	Your casual chatter has brought them closer.\nThey should play better from now.
COM_COOPERATION_answer_0146	Half-hearted is never good.\nThey don't seem to be listening to you.
COM_COOPERATION_answer_0148	They were aiming even higher.\nSometimes you must be strict.
COM_COOPERATION_answer_0149	They realize they still need more practice.\nThey'll work hard on their partnership.
COM_COOPERATION_answer_0153	They should produce fast-paced link-up play.\nTheir combination should bring the team wins.
COM_COOPERATION_answer_0154	Even wasted runs add variety to link-up play.\nThey didn't buy your one-sided view.
COM_COOPERATION_answer_0155	We should see varied link-up play.\nTheir combination should bring the team wins.
COM_COOPERATION_answer_0156	They already do that all the time.\nThey wanted ideas for more efficient moves.
COM_COOPERATION_answer_0157	Their flashy link-up play should wow the fans.\nTheir combination should bring the team wins.
COM_COOPERATION_answer_0158	Both seem uneasy about your approach.\nI fear mixed aims will disrupt their play.
COM_COOPERATION_answer_0159	They were in the mood for Chinese.\nYou should all have a good time tonight.
COM_COOPERATION_answer_0160	They weren't up for Chinese.\nThe dinner talk may fall flat.
COM_COOPERATION_answer_0161	They were in the mood for Italian.\nFuelled up, they'll train even harder.
COM_COOPERATION_answer_0162	They weren't up for Italian.\nThe dinner talk may fall flat.
COM_COOPERATION_answer_0163	They seem to agree.\nFine food should get them talking.
COM_COOPERATION_answer_0165	They don't seem keen.\nBoth wanted to keep their private time.
GAM_FRIENDLY_message_0000	This is a match that will be long-remembered.\nA new $c[FF6347FF]star is born$c.\n
GAM_FRIENDLY_message_0001	%s.\nOther teams will fear his $c[FF6347FF]dazzling skill$c.
GAM_FRIENDLY_message_0002	This victory greatly matured the team.\nSome $c[FF6347FF]players grew more than ever$c.
GAM_FRIENDLY_message_0003	%s.\nHis skills are becoming $c[FF6347FF]world class$c.
GAM_FRIENDLY_message_0004	%s.\nHis skills are drawing $c[FF6347FF]a lot of attention$c.
GAM_FRIENDLY_message_0005	%s.\nHis skills look $c[FF6347FF]steadier$c now.
GAM_FRIENDLY_message_0006	%s.\nHis shaky skills have $c[FF6347FF]improved a little$c.
GAM_FRIENDLY_message_0007	A very rewarding win.\nSome $c[FF6347FF]players improved more than expected$c.
GAM_FRIENDLY_message_0008	%s.\nHe really $c[FF6347FF]shone$c.
GAM_FRIENDLY_message_0009	It was a solid performance.\nEach player is $c[FF6347FF]clearly improving$c.
GAM_FRIENDLY_message_0010	%s.\nHis movement $c[FF6347FF]really worked$c.
GAM_FRIENDLY_message_0011	We got the result.\nSome players $c[FF6347FF]learned more than expected$c.
GAM_FRIENDLY_message_0012	%s.\nHis play is especially $c[FF6347FF]promising$c.
GAM_FRIENDLY_message_0013	A draw, but a match with many highlights.\nPlayers $c[FF6347FF]improved in their own areas$c.
GAM_FRIENDLY_message_0014	A draw with no decisive blow.\nStill, it was a $c[FF6347FF]good experience$c for the team.
GAM_FRIENDLY_message_0015	We scraped a draw, but it was a dull game.\nThey just got tired and $c[FF6347FF]gained little$c.
GAM_FRIENDLY_message_0016	%s.\nHis movement was $c[FF6347FF]especially flat$c.
GAM_FRIENDLY_message_0017	Sadly, we lost this one.\nBut this experience will $c[FF6347FF]pay off later$c.
GAM_FRIENDLY_message_0018	A total defeat.\nPlayers $c[FF6347FF]lost confidence$c and are reeling.
GAM_FRIENDLY_message_0019	This is a match that will be long-remembered.\nA new $c[FF6347FF]Key Player is born$c.
GAM_FRIENDLY_message_0020	%s.\nOther teams will fear $c[FF6347FF]tactics built around him$c.
GAM_FRIENDLY_message_0021	This victory greatly matured the team.\nSome $c[FF6347FF]players have widened their game$c.
GAM_FRIENDLY_message_0022	%s.\nFrom now on, he should $c[FF6347FF]lead the team$c.
GAM_FRIENDLY_message_0023	%s.\nHe should now become a $c[FF6347FF]core player$c for us.
GAM_FRIENDLY_message_0024	%s.\nHe should now $c[FF6347FF]contribute to the team$c.
GAM_FRIENDLY_message_0025	%s.\nHis style never fit, but it should $c[FF6347FF]get a bit better$c.
GAM_FRIENDLY_message_0026	A very rewarding win.\nOur tactics made the $c[FF6347FF]players move as one$c.
GAM_FRIENDLY_message_0027	%s.\nHe really $c[FF6347FF]shone$c.
GAM_FRIENDLY_message_0028	It was a solid performance.\nThe players $c[FF6347FF]share a clearer vision$c now.
GAM_FRIENDLY_message_0029	%s.\nHis movement $c[FF6347FF]really worked$c.
GAM_FRIENDLY_message_0030	We got the result.\nThe players $c[FF6347FF]learned each other's styles$c.
GAM_FRIENDLY_message_0031	%s.\nHis play is especially $c[FF6347FF]promising$c.
GAM_FRIENDLY_message_0032	A draw, but a match with many highlights.\nWe glimpsed $c[FF6347FF]style changes to suit key players$c.
GAM_FRIENDLY_message_0033	A draw with no decisive blow.\nStill, it was a $c[FF6347FF]good experience$c for the team.
GAM_FRIENDLY_message_0034	We scraped a draw, but it was a dull game.\nThey just got tired and $c[FF6347FF]gained little$c.
GAM_FRIENDLY_message_0035	%s.\nHis movement was $c[FF6347FF]especially flat$c.
GAM_FRIENDLY_message_0036	Sadly, we lost this one.\nBut this experience will $c[FF6347FF]pay off later$c.
GAM_FRIENDLY_message_0037	A total defeat.\nPlayers $c[FF6347FF]lost confidence$c and are reeling.
GAM_FRIENDLY_message_0038	This is a match that will be long-remembered.\nIt was the start of a $c[FF6347FF]great partnership$c.
GAM_FRIENDLY_message_0039	%s and %s.\nOther teams will fear this $c[FF6347FF]golden partnership$c.
GAM_FRIENDLY_message_0040	This victory greatly matured the team.\nSome $c[FF6347FF]pairs have deepened their trust$c.
GAM_FRIENDLY_message_0041	%s and %s.\nThey should form the $c[FF6347FF]world's best partnership$c.
GAM_FRIENDLY_message_0042	%s and %s.\nThey should show an $c[FF6347FF]incredible partnership$c.
GAM_FRIENDLY_message_0043	%s and %s.\nThey should show a $c[FF6347FF]strong partnership$c.
GAM_FRIENDLY_message_0044	%s and %s.\nThey never gelled, but should $c[FF6347FF]improve a bit$c.
GAM_FRIENDLY_message_0045	A very rewarding win.\nTeam partnerships have $c[FF6347FF]improved hugely$c.
GAM_FRIENDLY_message_0046	%s and %s.\nTheir combination really $c[FF6347FF]shone$c.
GAM_FRIENDLY_message_0047	It was a solid performance.\nTeam partnerships are $c[FF6347FF]steadily improving$c.
GAM_FRIENDLY_message_0048	%s and %s.\nTheir combination $c[FF6347FF]worked$c especially well.
GAM_FRIENDLY_message_0049	We got the result.\nThe players $c[FF6347FF]learned each other's moves$c.
GAM_FRIENDLY_message_0050	%s and %s.\nTheir combination is $c[FF6347FF]especially promising$c.
GAM_FRIENDLY_message_0051	A draw, but a match with many highlights.\nMatch experience is boosting $c[FF6347FF]team partnerships$c.
GAM_FRIENDLY_message_0052	A draw with no decisive blow.\nStill, it was a $c[FF6347FF]good experience$c for the team.
GAM_FRIENDLY_message_0053	We scraped a draw, but it was a dull game.\nThey just got tired and $c[FF6347FF]gained little$c.
GAM_FRIENDLY_message_0054	%s and %s.\nTheir combination was $c[FF6347FF]especially flat$c.
GAM_FRIENDLY_message_0055	Sadly, we lost this one.\nBut this experience will $c[FF6347FF]pay off later$c.
GAM_FRIENDLY_message_0056	A total defeat.\nPlayers $c[FF6347FF]lost confidence$c and are reeling.
GAM_FRIENDLY_message_0057	Impressive.\nThe $c[FF6347FF]best match$c this squad could play.
GAM_FRIENDLY_message_0058	%s.\nHe showed $c[FF6347FF]new potential$c. Expect more.
GAM_FRIENDLY_message_0059	Not winning with this squad suggests a problem.
GAM_FRIENDLY_message_0060	%s.\nIf anything, $c[FF6347FF]he may be the problem$c.
GAM_FRIENDLY_message_0061	Losing with this squad suggests a problem.
GAM_FRIENDLY_message_0062	%s.\nIf anything, $c[FF6347FF]he may be the problem$c.
GAM_FRIENDLY_message_0063	We managed to grab the win.
GAM_FRIENDLY_message_0064	%s.\nHis good form is $c[FF6347FF]lifting his teammates$c.
GAM_FRIENDLY_message_0065	This result is far from satisfying.
GAM_FRIENDLY_message_0066	%s.\nHis $c[FF6347FF]sluggish play$c is a bit worrying.
GAM_FRIENDLY_message_0067	An unsatisfying result.
GAM_FRIENDLY_message_0068	%s.\nHis $c[FF6347FF]sluggish play$c is a bit worrying.
GAM_FRIENDLY_message_0069	We need $c[FF6347FF]new players$c for next time.
COM_MEETING_question_0000	You called on %s.\nHow do you rate his recent work?
COM_MEETING_question_0001	New signing %s.\nHow will you present him to the team?
COM_MEETING_question_0002	His tactical eye is famous worldwide.\nHow will you raise his profile further?
COM_MEETING_question_0003	%s is troubled about his playing style.\nWhat advice will guide him?
COM_MEETING_question_0004	%s seems confused by the team's tactics.\nWhat advice will you give?
COM_MEETING_question_0005	%s doesn't fully grasp the tactics.\nWhat advice will you give?
COM_MEETING_question_0006	%s shone last match.\nHow do you rate his work?
COM_MEETING_question_0007	%s played it safe last match.\nHow do you rate his work?
COM_MEETING_question_0008	%s joined because he admires you.\nHow will you present him to the team?
COM_MEETING_question_0009	You called on %s, but\nhe's fed up with being singled out. What now?
COM_MEETING_question_0010	%s is troubled about his playing style.\nWhat advice will guide him?
COM_MEETING_question_0011	%s doesn't fully grasp the tactics.\nWhat advice will you give?
COM_MEETING_question_0012	You called on %s.\nHow do you rate his recent form?
COM_MEETING_choices_0000	Praise
COM_MEETING_choices_0001	Rate highly
COM_MEETING_choices_0002	Rate fairly
COM_MEETING_choices_0003	Rate poorly
COM_MEETING_choices_0004	Slam
COM_MEETING_choices_0005	Big prospect
COM_MEETING_choices_0006	Be nice to him
COM_MEETING_choices_0007	Funny guy
COM_MEETING_choices_0011	Fan Festival
COM_MEETING_choices_0012	Charity Match
COM_MEETING_choices_0013	Play smart
COM_MEETING_choices_0014	Use the team
COM_MEETING_choices_0015	Be yourself!
COM_MEETING_choices_0016	Follow orders
COM_MEETING_choices_0017	Trust the team
COM_MEETING_choices_0018	Up to you!
COM_MEETING_choices_0022	My protege
COM_MEETING_choices_0023	My comrade
COM_MEETING_choices_0024	My partner
COM_MEETING_choices_0025	Soothe
COM_MEETING_choices_0026	Flatter
COM_MEETING_choices_0027	My ideals
COM_MEETING_choices_0028	Play smart
COM_MEETING_choices_0029	Use the team
COM_MEETING_choices_0030	Be yourself!
COM_MEETING_choices_0031	Follow orders
COM_MEETING_choices_0032	Trust the team
COM_MEETING_choices_0033	Up to you!
COM_MEETING_choices_0034	Acclaim
COM_MEETING_choices_0035	Rate highly
COM_MEETING_choices_0036	Give a pass
COM_MEETING_choices_0037	Point out flaws
COM_MEETING_choices_0038	Complain
COM_MEETING_answer_0000	He took your words to heart.\nTeammates agree with your sharp assessment.
COM_MEETING_answer_0001	He accepts your assessment.\nHis teammates agree.
COM_MEETING_answer_0002	Not much reaction, but he partly accepts it.\nThe others' reactions are mixed.
COM_MEETING_answer_0003	He rejects your assessment and now distrusts you.\nI hope it doesn't affect the others...
COM_MEETING_answer_0004	%s clearly rejects your assessment.\nYour careless words changed the team's mood.
COM_MEETING_answer_0005	Can't say
COM_MEETING_answer_0006	%s was singled out again\nand is now sulking.
COM_MEETING_answer_0007	Feeling the team's hopes has fired him up.\nHe should settle in quickly now.
COM_MEETING_answer_0008	You seem to have put extra pressure on him.\nHe looks anxious about his new team.
COM_MEETING_answer_0009	The friendly mood put him at ease.\nHe should settle in quickly now.
COM_MEETING_answer_0010	He expected a tight, professional atmosphere.\nYour casual approach worries him.
COM_MEETING_answer_0011	His teammates welcomed him with smiles.\nHe should settle in quickly now.
COM_MEETING_answer_0012	Mocking him right away was unkind.\nHe looks anxious about his new team.
COM_MEETING_answer_0013	He should be great at coaching kids.\nExpect more from our club icon.
COM_MEETING_answer_0014	He'll win over crowds off the pitch too.\nExpect more from our club icon.
COM_MEETING_answer_0015	It should boost the team's image too.\nExpect more from our club icon.
COM_MEETING_answer_0016	It should draw a lot of fans.\nExpect more from our club icon.
COM_MEETING_answer_0017	Of course he'll gladly help.\nExpect more from our club icon.
COM_MEETING_answer_0018	Your words gave him clues to a new style.\nI sense he'll find his own style in matches.
COM_MEETING_answer_0019	There was nothing to worry about.\nHis current style is good enough.
COM_MEETING_answer_0020	Your strong words made him resolve to follow you.\nHis doubts about the tactics are gone.
COM_MEETING_answer_0021	He's fed up with your selfish ways.\nHe's now even more unsure of the tactics.
COM_MEETING_answer_0022	He's relieved he isn't alone.\nHis doubts about the tactics are gone.
COM_MEETING_answer_0023	He scorns a manager who won't own the tactics.\nHe's now even more unsure of the tactics.
COM_MEETING_answer_0024	He feels confident in what he's done so far.\nHis doubts about the tactics are gone.
COM_MEETING_answer_0025	He feels you've given up on him.\nHe's now even more unsure of the tactics.
COM_MEETING_answer_0026	He was already bored of the meeting.\nBeing called on just annoyed him.
COM_MEETING_answer_0033	Words from his mentor have moved him.\nHis teammates look up to him too.
COM_MEETING_answer_0034	Even from his mentor, that was too much for him.\nHis teammates were put off by your words.
COM_MEETING_answer_0035	He's savouring words from his mentor.\nHis teammates respect his ability.
COM_MEETING_answer_0036	Even from you, the words were a bit heavy.\nThe mood in the Meeting Room grew heavy.
COM_MEETING_answer_0037	He's happy to hear that from his mentor.\nHis teammates sense your deep bond.
COM_MEETING_answer_0038	Your words caught him by surprise.\nTeammates now wonder about you two.
COM_MEETING_answer_0039	He's calmed down enough to listen.
COM_MEETING_answer_0040	Soothing him didn't work.\nIf anything, it rubbed him the wrong way.
COM_MEETING_answer_0041	He's rather pleased.\nHis mood has improved.
COM_MEETING_answer_0042	Flattery got you nowhere.
COM_MEETING_answer_0043	He shares your ideals.\nHe's in a better mood.
COM_MEETING_answer_0044	He didn't get your ideals.\nYou've only made him feel worse.
COM_MEETING_answer_0045	Your words clearly boosted his trust in you.\nWith firm trust, he may find a new playing style.
COM_MEETING_answer_0046	There was nothing to worry about.\nHis current style is good enough.
COM_MEETING_answer_0047	Your strong words eased his doubts.\nWith more trust, his doubts should vanish.
COM_MEETING_answer_0048	He's fed up with your selfish ways.\nHe's now even more unsure of the tactics.
COM_MEETING_answer_0049	He's relieved he isn't alone.\nWith more trust, his doubts should vanish.
COM_MEETING_answer_0050	He scorns a manager who won't own the tactics.\nHe's now even more unsure of the tactics.
COM_MEETING_answer_0051	He feels confident in what he's done so far.\nWith more trust, his doubts should vanish.
COM_MEETING_answer_0052	He feels you've given up on him.\nHe's now even more unsure of the tactics.
COM_MEETING_answer_0053	%s was deeply moved by your words.\nThe whole team is devoted to your football.
COM_MEETING_answer_0054	Your rating renewed his resolve.\nMany players grasp your hunger to win.
COM_MEETING_answer_0055	%s accepts your fair assessment.\nThe others seem to accept your view too.
COM_MEETING_answer_0056	He can't accept your assessment.\nSome players look unhappy too.
COM_MEETING_answer_0057	His face shows clear distrust of you.\nHis teammates are complaining too.
COM_MEETING_answer_0058	He doesn't seem keen.\nHe wanted to keep his private time.
MAN_TRADE_seat_0002	Trades open
MAN_TRADE_seat_0003	No trades
MAN_TRADE_seat_0004	Offer sent
MAN_TRADE_seat_0005	Waiting
MAN_TRADE_seat_0006	---
MAN_TRADE_seat_0007	Accept trades
MAN_TRADE_seat_0008	Refuse trades
MAN_TRADE_seat_0009	Change player
MAN_TRADE_message_0000	Offer trades to other teams until 30 sec before kick-off.\nThe trade goes through when they offer one back.
MAN_TRADE_message_0001	This satellite can't take trade offers.
MAN_TRADE_message_0002	Trade offered to %s.\nThe trade goes through when they offer one back.
MAN_TRADE_message_0003	$c[FF6347FF]It's the same player$c.\nThe trade can't be made.
MAN_TRADE_message_0004	$c[FF6347FF]Select a player to trade$c.\nYou can't trade without selecting a player to give.
MAN_TRADE_message_0005	You've offered them a trade.\nThe trade goes through when they offer one back.
MAN_TRADE_message_0006	Accepted %s's offer. Trade agreed.
MAN_TRADE_message_0007	Accept trade offers from other satellites.
MAN_TRADE_message_0008	Trades allowed until 30 sec before kick-off.
MAN_TRADE_message_0009	Offers from other satellites will be refused.\nAll existing offers will be $c[FF6347FF]cancelled$c.
MAN_TRADE_message_0010	All $c[FF6347FF]trade offers will be cancelled$c.\nTrades allowed until 30 sec before kick-off.
MAN_TRADE_message_0011	Change trade player.\nAll existing offers will be $c[FF6347FF]cancelled$c.
MAN_TRADE_message_0012	All $c[FF6347FF]trade offers will be cancelled$c and the player changed.\nTrades allowed until 30 sec before kick-off.
MAN_TRADE_message_0013	Select a player to give in trades and press the OK button.\nA player can $c[FF6347FF]move at most 2 times$c.
MAN_TRADE_message_0014	Their player $c[FF6347FF]is already on your team.$c\nThe trade can't be made.
MAN_TRADE_message_0015	You must select a player to give to trade.\nPlease select a player.
MAN_TRADE_window_0000	Hold
MAN_TRADE_window_0001	Don't hold
MAN_TRADE_window_0002	Trade on the terms below.\n\n\n\nSend the trade offer?
MAN_TRADE_window_0003	The trade is complete.\n\nAfter a $c[FF6347FF]Team Entry$c,\nyou can use the player\nyou traded for.
MAN_TRADE_window_0004	A traded player is not yet registered.\nPut his joining on hold?\n\n※ If held, he can't play until registered.\n※ On hold: up to 15 others can be registered.
MAN_TRADE_window_0005	Trade on the terms below.\n\n\n\nThe player you get can't be traded again.\nSend the trade offer?
MAN_TRADE_window_0006	Trade on the terms below.\n\n\n\nThe player you give can't be traded again.\nSend the trade offer?
MAN_TRADE_window_0007	Trade on the terms below.\n\n\n\nNeither player can be traded again.\nSend the trade offer?
MAN_TRADE_window_0008	Trade offer sent.\n\nDuring an offer,\nyou can't change your Team Entry.\nAfter the trade,\nyou must register him in $c[FF6347FF]Team Entry$c.
MAN_TRADE_window_0009	A traded player is waiting.\n\nTo make a new trade,\nregister him in $c[FF6347FF]Team Entry$c\nor decline him.
MAN_TRADE_window_0010	Not registering or holding deletes his data.\nDelete the traded player's data?
MAN_TRADE_window_0013	\nOnly 1 trade per Team Management session.\nPlease wait for the next one.
MAN_TRADE_player_0000	Pick Player
MAN_TRADE_player_0001	Release
MAN_TRADE_player_0002	Transfer
MAN_TRADE_player_0003	No trade
GAM_HALF_message_0000	Stamina is an issue, but we have a big lead.\nGive orders and make sure of the win.
GAM_HALF_message_0001	We lead, but stamina is a bit of a worry.\nGive orders for the 2nd half.
GAM_HALF_message_0002	Both sides are giving everything. Neck and neck.\nMind the stamina and plan for the 2nd half.
GAM_HALF_message_0003	We've conceded the first goal.\nSet a 2nd-half plan to turn it around.
GAM_HALF_message_0004	They control the pace, and stamina is a worry.\nGive orders and get the match back on track.
GAM_HALF_message_0005	They look tired, but we control the game.\nShow your skill and seal the win.
GAM_HALF_message_0006	We lead, but some players are low on stamina.\nGive orders and enter the 2nd half calmly.
GAM_HALF_message_0007	A breathless 1st half.\nIt may stay tense to the end, depending on us.
GAM_HALF_message_0008	We end the 1st half a goal behind.\nBut your tactics can still turn it around.
GAM_HALF_message_0009	We end the 1st half well behind.\nUse your tactics to turn this around.
GAM_HALF_message_0010	We dominated the 1st half.\nGive orders and make the win certain.
GAM_HALF_message_0011	We're leading comfortably.\nGive 2nd-half orders to protect the lead.
GAM_HALF_message_0012	A tense 1st half.\nYour tactics will decide it.
GAM_HALF_message_0013	Only 1 goal down. It's not over.\nGive 2nd-half orders and fight back.
GAM_HALF_message_0014	Stamina is fine, but we're under heavy pressure.\nGive 2nd-half orders to stop the rot.
GAM_HALF_message_0015	End of the 1st half.
GAM_HALF_message_0016	Order for the 2nd half: "$c[FF6347FF]%s$c".\nThe 2nd half starts soon.
GAM_HALF_message_0018	You trust the players: no orders.\nThe 2nd half begins now.
GAM_HALF_button_0001	No order
GAM_HALF_order_0000	You trust the players: no orders.
GAM_HALF_order_0001	Be clinical
GAM_HALF_order_0002	Tighten up
GAM_HALF_order_0003	Keep the ball
GAM_HALF_order_0004	Win the ball
GAM_HALF_order_0005	Attack fast
GAM_HALF_order_0006	Win duels
GAM_HALF_order_0010	End with a shot
GAM_HALF_order_0011	Close the gaps
GAM_HALF_order_0012	Keep passing
GAM_HALF_order_0013	Press early
GAM_HALF_order_0014	Trust your pace
GAM_HALF_order_0015	Use the target man
GAM_HALF_order_0016	Check positions
GAM_HALF_order_0017	Outwit them
GAM_HALF_order_0018	Go 1-on-1
GAM_HALF_order_0019	Mark tightly
GAM_HALF_order_0020	Pass quickly
GAM_HALF_order_0021	Quick transitions
GAM_HALF_order_0022	Win it, go long
GAM_HALF_order_0023	Win the ball high
GAM_HALF_order_0024	Use the flanks
GAM_HALF_order_0025	Use the middle
GAM_HALF_order_0026	Lead the back line
GAM_HALF_order_0027	Pass it forward
GAM_HALF_order_0028	Seize chances
GAM_HALF_order_0029	Stay focused
GAM_HALF_order_0030	Sharpen link-ups
GAM_HALF_order_0031	Hit fast counters
GAM_HALF_order_0032	Overlap
GAM_HALF_order_0033	Move fluidly
GAM_HALF_order_0034	Use the space
GAM_HALF_order_0035	Short passes
GAM_HALF_order_0036	Show your training
GAM_HALF_order_0037	Guard the goal
GAM_HALF_order_0038	Run in behind
GAM_HALF_order_0039	Never give up
GAM_HALF_order_0040	Outpass them
GAM_HALF_order_0041	Show your skills
GAM_HALF_order_0042	Move ball and men
GAM_HALF_order_0043	Dominate as a team
INF_CLUBHOUSER_contents_0001	Manager's Office
INF_CLUBHOUSER_contents_0002	Meeting Room
INF_CLUBHOUSER_contents_0003	Lounge
INF_CLUBHOUSER_contents_0004	Medical Room
INF_CLUBHOUSER_message_0000	Our funds now allow facility renovations.\nWe'll also $c[FF6347FF]rebuild the cramped clubhouse$c itself.
INF_CLUBHOUSER_message_0001	Select a facility to renovate.
INF_CLUBHOUSER_message_0002	A renovated pitch\nmay fire up the players.
INF_CLUBHOUSER_message_0003	A renovated Manager's Office may\nhelp players trust and heed you.
INF_CLUBHOUSER_message_0004	A renovated Meeting Room\nmay make players take your ratings to heart.
INF_CLUBHOUSER_message_0005	A renovated Lounge\nmay get players mixing more.
INF_CLUBHOUSER_message_0006	A renovated Medical Room\nmay speed up stamina and injury recovery.
INF_CLUBHOUSER_message_0007	After this match we will\ndo the renovation and clubhouse rebuild.
INF_CLUBHOUSER_message_0008	After the match: $c[FF6347FF]%s$c renovation\nand a $c[FF6347FF]clubhouse rebuild$c.
INF_CLUBHOUSER_message_0009	Renovating the pitch and clubhouse\nmay fire up the players.
INF_CLUBHOUSER_message_0010	Renovating the office and clubhouse\nmay help players heed your orders.
INF_CLUBHOUSER_message_0011	Renovating the Meeting Room and clubhouse\nmay make players take your ratings to heart.
INF_CLUBHOUSER_message_0012	Renovating the Lounge and clubhouse\nmay get players mixing more.
INF_CLUBHOUSER_message_0013	Renovating the Medical Room and clubhouse\nmay speed up stamina and injury recovery.
INF_CLUBHOUSER_message_0014	Our funds now allow facility renovations.\nLet's renovate to $c[FF6347FF]enrich Communication$c with players.
INF_CLUBHOUSER_message_0016	After the match: $c[FF6347FF]%s$c renovation.
INF_CLUBHOUSER_message_0017	A renovated pitch\nwill surely fire up the players.
INF_CLUBHOUSER_message_0018	A renovated office\nwill help players trust and heed you.
INF_CLUBHOUSER_message_0019	A renovated Meeting Room\nwill make your ratings sink in.
INF_CLUBHOUSER_message_0020	A renovated Lounge\nwill get players mixing more.
INF_CLUBHOUSER_message_0021	A renovated Medical Room\nwill speed up stamina and injury recovery.
TRA_SCENE_icon_0000	Finish
TRA_SCENE_state_0000	Spine-tingling.\nTheir play is poetry in motion.
TRA_SCENE_state_0007	The players rest at home.
TRA_SCENE_state_0008	Each player does his own routine.
TRA_SCENE_state_0009	The players don't seem tired.
TRA_SCENE_state_0010	The players are tired of all this rest.
TRA_SCENE_state_0011	Resting when finances are shaky\nhas started bad rumours among the players.
TRA_SCENE_stamina_0000	$c[FF6347FF]Watch stamina$c and press the Shoot button to $c[FF6347FF]end training$c.
TRA_SCENE_stamina_0001	$c[FF6347FF]Watch stamina$c and press the Shoot button to $c[FF6347FF]end training$c.
TRA_SCENE_stamina_0002	$c[FF6347FF]Watch stamina$c and press the Shoot button to $c[FF6347FF]end training$c.
TRA_SCENE_stamina_0003	Many players are near their $c[FF6347FF]limit$c.\n$c[FF6347FF]Watch stamina$c and press the Shoot button to $c[FF6347FF]end training$c.
TRA_SCENE_stamina_0004	$c[FF6347FF]Training too long$c is $c[FF6347FF]dangerous$c.\n$c[FF6347FF]Watch stamina$c and press the Shoot button to $c[FF6347FF]end training$c.
TRA_SCENE_end_0000	Training is now over.\nIt was light, so the players look fresh.
TRA_SCENE_end_0001	Training is now over.
TRA_SCENE_end_0002	Training is now over.\nIt was tough, but expect $c[FF6347FF]better results than usual$c.
TRA_SCENE_end_0003	They're exhausted; no one can move.\nMore would be dangerous, so training ended.
TRA_SCENE_end_0004	Something's not right.\nLet's stop training for now.
TRA_SCENE_end_0005	The match is coming up.\nSorry, but let's stop training here.
TRA_SCENE_end_0006	Training is now over.\nIt was tough, but it brought $c[FF6347FF]big results$c.
TRA_SCENE_end_0007	Training is now over.\nIt was tough, but it brought $c[FF6347FF]huge results$c.
NET_TWIT_data_area_0000	[AC #%d (%s) result] %s produced %s Area Champion "%s (Manager %s)"!
NET_TWIT_data_japan_0000	[JWC #%d result] %s produced the national champion "%s (Manager %s)"!
NET_TWIT_data_world_0000	[WWC #%d result] %s produced the world champion "%s (Manager %s)"!
NET_TWIT_WT_area_0000	[WT Ranking %d/%d-%d/%d] %s produced %s Area No.1 "%s (Manager %s)"!
NET_TWIT_WTjapan_0000	[WT Ranking %d/%d-%d/%d] %s produced national No.1 "%s (Manager %s)"!
NET_TWIT_event_0000	[WCCF National News] "Manager %s/%s" won a first World Trophy!
NET_TWIT_event_0001	[WCCF National News] "%s (Manager %s)/%s" won the World Trophy %d times in a row!
NET_TWIT_event_0002	Won every in-store title and began a golden era! [WCCF News]
NET_TWIT_playlog_0000	vs "%s (Manager %s)/%s" %d - %d: %s (%s) [WCCF News]
NET_TWIT_playlog_0001	%d wins in a row! [WCCF News]
NET_TWIT_playlog_0002	Won the %s! [WCCF News]
NET_TWIT_playlog_0003	Moved to %s Div (%s). [WCCF News]
NET_TWIT_playlog_0004	vs "%s (Manager %s)/%s" %d - %d (PK: %d - %d): %s (%s) [WCCF News]
NET_TWIT_playlog_0005	Win
NET_TWIT_playlog_0006	Draw
NET_TWIT_playlog_0007	Loss
NET_TWIT_playlog_0008	The club is in financial trouble... [WCCF News]
NET_TWIT_playlog_0009	"%s (Manager %s)" vs "%s (Manager %s)" %d - %d: %s (%s) [WCCF News]
NET_TWIT_playlog_0010	"%s (Manager %s)" vs "%s (Manager %s)" %d - %d (PK: %d - %d): %s (%s) [WCCF News]
NET_TWIT_title_0018	-
NET_TWIT_week_0000	Sunday
NET_TWIT_updown_0000	Promoted
NET_TWIT_updown_0001	Relegated
GAM_OROGINAL_stadium_0027	Estadio Salvador
GAM_OROGINAL_stadium_0041	Johannesburg Stadium
GAM_OROGINAL_stadium_0042	Durban Stadium
GAM_OROGINAL_stadium_0043	Cape Town Stadium
GAM_OROGINAL_stadium_0044	Pretoria Stadium
GAM_OROGINAL_stadium_0045	Port Elizabeth Stadium
GAM_OROGINAL_stadium_0046	Busan Stadium
GAM_OROGINAL_stadium_0047	Seoul Football Stadium
GAM_OROGINAL_stadium_0048	Daegu Stadium
GAM_OROGINAL_stadium_0049	Incheon Seaside Park
GAM_OROGINAL_stadium_0050	Suwon Star Stadium
GAM_OROGINAL_stadium_0051	Beijing Memorial Park
GAM_OROGINAL_stadium_0052	Shanghai Marine Park
GAM_OROGINAL_stadium_0053	Dalian Big Wave
GAM_OROGINAL_stadium_0054	Taipei Football Stadium
GAM_OROGINAL_stadium_0055	Chengdu Stadium
GAM_OROGINAL_stadium_0057	Aomori Apple Swan
GAM_OROGINAL_stadium_0058	Fjord Stadium
GAM_OROGINAL_stadium_0059	Crescent Moon Stadium
GAM_OROGINAL_stadium_0060	Bamboo Candle Park
GAM_OROGINAL_stadium_0062	Hibiscus Stadium
GAM_OROGINAL_stadium_0064	Tochigi Masurao Stadium
GAM_OROGINAL_stadium_0067	Chiba Seaside Stadium
GAM_OROGINAL_stadium_0073	Mirage Dome
GAM_OROGINAL_stadium_0074	Kaga Hyakumangoku Stadium
GAM_OROGINAL_stadium_0075	Echizen Ono Memorial Park
GAM_OROGINAL_stadium_0078	Sekigahara Country Stadium
GAM_OROGINAL_stadium_0081	Nagoya Crown Stadium
GAM_OROGINAL_stadium_0082	Suzuka Firefly Stadium
GAM_OROGINAL_stadium_0083	Shiga Lake Park
GAM_OROGINAL_stadium_0086	Kobe Victory Ship
GAM_OROGINAL_stadium_0087	Yamatokoriyama Goldfish Park
GAM_OROGINAL_stadium_0088	Wakayama Plum Park
GAM_OROGINAL_stadium_0089	Tottori Camel Hump
GAM_OROGINAL_stadium_0090	Delaware Stadium
GAM_OROGINAL_stadium_0092	Hiroshima Big Wing
GAM_OROGINAL_stadium_0093	Shimonoseki Balloon Stadium
GAM_OROGINAL_stadium_0094	Tokushima Sports Park
GAM_OROGINAL_stadium_0095	Sanuki Big Mountain
GAM_OROGINAL_stadium_0096	Ehime Summer Eye Stadium
GAM_OROGINAL_stadium_0097	Katsurahama Dragon Horse Stadium
GAM_OROGINAL_stadium_0100	Nagasaki Poppen Dome
GAM_OROGINAL_stadium_0103	Miyazaki Hamayu Seed
GAM_OROGINAL_stadium_0104	Kagoshima Vulcan Stadium
GAM_OROGINAL_stadium_0105	Ryukyu Memorial Stadium
GAM_OROGINAL_stadium_0116	Estadio Lisboa
GAM_OROGINAL_stadium_0117	Estadio Coimbra
GAM_OROGINAL_stadium_0118	Estadio Leiria
GAM_OROGINAL_stadium_0119	Estadio Funchal
GAM_OROGINAL_stadium_0120	St. Petersburg Stadium
GAM_OROGINAL_stadium_0121	Kazan Stadium
GAM_OROGINAL_stadium_0122	Vladikavkaz Stadium
GAM_OROGINAL_stadium_0123	Volgograd Stadium
INF_STADIUMF_message_0001	%s now has\n$c[FF6347FF]brand-new turf$c.
INF_STADIUMF_message_0002	%s now has\n$c[FF6347FF]new floodlights$c.
INF_STADIUMF_message_0003	%s gained $c[FF6347FF]more seats$c,\nraising capacity to 25,000.
INF_STADIUMF_message_0004	%s now has\n$c[FF6347FF]a new roof$c.
INF_STADIUMF_message_0005	%s gained $c[FF6347FF]a 2nd tier$c,\nraising capacity to 50,000.
INF_STADIUMF_message_0006	%s gained $c[FF6347FF]a 3rd tier$c,\nraising capacity to 85,000.
INF_STADIUMF_message_0007	%s is now\n$c[FF6347FF]a domed stadium$c.
INF_STADIUMF_message_0009	%s now has\n$c[FF6347FF]a new building$c.
INF_STADIUMF_message_0010	%s now has\n$c[FF6347FF]a rebuilt building$c.
INF_STADIUMF_message_0011	%s now has\n$c[FF6347FF]a new monument$c.
INF_STADIUMF_message_0012	%s now has\n$c[FF6347FF]a rebuilt monument$c.
INF_STADIUMF_message_0013	%s is now\none of the world's $c[FF6347FF]great domed stadiums$c.
INF_STADIUMF_message_0014	%s now has\nan $c[FF6347FF]arch$c symbolizing the club's prestige.
INF_STADIUMF_contents_0000	Max capacity: %d
MAN_APPLICATION_seat_0003	Available
MAN_APPLICATION_seat_0007	$%dM + $%d00
MAN_APPLICATION_seat_0008	Requested
MAN_APPLICATION_seat_0009	Can challenge
MAN_APPLICATION_seat_0010	Accepting
MAN_APPLICATION_seat_0011	Competing
MAN_APPLICATION_seat_0013	Vs CPU
MAN_APPLICATION_action_0001	Vs .Net FRIEND
MAN_APPLICATION_action_0002	Play a CPU team
MAN_APPLICATION_message_0005	Challenge a chosen opponent until 60 sec before kick-off.\nThe match is set when they challenge you back.
MAN_APPLICATION_message_0006	Be matched with a random opponent.\nOpponent decided 20 sec before kick-off.
MAN_APPLICATION_message_0007	Play a CPU team as strong as your club.\nOpponent decided 20 sec before kick-off.
MAN_APPLICATION_message_0008	This is your club.
MAN_APPLICATION_message_0009	You have challenged this club.\nThe match is set when they challenge you back.
MAN_APPLICATION_message_0010	You challenged %s.\nThe match is set when they challenge you back.
MAN_APPLICATION_message_0011	You challenged %s.
MAN_APPLICATION_message_0012	You can't send a challenge.
MAN_APPLICATION_message_0013	No opponent set. Back to the office.\nChangeable until 60 sec before kick-off.
MAN_APPLICATION_message_0014	Opponent set to a CPU team.\nChangeable until 60 sec before kick-off.
INF_TERM_message_0000	Your contract's final match is here.
INF_TERM_message_0001	Under you, the team is $c[FF6347FF]reborn and far stronger$c.\nLead us to victory in the last match too!!
INF_TERM_message_0002	Thanks to you, the team $c[FF6347FF]improved nicely$c.\nWin this one too and go out on a high!!
INF_TERM_message_0003	You got $c[FF6347FF]a fair amount$c out of this team.\nEnd by leading the team to victory!!
INF_TERM_message_0004	This team $c[FF6347FF]could have aimed a bit higher$c.\nGo all out for a win in the finale!!
INF_TERM_message_0005	With this team, $c[FF6347FF]results didn't go our way$c.\nWin the last match to set up your next step!!
MAN_Regist_menu_0000	Team Entry
MAN_Regist_menu_0002	Trade Offer
MAN_Regist_menu_0003	Data Match Entry
MAN_Regist_message_0000	Register players, set tactics and more.\nTeam Entry closes 30 sec before kick-off.
MAN_Regist_message_0001	Challenge players in this arcade or set a CPU match.\nChallenges close 60 sec before kick-off.
MAN_Regist_message_0002	Offer player trades to others in this arcade.\nTrade offers close 30 sec before kick-off.
MAN_Regist_message_0003	Register for the $c[FF6347FF]AREA CHAMPIONSHIP$c.\nEntry closes 30 sec before kick-off.
MAN_Regist_message_0004	You can resign before your contract ends.
MAN_Regist_message_0005	Register for the $c[FF6347FF]ASIA CHAMPIONSHIP$c.\nEntry closes 30 sec before kick-off.
COM_MEDIVICTORY_question_0000	%s helped us win the cup.\nWhat will you give him as thanks?
COM_MEDIVICTORY_choices_0000	Time off
COM_MEDIVICTORY_choices_0001	Fancy meal
COM_MEDIVICTORY_choices_0002	Bath coupon
COM_MEDIVICTORY_answer_0000	Your grateful gift of time off\nwill surely ease his fatigue.
COM_MEDIVICTORY_answer_0001	It dampened his drive to keep going.
COM_MEDIVICTORY_answer_0002	Diet is key to condition.\nA finer meal than usual refreshed body and mind.
COM_MEDIVICTORY_answer_0003	He overate at last night's victory party.\nHe can't eat any more...
COM_MEDIVICTORY_answer_0004	You told him to take his teammates.\nHe loved the gesture.
COM_MEDIVICTORY_answer_0005	If giving a gift, wasn't there something better?\nA coupon let him down...
INF_068_title_0000	$p[16]$t[0:1]★★★$t$p  END OF LOAN  $p[16]$t[0:1]★★★$t$p
INF_068_message_0000	A player on loan at another club\nhas returned to our team.
INF_068_message_0001	The loan has $c[FF6347FF]helped him grow enormously$c.\nExpect big things from him.
INF_068_message_0002	The loan seems to have $c[FF6347FF]helped him develop$c.\nExpect big things from him.
INF_068_message_0003	The loan $c[00BFFFFF]didn't teach him much$c.\nExpect big things from him.
INF_COACHTRAINING_message_0000	Your last club's success earned you new drills.\nIt shapes how the team develops - choose wisely.
INF_COACHTRAINING_message_0001	The training menu will now change.\n
INF_COACHTRAINING_message_0003	Your training for this team is now set.\nUse your past experience to build a powerhouse!
INF_COACHTRAINING_contents_0000	Drill:
INF_COACHTRAINING_contents_0001	Effect 1:
INF_COACHTRAINING_contents_0002	Effect 2:
INF_COACHTRAINING_contents_0003	To add your newly learned drill,\nyou must drop one from the training menu.\nSelect the drill to drop.
INF_COACHTRAINING_contents_0007	$c[FF6347FF]Remove$c "%s"?
INF_LEAGUE_message_0000	Regular League %s %s - congratulations!\nAs a result, we are $c[FF6347FF]promoted$c to %s.
INF_LEAGUE_message_0001	After our Regular League %s %s finish,\nwe have been $c[00BFFFFF]relegated$c to %s.
INF_LEAGUE_message_0002	$c[FF6347FF]Relegation$c to %s\nalso cost us our %s place.
INF_LEAGUE_division_0000	Premier Division
INF_LEAGUE_division_0001	1st Division
INF_LEAGUE_division_0002	2nd Division
INF_LEAGUE_division_0003	3rd Division
INF_LEAGUE_division_0004	4th Division
INF_LEAGUE_ranking_0002	7th
INF_LEAGUE_ranking_0003	8th
INF_PARTNER_message_0000	Oh?\nSomeone's still in the locker room.
INF_PARTNER_message_0001	%s appears.
INF_PARTNER_message_0002	%s and %s appear.
INF_PARTNER_message_0003	%s, %s\nand %s appear.
INF_PARTNER_message_0004	%s, %s,\n%s and %s appear.
INF_PARTNER_message_0005	They want to take on the new team with you.\nThey'll bring $c[FF6347FF]all their experience$c to the new club.
INF_073_title_0000	$p[16]$t[0:1]★★★$t$p  ASIA CHAMPION  $p[16]$t[0:1]★★★$t$p
INF_073_message_0000	You are the $c[FF6347FF]ASIA CHAMPIONSHIP champion$c.\nCongratulations.
INF_073_message_0001	Your fame is now spreading around the world.\nKeep fighting in a way worthy of Asia's No.1.
MAN_MANAGER_header_0000	Lv:
MAN_MANAGER_header_0005	World Trophy Best:
MAN_MANAGER_header_0014	1st
MAN_MANAGER_header_0015	2nd
MAN_MANAGER_header_0016	3rd
MAN_MANAGER_header_0017	4th
MAN_MANAGER_header_0018	5th
MAN_MANAGER_header_0019	6th
MAN_MANAGER_header_0020	7th
MAN_MANAGER_header_0021	8th
MAN_MANAGER_header_0022	Monthly WCFA Ranking:
MAN_MANAGER_header_0023	Monthly WCFA Points:
MAN_MANAGER_header_0024	Monthly World Trophy Streak:
MAN_MANAGER_header_0025	Prize Money Ranking:
MAN_MANAGER_header_0026	Japan
MAN_MANAGER_header_0027	Area
MAN_MANAGER_contents_0001	%d / %d
MAN_MANAGER_contents_0002	$%dM + $%d00
MAN_MANAGER_contents_0003	W%d
MAN_MANAGER_contents_0004	L%d
MAN_MANAGER_contents_0005	D%d
MAN_MANAGER_contents_0007	Class %d
MAN_MANAGER_message_0000	Your record so far.
MAN_MANAGER_message_0001	Your record so far.\nNational ranks update once a day.
INF_070_title_0000	$p[16]$t[0:1]★★★$t$p  WORLD WINNER'S CHAMPIONSHIP  $p[16]$t[0:1]★★★$t$p
INF_070_contents_0000	Previous
INF_070_contents_0001	World:
INF_070_contents_0002	1st Round Lost
INF_070_contents_0003	BEST 8
INF_070_contents_0004	BEST 4
INF_070_message_0000	Thanks for playing in the WORLD WINNER'S CHAMPIONSHIP.\nGood luck next time.
INF_FANEVENT_title_0000	Local Fan Meet
INF_FANEVENT_title_0001	Domestic Tour
INF_FANEVENT_title_0002	World Tour
INF_FANEVENT_fan_0000	Event Turnout:
INF_FANEVENT_fan_0001	fans
INF_FANEVENT_fan_0002	%d0K
INF_FANEVENT_fan_0003	%d00M
INF_FANEVENT_money_0000	Income:
INF_FANEVENT_money_0001	$%d,000,000
INF_FANEVENT_contents_0001	$%d million
INF_FANEVENT_contents_0003	%s UP↑
INF_FANEVENT_message_0000	As our team keeps rising,\na $c[FF6347FF]fan event will be held$c.
INF_FANEVENT_message_0001	Let's reward all the fans who came\nand aim even higher!!
INF_057_title_0000	$p[16]$t[0:1]★★★$t$p  AREA CHAMPIONSHIP  $p[16]$t[0:1]★★★$t$p
INF_057_contents_0000	Previous
INF_057_contents_0001	Area:
INF_057_contents_0005	BEST 16
INF_057_contents_0006	BEST 8
INF_057_contents_0007	BEST 4
INF_057_message_0000	Thanks for playing in the AREA CHAMPIONSHIP.\nGood luck next time.
INF_COACH_message_0000	With the team in fine form,\n$c[FF6347FF]a leading coach from %s$c will visit us.
INF_COACH_message_0001	To train under this coach,\n$c[FF6347FF]pick the special menu$c in Team Training.
INF_COACH_country_0008	North America
INF_COACH_country_0009	Africa
INF_COACH_country_0010	Asia
MAN_DAT_message_0000	Team Data lets you look back on the club's history.
MAN_DAT_message_0001	Player Data shows your players' profiles.
MAN_DAT_message_0002	Manager Data shows your career so far.
MAN_DAT_message_0003	Partnership Data shows the team's partnerships.
INF_CAPTAIN_message_0000	Congratulations, new Manager.
INF_CAPTAIN_message_0001	A new challenge begins.\nLet's build $c[FF6347FF]the strongest club$c with the players.
INF_CAPTAIN_message_0002	Captain $c[FF6347FF]%s$c has come to greet you.
COM_FINEDF_question_0000	%s was $c[FF6347FF]superb$c in the last match.\nTo go higher, what do you want from him?
COM_FINEDF_choices_0000	Join attacks
COM_FINEDF_choices_0001	Solid defence
COM_FINEDF_choices_0002	Line control
COM_FINEDF_choices_0003	Hard tackles
COM_FINEDF_choices_0004	Transitions
COM_FINEDF_choices_0005	Focus
MAN_MAP_header_0002	Manager's Office
MAN_MAP_header_0003	Meeting Room
MAN_MAP_header_0004	Lounge
MAN_MAP_header_0005	Medical Room
MAN_MAP_header_0007	Corridor
MAN_MAP_explain_0000	Team Training
MAN_MAP_explain_0001	Assign Roles
MAN_MAP_explain_0002	Solo Training
MAN_MAP_explain_0003	Team Entry
MAN_MAP_explain_0010	Worries & Gripes
MAN_MAP_explain_0011	Partnership Data
MAN_MAP_explain_0012	Partnership Eval.
MAN_MAP_explain_0013	Fitness
MAN_MAP_explain_0014	Abilities UP
MAN_MAP_explain_0015	Assign Roles
MAN_MAP_explain_0016	Special Abil. UP
MAN_MAP_explain_0017	Partnership UP
MAN_MAP_explain_0018	Injury & Stamina
INF_GOLDENR_message_0000	$c[FF6347FF]Every title won$c - congratulations!\nOur golden era has returned.
INF_GOLDENR_message_0001	As an ever-winning side,\nkeep leading the football world.
INF_CRISIS_message_0000	URGENT! Due to a high wage bill,\nyour club is $c[FF6347FF]in the red$c!
INF_CRISIS_contents_0000	Your Salary:
INF_CRISIS_contents_0001	$%d million
INF_CRISIS_contents_0003	%d percent DOWN↓
MAN_PLAYER_header_0003	Player Data
MAN_PLAYER_header_0005	Appearances:
MAN_PLAYER_header_0006	Goals:
MAN_PLAYER_header_0007	Assists:
MAN_PLAYER_contents_0006	Special Abilities
MAN_PLAYER_contents_0007	Abilities
MAN_PLAYER_contents_0008	Scouted
MAN_PLAYER_message_0000	Select a player to view\nhis detailed data.
COM_TIME_answer_0000	It's almost kick-off time.\nWith no instructions, he left disappointed.
GAM_PRIZE_states_0001	Match Prize
GAM_PRIZE_states_0002	$%d million
GAM_PRIZE_states_0005	$%d million
GAM_PRIZE_states_0008	$%d million
GAM_PRIZE_states_0012	Club Income
GAM_PRIZE_states_0013	$%d million
GAM_OPENING_status_0004	$%dM + $%d00
GAM_OPENING_status_0008	%d fans
GAM_OPENING_status_0011	---
GAM_CONTINUE_states_0003	Shots
GAM_CONTINUE_states_0004	On Target
GAM_CONTINUE_states_0008	Corners
GAM_CONTINUE_states_0009	Penalties
GAM_CONTINUE_states_0010	Yellow Cards
GAM_CONTINUE_states_0012	%d'
TRA_RESULT_message_0000	The players loved the day off.\nTheir motivation is up, too.
TRA_RESULT_message_0001	The players got a good long rest.\nTheir fatigue should be gone now.
TRA_RESULT_message_0002	The players prepared for the next match.\nTheir condition is up, too.
TRA_RESULT_message_0100	Training would help them more than rest.
TRA_RESULT_message_0101	Too much rest and the players will get rusty.
TRA_RESULT_message_0102	The day off only made the players uneasy.
TRA_RESULT_message_0003	%s has picked up an injury.\nTraining must stop.
TRA_RESULT_message_0115	Your passion for the team has won them over.\nTraining this hard will take the team $c[FF6347FF]even higher$c.
TRA_RESULT_message_0098	Extra-tough training has $c[FF6347FF]deepened their friendship$c.
TRA_RESULT_message_0096	That was complete $c[FF6347FF]overwork$c.\nThe players' condition has dropped.
TRA_RESULT_message_0099	Training doubled as $c[FF6347FF]fine-tuning$c.\nThey're in superb shape and $c[FF6347FF]fully over their fatigue$c.
TRA_RESULT_message_0097	Training doubled as $c[FF6347FF]fine-tuning$c.\nSome players' condition has improved.
TRA_RESULT_message_0103	Amazing what a top coach can do.\nThe players learned a lot.
TRA_RESULT_message_0104	Worthy of his fame.\nHis fresh methods amazed the players.
TRA_RESULT_message_0105	The coach's theory was a bit too hard.\nIt was all Greek to the players.
TRA_RESULT_message_0108	The players are losing heart.\nWe must end this losing run.
TRA_RESULT_message_0004	The players are better than this.\nExpect more next time.
TRA_RESULT_message_0005	Our attack will make $c[FF6347FF]the world tremble$c.
TRA_RESULT_message_0006	Our possession will make $c[FF6347FF]the world tremble$c.
TRA_RESULT_message_0007	Our speed of play will make $c[FF6347FF]the world tremble$c.
TRA_RESULT_message_0008	Our defence will make $c[FF6347FF]the world tremble$c.
TRA_RESULT_message_0009	Our ball-winning will make $c[FF6347FF]the world tremble$c.
TRA_RESULT_message_0010	Our deep defending will make $c[FF6347FF]the world tremble$c.
TRA_RESULT_message_0011	Our set pieces will make $c[FF6347FF]the world tremble$c.
TRA_RESULT_message_0012	Our power play will make $c[FF6347FF]the world tremble$c.
TRA_RESULT_message_0013	Our running game will make $c[FF6347FF]the world tremble$c.
TRA_RESULT_message_0014	Our short passing will make $c[FF6347FF]the world tremble$c.
TRA_RESULT_message_0015	Our long passing will make $c[FF6347FF]the world tremble$c.
TRA_RESULT_message_0016	Our team play will make $c[FF6347FF]the world tremble$c.
TRA_RESULT_message_0017	Our mix of talents will make $c[FF6347FF]the world tremble$c.
TRA_RESULT_message_0018	It's beyond criticism.\nOur attack is the $c[FF6347FF]world's best$c.
TRA_RESULT_message_0019	Our attack is $c[FF6347FF]world-class$c.\nWe can score against anyone.
TRA_RESULT_message_0020	Our attack is much stronger.\nOther teams will be wary of us.
TRA_RESULT_message_0021	Our attack is decent.\nWe'll create more chances.
TRA_RESULT_message_0022	Our attack is slowly improving.\nLet's aim even higher.
TRA_RESULT_message_0024	It's beyond criticism.\nOur possession is the $c[FF6347FF]world's best$c.
TRA_RESULT_message_0025	Our possession is $c[FF6347FF]world-class$c.\nWe can keep the ball from anyone.
TRA_RESULT_message_0026	Our possession is much better now.\nOther teams will be wary of us.
TRA_RESULT_message_0027	Our possession is decent.\nOur build-up should steady.
TRA_RESULT_message_0028	Our possession is slowly improving.\nLet's aim even higher.
TRA_RESULT_message_0029	Our possession is at rock bottom.\nWe just have to train hard.
TRA_RESULT_message_0030	It's beyond criticism.\nOur speed of play is the $c[FF6347FF]world's best$c.
TRA_RESULT_message_0031	Our speed of play is $c[FF6347FF]world-class$c.\nWe can outpace any opponent.
TRA_RESULT_message_0032	Our speed of play is much faster now.\nOther teams will be wary of us.
TRA_RESULT_message_0033	Our speed of play is decent.\nWe can expect some fast attacks.
TRA_RESULT_message_0034	Our speed of play is slowly picking up.\nLet's aim even higher.
TRA_RESULT_message_0035	Our speed of play is at rock bottom.\nWe just have to train hard.
TRA_RESULT_message_0036	It's beyond criticism.\nOur defence is the $c[FF6347FF]world's best$c.
TRA_RESULT_message_0037	Our defence is $c[FF6347FF]world-class$c.\nNo one will score on us easily.
TRA_RESULT_message_0038	Our defence is much stronger.\nOther teams will be wary of us.
TRA_RESULT_message_0039	Our defence is decent.\nWe'll face fewer threats.
TRA_RESULT_message_0040	Our defence is slowly improving.\nLet's aim even higher.
TRA_RESULT_message_0041	Our defence is at rock bottom.\nWe just have to train hard.
TRA_RESULT_message_0042	It's beyond criticism.\nOur ball-winning is the $c[FF6347FF]world's best$c.
TRA_RESULT_message_0043	Our ball-winning is $c[FF6347FF]world-class$c.\nWe can win the ball from anyone.
TRA_RESULT_message_0044	Our ball-winning is much better.\nOther teams will be wary of us.
TRA_RESULT_message_0045	Our ball-winning is decent.\nWe can win midfield battles.
TRA_RESULT_message_0046	Our ball-winning is slowly improving.\nLet's aim even higher.
TRA_RESULT_message_0047	Our ball-winning is at rock bottom.\nWe just have to train hard.
TRA_RESULT_message_0048	It's beyond criticism.\nOur deep defending is the $c[FF6347FF]world's best$c.
TRA_RESULT_message_0049	Our deep defending is $c[FF6347FF]world-class$c.\nNo one gets a gap to attack.
TRA_RESULT_message_0050	Our deep defending is working well now.\nWe can get into shape fast when attacked.
TRA_RESULT_message_0051	Our deep defending is decent.\nLet's aim even higher.
TRA_RESULT_message_0052	Our deep defending is slowly taking shape.\nLet's keep this up.
TRA_RESULT_message_0053	Our deep defending is dire.\nAll we can do is train.
TRA_RESULT_message_0054	It's beyond criticism.\nOur set pieces are the $c[FF6347FF]world's best$c.
TRA_RESULT_message_0055	Our set pieces are $c[FF6347FF]world-class$c.\nWe can score against anyone.
TRA_RESULT_message_0056	Our set pieces are much sharper now.\nOther teams will be wary of us.
TRA_RESULT_message_0057	Our set pieces are decent.\nLet's aim even higher.
TRA_RESULT_message_0058	Our set pieces are slowly improving.\nLet's keep this up.
TRA_RESULT_message_0059	Our set pieces are dire.\nAll we can do is train.
TRA_RESULT_message_0060	It's beyond criticism.\nOur power play is the $c[FF6347FF]world's best$c.
TRA_RESULT_message_0061	Our power play is $c[FF6347FF]world-class$c.\nWe can overpower any opponent.
TRA_RESULT_message_0062	Our power play is working well.\nOther teams will be wary of us.
TRA_RESULT_message_0063	Our power play is decent.\nWe can expect some powerful play.
TRA_RESULT_message_0064	Our power play is slowly improving.\nLet's aim even higher.
TRA_RESULT_message_0065	Our power play is at rock bottom.\nWe just have to train hard.
TRA_RESULT_message_0066	It's beyond criticism.\nOur running game is the $c[FF6347FF]world's best$c.
TRA_RESULT_message_0067	Our running game is $c[FF6347FF]world-class$c.\nNo one can outrun us.
TRA_RESULT_message_0068	Our running game is working well.\nWe can play high-energy tactics.
TRA_RESULT_message_0069	Our running game is decent.\nLet's aim even higher.
TRA_RESULT_message_0070	Our running game is slowly taking shape.\nLet's keep this up.
TRA_RESULT_message_0071	Our running game is dire.\nAll we can do is train.
TRA_RESULT_message_0072	It's beyond criticism.\nOur short passing is the $c[FF6347FF]world's best$c.
TRA_RESULT_message_0073	Our short passing is $c[FF6347FF]world-class$c.\nWe can carve open any defence in style.
TRA_RESULT_message_0074	Our short passing is working well.\nOverloads will break defences.
TRA_RESULT_message_0075	Our short passing is decent.\nLet's aim even higher.
TRA_RESULT_message_0076	Our short passing is slowly improving.\nLet's keep this up.
TRA_RESULT_message_0077	Our short passing is dire.\nAll we can do is train.
TRA_RESULT_message_0078	It's beyond criticism.\nOur long passing is the $c[FF6347FF]world's best$c.
TRA_RESULT_message_0079	Our long passing is $c[FF6347FF]world-class$c.\nOur dynamic switches can bamboozle anyone.
TRA_RESULT_message_0080	Our long passing is much better.\nWe can expect attacks into open space.
TRA_RESULT_message_0081	Our long passing is decent.\nLet's aim even higher.
TRA_RESULT_message_0082	Our long passing is slowly improving.\nLet's keep this up.
TRA_RESULT_message_0083	Our long passing is dire.\nAll we can do is train.
TRA_RESULT_message_0084	This golden teamwork will $c[FF6347FF]shake the world$c.\n
TRA_RESULT_message_0085	Our team play is $c[FF6347FF]world-class$c.\nIts flowing teamwork is beyond criticism.
TRA_RESULT_message_0086	Our team play is much better now.\nThe players link up smoothly and are gelling as a team.
TRA_RESULT_message_0087	Our team play is decent.\nExpect better link-up play now.
TRA_RESULT_message_0088	Our team play is slowly clicking.\nLet's build more teamwork.
TRA_RESULT_message_0089	Our team play is at rock bottom.\nPoor teamwork, low team spirit.
TRA_RESULT_message_0090	Such a perfect blend will $c[FF6347FF]shake the world$c.\n
TRA_RESULT_message_0091	Our individual play is $c[FF6347FF]world-class$c.\nEveryone's talents blend perfectly. Flawless.
TRA_RESULT_message_0092	Individual play is much better.\nTheir talents are blending well.
TRA_RESULT_message_0093	Our individual play is decent.\nWe can count on our one-on-ones now.
TRA_RESULT_message_0094	Our individual play is slowly improving.\nLet's draw out their talents more.
TRA_RESULT_message_0095	Individual play is at rock bottom.\nTheir talents aren't being used yet.
TRA_RESULT_message_0109	Those set pieces were a joy to watch.\nThe team has fully mastered this style.
TRA_RESULT_message_0110	Those set pieces flowed beautifully.\nWe can play our style against anyone.
TRA_RESULT_message_0111	A very good set-piece session.\nIt's working as a team style.
TRA_RESULT_message_0112	Set pieces are becoming a real weapon.\nLet's polish them more.
TRA_RESULT_message_0113	Our set pieces are slowly getting better.\nThe plan is sinking in; some moments shone.
TRA_RESULT_message_0114	There's still a lot to work on.\nLet's train until it works as our style.
TRA_RESULT_message_0116	Your own brand of training really clicked.\nExpect big growth as a team.
TRA_RESULT_message_0117	Your attention to detail pleased the players.\nThey'll use it in matches.
TRA_RESULT_message_0118	Your unusual methods left the players confused.\nIt may need a bit more thought.
TRA_RESULT_message_0119	Led by captain %s, we had a productive session.\nIt had a $c[FF6347FF]bigger effect$c than usual.
TRA_RESULT_message_0120	Led by captain %s, we had a productive session.\n$c[FF6347FF]Special abilities$c grew a lot.
TRA_RESULT_message_0121	Led by captain %s, we had a productive session.\nPlayer $c[FF6347FF]partnerships$c have become smoother.
TRA_RESULT_message_0122	Led by captain %s, we had a productive session.\n$c[FF6347FF]Player abilities$c now stand out.
TRA_RESULT_message_0123	Led by captain %s, we had a productive session.\nIt had a $c[FF6347FF]much bigger effect$c than usual.
TRA_RESULT_message_0124	Captain %s isn't holding the team together well.\nSome players treated it as $c[00BFFFFF]just light conditioning$c.
TRA_RESULT_message_0125	We got a lot more across to the players.\nBoth the team and your own skills are growing.
TRA_RESULT_message_0126	The players trust your experience.\nLet's watch them grow.
TRA_RESULT_message_0127	We couldn't get the tactics across well.\nA new approach may help.
COM_DISCONTENT_question_0000	You called in %s.\nWhat will you say?
COM_DISCONTENT_question_0001	He wants to know your plans for the team.\nWhat vision will you show?
COM_DISCONTENT_question_0002	%s, who $c[00BFFFFF]missed training$c, is here.\nWhat to do?
COM_DISCONTENT_question_0003	$c[00BFFFFF]%s$c has come in sulking.\nHis $c[00BFFFFF]frustration may boil over$c. How will you settle it?
COM_DISCONTENT_question_0004	$c[00BFFFFF]%s$c comes in, looking unhappy.\nHe questions our $c[00BFFFFF]losing tactics$c. Your reply?
COM_DISCONTENT_question_0005	$c[00BFFFFF]%s$c comes in, looking unhappy.\nHe dislikes $c[00BFFFFF]your conduct$c. Your reply?
COM_DISCONTENT_question_0006	$c[00BFFFFF]%s$c comes in, looking unhappy.\nHe wants $c[00BFFFFF]match time$c. Your reply?
COM_DISCONTENT_question_0007	$c[00BFFFFF]%s$c comes in, looking unhappy.\nHe's $c[00BFFFFF]worn out by the fixtures$c. Your reply?
COM_DISCONTENT_question_0008	$c[00BFFFFF]%s$c comes in, looking unhappy.\nHe $c[00BFFFFF]wants to be captain$c. Your reply?
COM_DISCONTENT_question_0009	$c[00BFFFFF]%s$c comes in, looking unhappy.\nHe $c[00BFFFFF]wants set-piece duties$c. Your reply?
COM_DISCONTENT_question_0010	$c[00BFFFFF]%s$c comes in, looking unhappy.\nHe wants $c[00BFFFFF]his proper position$c. Your reply?
COM_DISCONTENT_question_0011	$c[00BFFFFF]%s$c comes in, looking unhappy.\nHe wants a transfer $c[00BFFFFF]to win titles$c. Your reply?
COM_DISCONTENT_question_0012	$c[00BFFFFF]%s$c comes in, looking unhappy.\nHe asks you to dinner over a $c[00BFFFFF]lack of communication$c.
COM_DISCONTENT_question_0013	$c[00BFFFFF]%s$c comes in, looking unhappy.\nHe finds $c[00BFFFFF]training too hard$c. Your reply?
COM_DISCONTENT_question_0014	$c[00BFFFFF]%s$c comes in, looking unhappy.\nHe wants $c[00BFFFFF]to be Key Player$c more often. Your reply?
COM_DISCONTENT_question_0015	$c[00BFFFFF]%s$c comes in, looking unhappy.\nHe wants $c[00BFFFFF]a new shirt number$c. Your reply?
COM_DISCONTENT_question_0016	The last result has lifted $c[FF6347FF]team morale$c.\nYour words before the next match?
COM_DISCONTENT_choices_0000	Show hunger to win
COM_DISCONTENT_choices_0001	Discuss his rating
COM_DISCONTENT_choices_0002	Promise game time
COM_DISCONTENT_choices_0003	Offer less training
COM_DISCONTENT_choices_0004	Discuss captaincy
COM_DISCONTENT_choices_0005	Discuss kickers
COM_DISCONTENT_choices_0006	Explain positioning
COM_DISCONTENT_choices_0007	Show title hunger
COM_DISCONTENT_choices_0008	Have a personal chat
COM_DISCONTENT_choices_0009	Say how you feel
COM_DISCONTENT_choices_0010	Talk about Key Player
COM_DISCONTENT_choices_0011	Change number
COM_DISCONTENT_choices_0013	Aim for stylish attack
COM_DISCONTENT_choices_0014	Aim for solid defence
COM_DISCONTENT_choices_0015	Keep it balanced
COM_DISCONTENT_choices_0016	Talk it all out
COM_DISCONTENT_choices_0017	Point out flaws
COM_DISCONTENT_choices_0019	Lecture him
COM_DISCONTENT_choices_0020	Trade views head-on
COM_DISCONTENT_choices_0021	Just laugh
COM_DISCONTENT_choices_0022	Adopt his idea
COM_DISCONTENT_choices_0023	Insist on tactics
COM_DISCONTENT_choices_0024	Ask the coach
COM_DISCONTENT_choices_0026	State my case
COM_DISCONTENT_choices_0058	Win again
COM_DISCONTENT_choices_0059	Stay calm
COM_DISCONTENT_choices_0060	Drinks on me
COM_DISCONTENT_answer_0000	Your advice has cleared his mind.\nYour bond with him has surely grown.
COM_DISCONTENT_answer_0001	He accepted your advice.\nGood thing you eased his worries.
COM_DISCONTENT_answer_0002	Your advice missed the mark.\nHis complaint wasn't resolved.
COM_DISCONTENT_answer_0003	Your sloppy advice made him give up on you.
COM_DISCONTENT_answer_0004	Your advice has cleared his mind.\nYour bond with him has surely grown.
COM_DISCONTENT_answer_0005	He accepted your advice.\nGood thing you eased his worries.
COM_DISCONTENT_answer_0006	Your advice missed the mark.\nHis complaint wasn't resolved.
COM_DISCONTENT_answer_0007	Your sloppy advice made him give up on you.
COM_DISCONTENT_answer_0008	%s,\ncalled in once too often, left in a huff.
COM_DISCONTENT_answer_0024	This number change\nseems to have affected others too.
COM_DISCONTENT_answer_0025	Your dream of thrilling attacking play\nhas captain %s hopeful too.
COM_DISCONTENT_answer_0026	Your vision that neglects defence\nhas made %s uneasy.
COM_DISCONTENT_answer_0027	Your solid, defence-first football\nhas won over captain %s.
COM_DISCONTENT_answer_0028	Your unadventurous, defence-first vision\nhas made %s uneasy.
COM_DISCONTENT_answer_0029	Your fine balance between attack and defence\nhas captain %s hopeful too.
COM_DISCONTENT_answer_0030	Your vague stance on attack and defence\nhas made %s uneasy.
COM_DISCONTENT_answer_0031	You understand each other a bit better now.\nAt this rate, he may $c[FF6347FF]rejoin the team soon$c.
COM_DISCONTENT_answer_0032	He couldn't understand your thinking.\n%s won't be back for a while yet.
COM_DISCONTENT_answer_0033	Your words made him take a hard look at himself.\nAt this rate, he may $c[FF6347FF]rejoin the team soon$c.
COM_DISCONTENT_answer_0034	Your words only made him angrier.\n%s won't be back for a while yet.
COM_DISCONTENT_answer_0035	Your mature response helped him calm down.\nAt this rate, he may $c[FF6347FF]rejoin the team soon$c.
COM_DISCONTENT_answer_0036	Being ignored has only made him more bitter.\n%s won't be back for a while yet.
COM_DISCONTENT_answer_0037	Understanding your intent changed his mind.\nHis frustration has melted away.
COM_DISCONTENT_answer_0038	He's fed up with the way you act.\nHis frustration has $c[00BFFFFF]hit its peak$c.
COM_DISCONTENT_answer_0039	Understanding your intent changed his mind.\nHis frustration has melted away.
COM_DISCONTENT_answer_0040	He's fed up with the way you act.\nHis frustration has $c[00BFFFFF]hit its peak$c.
COM_DISCONTENT_answer_0041	Understanding your intent changed his mind.\nHis frustration has melted away.
COM_DISCONTENT_answer_0042	He's fed up with the way you act.\nHis frustration has $c[00BFFFFF]hit its peak$c.
COM_DISCONTENT_answer_0043	He's relieved you listened to him.\nHis doubts about our tactics are gone.
COM_DISCONTENT_answer_0044	He despises a manager who won't own his tactics.\nHe feels even more $c[00BFFFFF]uneasy$c about our tactics.
COM_DISCONTENT_answer_0045	Your firm words made him resolve to follow you.\nHis doubts about our tactics are gone.
COM_DISCONTENT_answer_0046	He's sick of how selfish you are.\nHe feels even more $c[00BFFFFF]uneasy$c about our tactics.
COM_DISCONTENT_answer_0047	Thanks to the coach, he now gets your tactics.\nHis doubts about our tactics are gone.
COM_DISCONTENT_answer_0048	He resents that you won't explain it yourself.\nHe feels even more $c[00BFFFFF]uneasy$c about our tactics.
COM_DISCONTENT_answer_0050	Your lack of conviction made him $c[00BFFFFF]uneasy$c.\nDon't drop your ideas so easily.
COM_DISCONTENT_answer_0051	He seems to understand your view.\nYou've moved a step closer.
COM_DISCONTENT_answer_0052	A one-sided lecture has left him $c[00BFFFFF]fed up$c.\nForcing your theory won't win him over.
COM_DISCONTENT_answer_0054	He's $c[00BFFFFF]fed up$c with you discarding players.\nYou can't build a team of yes-men.
COM_DISCONTENT_answer_0056	He's $c[00BFFFFF]unsure$c why he's on the team.\nKeeping him around for no reason is unkind.
COM_DISCONTENT_answer_0058	Hearing he's less able would $c[00BFFFFF]shock$c anyone.\nHe's lost a lot of confidence.
COM_DISCONTENT_answer_0060	He feels fobbed off and $c[00BFFFFF]isn't convinced$c.\nLeaving him a secret forever is unkind.
COM_DISCONTENT_answer_0062	Encouragement was $c[00BFFFFF]no use$c.
COM_DISCONTENT_answer_0064	Did you need to scold him?\nHe's $c[00BFFFFF]feeling down$c now.
COM_DISCONTENT_answer_0066	He's clearly $c[00BFFFFF]struggling$c.
COM_DISCONTENT_answer_0068	He's $c[00BFFFFF]shocked$c you hadn't considered him.\nGet to know your players better.
COM_DISCONTENT_answer_0070	He's $c[00BFFFFF]sad$c you didn't see his drive.\nSometimes you should just let him try.
COM_DISCONTENT_answer_0072	$c[00BFFFFF]Dodging it$c won't work.\nYou should have given him a real answer.
COM_DISCONTENT_answer_0074	He's $c[00BFFFFF]shocked$c you hadn't considered him.\nGet to know your players better.
COM_DISCONTENT_answer_0076	He's $c[00BFFFFF]sad$c you didn't see his drive.\nSometimes you should just let him try.
COM_DISCONTENT_answer_0078	$c[00BFFFFF]Dodging it$c won't work.\nYou should have given him a real answer.
COM_DISCONTENT_answer_0080	He didn't want a $c[00BFFFFF]vague$c answer.\nHe needed a clear reason.
COM_DISCONTENT_answer_0082	It sounded like an $c[00BFFFFF]excuse$c.\nActions would have said more.
COM_DISCONTENT_answer_0084	There's no $c[00BFFFFF]point$c if he can't play.\nHe never wanted it to go that far.
COM_DISCONTENT_answer_0086	You couldn't ease his $c[00BFFFFF]worries$c.\nWe need to fix the finances soon.
COM_DISCONTENT_answer_0088	Your casual treatment $c[00BFFFFF]shocked$c him.\nYou should treat players better.
COM_DISCONTENT_answer_0090	He's even more $c[00BFFFFF]worried$c now.\nDon't grumble in front of your players.
COM_DISCONTENT_answer_0092	He was only asking to be polite.\nHe $c[00BFFFFF]didn't really want you to come$c.
COM_DISCONTENT_answer_0094	You should go with him once in a while.\nHe left looking $c[00BFFFFF]let down$c.
COM_DISCONTENT_answer_0095	You came despite your busy schedule,\nand he's thrilled.
COM_DISCONTENT_answer_0096	Your cold attitude $c[00BFFFFF]let him down$c.\nYou should think more of your players.
COM_DISCONTENT_answer_0098	If you knew, why not act sooner?\nInstead, you've made him $c[00BFFFFF]angry$c.
COM_DISCONTENT_answer_0099	He understands we won't win\nwith training this light.
COM_DISCONTENT_answer_0100	You won't take his views on board,\nand he's openly $c[00BFFFFF]angry$c.
COM_DISCONTENT_answer_0102	Thinking now is $c[00BFFFFF]too late$c.\nHe wanted you to think sooner.
COM_DISCONTENT_answer_0104	He didn't want a $c[00BFFFFF]vague$c answer.\nHe needed a clear reason.
COM_DISCONTENT_answer_0105	He accepts your reason.\nFootball is a team game.
COM_DISCONTENT_answer_0106	It sounded like an $c[00BFFFFF]excuse$c.\nActions would have said more.
COM_DISCONTENT_answer_0107	Your resolve changed his mind.\nNot playing hurts a player far more.
COM_DISCONTENT_answer_0108	There's no $c[00BFFFFF]point$c if he can't play.\nHe never wanted it to go that far.
COM_DISCONTENT_answer_0110	He's sad his number had no $c[00BFFFFF]meaning$c.\nDon't hand out numbers on a whim.
COM_DISCONTENT_answer_0112	You've hurt his $c[00BFFFFF]pride$c.\nOn shirt numbers, his feelings come first.
COM_DISCONTENT_answer_0114	He looks $c[00BFFFFF]anxious$c about when it'll change.\nTop players deserve the number they want.
COM_DISCONTENT_answer_0115	He was already nervous before the match.\nBeing called in has stressed him out.
COM_DISCONTENT_answer_0116	Your words have lit their $c[FF6347FF]fighting spirit$c.\nGreat mood for the next match.
COM_DISCONTENT_answer_0117	Your hollow cheer left the players cold.\nYou've put a damper on the good mood.
COM_DISCONTENT_answer_0118	Your sharp word restored their $c[FF6347FF]composure$c.\nThey'll go into the next match focused.
COM_DISCONTENT_answer_0119	Your tone-deaf remark left the players cold.\nYou've put a damper on the good mood.
COM_DISCONTENT_answer_0120	Your classy gesture has the players buzzing.\nA $c[FF6347FF]great mood$c for the next match.
COM_DISCONTENT_answer_0121	Your flippant remark fell flat.\nYou've put a damper on the good mood.
COM_TRAINING_question_0000	He stayed on to build on $c[FF6347FF]last match's strengths$c.\nHow will you train %s?
COM_TRAINING_question_0001	He stayed on to fix $c[00BFFFFF]last match's weaknesses$c.\nHow will you train %s?
COM_TRAINING_question_0002	Meet new signing %s.\nWhat play do you want from him?
COM_TRAINING_question_0003	His thrilling play is famous worldwide.\nHow will you raise his profile?
COM_TRAINING_question_0004	%s is worried he's hit his limit.\nHow will you ease his mind?
COM_TRAINING_question_0005	%s is playing without confidence.\nWhat will you say to help him focus?
COM_TRAINING_question_0006	He wants to develop $c[FF6347FF]last match's strengths$c.\nHow will you train %s?
COM_TRAINING_question_0007	He wants to correct $c[00BFFFFF]last match's weaknesses$c.\nHow will you train %s?
COM_TRAINING_question_0008	This time he wants to develop $c[FF6347FF]last match's strengths$c.\nHow will you train %s?
COM_TRAINING_question_0009	This time he wants to correct $c[00BFFFFF]last match's weaknesses$c.\nHow will you train %s?
COM_TRAINING_question_0010	%s didn't play last match,\nso he has energy to burn. What should he do?
COM_TRAINING_question_0011	%s joined because he admires you.\nWhat do you expect from him?
COM_TRAINING_question_0012	You called in %s.\nHe's sick of being called in. What will you do?
COM_TRAINING_question_0013	%s is worried he's hit his limit.\nHow will you ease his mind?
COM_TRAINING_question_0014	%s is playing without confidence.\nWhat will you say to help him focus?
COM_TRAINING_question_0015	He wants to build on $c[FF6347FF]what went well$c last match.\nWhich drill for %s?
COM_TRAINING_question_0016	He wants to improve $c[00BFFFFF]what went badly$c last match.\nWhich drill for %s?
COM_TRAINING_question_0017	He wants to polish $c[FF6347FF]what went well$c last match.\nWhich drill for %s?
COM_TRAINING_question_0018	He wants to overcome $c[00BFFFFF]what went badly$c last match.\nWhich drill for %s?
COM_TRAINING_choices_0000	Offence
COM_TRAINING_choices_0002	Ball Skills
COM_TRAINING_choices_0004	Sprints
COM_TRAINING_choices_0005	Running
COM_TRAINING_choices_0006	Offence
COM_TRAINING_choices_0008	Ball Skills
COM_TRAINING_choices_0010	Sprints
COM_TRAINING_choices_0011	Running
COM_TRAINING_choices_0012	Keep moving
COM_TRAINING_choices_0013	Support teammates
COM_TRAINING_choices_0014	No orders from me
COM_TRAINING_choices_0018	Fan Festival
COM_TRAINING_choices_0019	Charity Match
COM_TRAINING_choices_0020	No shortcuts
COM_TRAINING_choices_0021	You have no limits
COM_TRAINING_choices_0022	Don't think! Feel!
COM_TRAINING_choices_0023	Train harder
COM_TRAINING_choices_0024	Enjoy football
COM_TRAINING_choices_0025	Let's go unwind
COM_TRAINING_choices_0026	Kicking
COM_TRAINING_choices_0027	Punching
COM_TRAINING_choices_0028	Catching
COM_TRAINING_choices_0029	High Balls
COM_TRAINING_choices_0030	Rush Out
COM_TRAINING_choices_0031	Positioning
COM_TRAINING_choices_0032	Train with focus
COM_TRAINING_choices_0033	Let him relax
COM_TRAINING_choices_0034	Let him be
COM_TRAINING_choices_0035	Team icon
COM_TRAINING_choices_0036	Linchpin
COM_TRAINING_choices_0037	Team mascot
COM_TRAINING_choices_0041	No shortcuts
COM_TRAINING_choices_0042	You have no limits
COM_TRAINING_choices_0043	Don't think! Feel!
COM_TRAINING_choices_0044	Train harder
COM_TRAINING_choices_0045	Enjoy football
COM_TRAINING_choices_0046	Let's go unwind
COM_TRAINING_choices_0047	Offence+
COM_TRAINING_choices_0048	Defence+
COM_TRAINING_choices_0049	Technique+
COM_TRAINING_choices_0050	Physical+
COM_TRAINING_choices_0051	Speed+
COM_TRAINING_choices_0052	Stamina+
COM_TRAINING_choices_0053	Kicking+
COM_TRAINING_choices_0054	Punching+
COM_TRAINING_choices_0055	Catching+
COM_TRAINING_choices_0056	High Balls+
COM_TRAINING_choices_0057	Rush Out+
COM_TRAINING_choices_0058	Positioning+
COM_TRAINING_explain_0000	Work on attacking ability.
COM_TRAINING_explain_0001	Work on defensive ability.
COM_TRAINING_explain_0002	Work on technique.
COM_TRAINING_explain_0003	Build physical strength.
COM_TRAINING_explain_0004	Work on speed of play.
COM_TRAINING_explain_0005	Work on endurance.
COM_TRAINING_explain_0006	Work on attacking ability.
COM_TRAINING_explain_0007	Work on defensive ability.
COM_TRAINING_explain_0008	Work on technique.
COM_TRAINING_explain_0009	Build physical strength.
COM_TRAINING_explain_0010	Work on speed of play.
COM_TRAINING_explain_0011	Work on endurance.
COM_TRAINING_answer_0000	%s is really fired up.\nThis training might unlock a new ability.
COM_TRAINING_answer_0001	Just what he wanted.\nIt should be very effective.
COM_TRAINING_answer_0002	He accepts your instructions.\nIt should do him some good.
COM_TRAINING_answer_0003	He dislikes your orders,\nand isn't very motivated.
COM_TRAINING_answer_0004	He looks unhappy.\nHe doesn't accept your orders.
COM_TRAINING_answer_0005	He isn't motivated at all.\nHe wanted other training.
COM_TRAINING_answer_0006	%s is really fired up.\nThis training might unlock a new ability.
COM_TRAINING_answer_0007	Just what he wanted.\nIt should be very effective.
COM_TRAINING_answer_0008	He accepts your instructions.\nIt should do him some good.
COM_TRAINING_answer_0009	He dislikes your orders,\nand isn't very motivated.
COM_TRAINING_answer_0010	He looks unhappy.\nHe doesn't accept your orders.
COM_TRAINING_answer_0011	He isn't motivated at all.\nHe wanted other training.
COM_TRAINING_answer_0012	%s is fed up with being called in.\nHe left without hearing you out.
COM_TRAINING_answer_0013	Running is what matters most for a footballer.\nHe should throw himself into the team.
COM_TRAINING_answer_0014	Helping him fit in is a key part of your job.\nHe looks anxious about his new club.
COM_TRAINING_answer_0015	Our team plan reassures him.\nHe should fit in while supporting those around him.
COM_TRAINING_answer_0016	It's hard for him to look after others yet.\nHe looks anxious about his new club.
COM_TRAINING_answer_0017	He likes that you respect players.\nHe should settle in well in his own way.
COM_TRAINING_answer_0018	Everyone's nervous at first.\nHe looks anxious about his new club.
COM_TRAINING_answer_0019	He should be great at coaching kids.\nExpect more great things from our star.
COM_TRAINING_answer_0020	He'll charm fans off the pitch too.\nExpect more great things from our star.
COM_TRAINING_answer_0021	It should boost the club's image, too.\nExpect more great things from our star.
COM_TRAINING_answer_0022	It should draw lots of fans.\nExpect more great things from our star.
COM_TRAINING_answer_0023	He'd never refuse to help out.\nExpect more great things from our star.
COM_TRAINING_answer_0024	Your words gave him the key to change.\nHe should grow further in matches.
COM_TRAINING_answer_0025	He's regained some lost confidence.\nA player this good needs few words.
COM_TRAINING_answer_0026	Only training restores lost confidence.\nHis confident smile says he's cleared a hurdle.
COM_TRAINING_answer_0027	He doesn't know what more to work on.\nHe won't grow until his confidence is back.
COM_TRAINING_answer_0028	His troubled mind seems more at ease.\nHis confident smile says he's cleared a hurdle.
COM_TRAINING_answer_0029	He's in no mood to enjoy anything.\nHe won't grow until his confidence is back.
COM_TRAINING_answer_0030	Time away from football is needed too.\nHis confident smile says he's cleared a hurdle.
COM_TRAINING_answer_0031	He's not in the mood for that.\nHe won't grow until his confidence is back.
COM_TRAINING_answer_0032	He'd planned his own training routine.\nHe's unhappy at being summoned by you.
COM_TRAINING_answer_0033	He had just finished training on his own.\nBeing called back to the pitch annoys him.
COM_TRAINING_answer_0034	He understood how you feel.\nHe's training hard for his next chance.
COM_TRAINING_answer_0035	He's too preoccupied with matches to focus.\nWe should rethink how we use him.
COM_TRAINING_answer_0036	Talking to you has put him at ease.\nHe can prepare calmly for his next chance.
COM_TRAINING_answer_0037	He's in no mood to relax.\nHe seems a bit irritated.
COM_TRAINING_answer_0038	He sensed the urgency.\nHe's training his own way now.
COM_TRAINING_answer_0039	He misunderstood freedom\nand went off to play...
COM_TRAINING_answer_0040	Words from his mentor have moved him.\nHe'll give his all as a core player.
COM_TRAINING_answer_0041	Even from a manager he adores, it was too much.\nHe just wanted to work with you.
COM_TRAINING_answer_0042	He's taking his mentor's words to heart.\nAs a vital presence, he should lead the team.
COM_TRAINING_answer_0043	Even from a manager he respects, that was heavy.\nHe wanted a more casual relationship with you.
COM_TRAINING_answer_0044	He's delighted by his mentor's words.\nHe should keep spirits high in the squad.
COM_TRAINING_answer_0045	Your words caught him by surprise.\nHe wanted you to recognise his ability.
COM_TRAINING_answer_0051	Your dreams didn't move him.\nYou've only made him feel worse.
COM_TRAINING_answer_0052	Your words gave him the key to change.\nWith firm trust between you, he may grow even more.
COM_TRAINING_answer_0053	He's regained some lost confidence.\nA player this good needs few words.
COM_TRAINING_answer_0054	Only training restores lost confidence.\nWith a bit more trust, his confidence will return.
COM_TRAINING_answer_0055	He doesn't know what more to work on.\nHe won't grow until his confidence is back.
COM_TRAINING_answer_0056	His troubled mind seems more at ease.\nWith a bit more trust, his confidence will return.
COM_TRAINING_answer_0057	He's in no mood to enjoy anything.\nHe won't grow until his confidence is back.
COM_TRAINING_answer_0058	Time away from football is needed too.\nWith a bit more trust, his confidence will return.
COM_TRAINING_answer_0059	He's not in the mood for that.\nHe won't grow until his confidence is back.
COM_TRAINING_answer_0060	He's brimming with motivation.\nHis ability could soar with this.
COM_TRAINING_answer_0061	Just what he wanted.\nHis ability should rise sharply.
COM_TRAINING_answer_0062	He likes your orders.\nThis should improve him a lot.
COM_TRAINING_answer_0063	He doesn't like your orders,\nbut it should still improve him.
COM_TRAINING_answer_0064	He looks unhappy.\nHe doesn't accept your orders.
COM_TRAINING_answer_0065	He isn't motivated at all.\nHe wanted other training.
COM_TRAINING_answer_0066	He's brimming with motivation.\nHis ability could soar with this.
COM_TRAINING_answer_0067	Just what he wanted.\nHis ability should rise sharply.
COM_TRAINING_answer_0068	He likes your orders.\nThis should improve him a lot.
COM_TRAINING_answer_0069	He doesn't like your orders,\nbut it should still improve him.
COM_TRAINING_answer_0070	He looks unhappy.\nHe doesn't accept your orders.
COM_TRAINING_answer_0071	He isn't motivated at all.\nHe wanted other training.
COM_TRAINING_answer_0072	He doesn't seem keen.\nHe wanted to keep his free time.
TRA_THEME_header_0001	Pick %s more
TRA_THEME_message_0000	Set the mood for their rest.
TRA_THEME_message_0001	Choose $c[FF6347FF]3 training themes$c for the players.
TRA_THEME_message_0002	Choose $c[FF6347FF]2 training themes$c for the players.
TRA_THEME_message_0003	Choose a $c[FF6347FF]training theme$c for the players.
TRA_THEME_message_0004	Choose an event to hold.
TRA_THEME_menu_0007	Team Play
TRA_THEME_menu_0008	Solo Play
TRA_THEME_menu_0009	Set Pieces
TRA_THEME_menu_0010	First-Time Shots
TRA_THEME_menu_0011	Covering
TRA_THEME_menu_0012	One-Touch Pass
TRA_THEME_menu_0013	High Press
TRA_THEME_menu_0014	Shuttle Runs
TRA_THEME_menu_0015	Hold-Up Play
TRA_THEME_menu_0017	Trick Set Pieces
TRA_THEME_menu_0018	1VS1
TRA_THEME_menu_0019	Man-Mark
TRA_THEME_menu_0020	One-Touch Play
TRA_THEME_menu_0021	Transitions
TRA_THEME_menu_0022	Long Counter
TRA_THEME_menu_0023	Short Counter
TRA_THEME_menu_0024	Wing Attack
TRA_THEME_menu_0025	Central
TRA_THEME_menu_0026	Flat Defence
TRA_THEME_menu_0027	Pass & Run
TRA_THEME_menu_0028	CKs
TRA_THEME_menu_0029	FKs
TRA_THEME_menu_0030	Routines
TRA_THEME_menu_0031	Full-Pitch 3v3
TRA_THEME_menu_0032	Overlapping
TRA_THEME_menu_0033	Position Swap
TRA_THEME_menu_0034	Mini-Game
TRA_THEME_menu_0035	1-Touch Game
TRA_THEME_menu_0036	In Secret
TRA_THEME_menu_0039	German Way
TRA_THEME_menu_0040	Champagne Football
TRA_THEME_menu_0041	Sexy Football
TRA_THEME_menu_0042	Moving Football
TRA_THEME_menu_0043	Total Football
TRA_THEME_Raremenu_0002	Mini Camp
TRA_THEME_Raremenu_0003	Mgr. Special
TRA_THEME_explain_0001	Break down defences and create chances.
TRA_THEME_explain_0002	Keep a solid defence and protect the goal.
TRA_THEME_explain_0003	Link passes together to build up play.
TRA_THEME_explain_0004	Pressure your opponent and dispossess them.
TRA_THEME_explain_0005	Practise faster attacks and quick transitions.
TRA_THEME_explain_0006	Practise power play: headers and physical duels.
TRA_THEME_explain_0007	Train players to move as a unit.
TRA_THEME_explain_0008	Bring out each player's strengths.
TRA_THEME_explain_0009	Practise set pieces to vary your attack.
TRA_THEME_explain_0010	Drill pass-to-shot moves for individual skill.
TRA_THEME_explain_0011	Practise defending and build partnerships.
TRA_THEME_explain_0012	Build partnerships and learn quick passing.
TRA_THEME_explain_0013	Fierce pressing to win the ball: tough defending.
TRA_THEME_explain_0014	Shuttle runs build leg strength for speed and power play.
TRA_THEME_explain_0015	Learn to hold off defenders, giving the team stability.
TRA_THEME_explain_0016	Match-style drills raise team strength.
TRA_THEME_explain_0017	Learn tricky combinations to vary your set pieces.
TRA_THEME_explain_0018	1v1 drills hone attacking and tackling.
TRA_THEME_explain_0019	Build 1v1 defending and gain experience.
TRA_THEME_explain_0020	Accurate one-touch passing builds partnerships.
TRA_THEME_explain_0021	Learn quick transitions\nto boost both attack and defence.
TRA_THEME_explain_0022	Hone long passing and keep-ball\nto build links and technique.
TRA_THEME_explain_0023	Learn quick passing to sharpen short counters.
TRA_THEME_explain_0024	Strengthen wing attacks and learn to play wider.
TRA_THEME_explain_0025	Gain attacking power to break through the middle.
TRA_THEME_explain_0026	Practise a flat back line\nto lift team defence a level.
TRA_THEME_explain_0027	Quick moves, sharp passes, hard shots.\nHone them all for a powerful attack.
TRA_THEME_explain_0028	Practise set pieces from corners\nto deepen partnerships.
TRA_THEME_explain_0029	Practise set pieces from free kicks\nto hone individual skill.
TRA_THEME_explain_0030	Add more set-piece routines\nto strengthen set pieces.
TRA_THEME_explain_0031	Fitness, mental strength and quick decisions.
TRA_THEME_explain_0032	Build partnerships for deeper attacks.
TRA_THEME_explain_0033	Training in unfamiliar positions\nbuilds mutual understanding.
TRA_THEME_explain_0034	Match-like mini-games\nboost overall team strength.
TRA_THEME_explain_0035	Quick release drills for fast, accurate link-ups.
TRA_THEME_explain_0036	Review set pieces behind closed doors.
TRA_THEME_explain_0037	A counter-attacking style popular in 1950s Italy.
TRA_THEME_explain_0038	A classic English style that bypasses midfield.
TRA_THEME_explain_0039	Indomitable German spirit brings glory.
TRA_THEME_explain_0040	Passing that fizzes like champagne\nmakes matches a spectacle.
TRA_THEME_explain_0041	Master alluring football that\ncharms and controls the pitch.
TRA_THEME_explain_0042	Derived from Total Football:\nboth men and ball keep moving.
TRA_THEME_explain_0043	The supreme Dutch tactic that shaped modern football.
TRA_THEME_noexplain_0001	If the stat it lowers is below a set level,\nthis training cannot be chosen.
TRA_THEME_RAREexplain_0001	Train under a famous English coach.
TRA_THEME_RAREexplain_0002	Train under a famous Spanish coach.
TRA_THEME_RAREexplain_0003	Train under a famous Italian coach.
TRA_THEME_RAREexplain_0004	Train under a famous German coach.
TRA_THEME_RAREexplain_0005	Train under a famous French coach.
TRA_THEME_RAREexplain_0006	Train under a famous Dutch coach.
TRA_THEME_RAREexplain_0007	Train under a famous Brazilian coach.
TRA_THEME_RAREexplain_0008	Train under a famous Argentine coach.
TRA_THEME_RAREexplain_0009	Train under a famous CONCACAF coach.
TRA_THEME_RAREexplain_0010	Train under a famous African coach.
TRA_THEME_RAREexplain_0011	Train under a famous Asian coach.
TRA_THEME_RAREexplain_0012	Train under a famous Japanese coach.
TRA_THEME_RAREexplain_0013	A camp to end a losing streak.
TRA_THEME_RAREexplain_0014	Special drills based on your strengths.
TRA_THEME_effect_0000	Links +
TRA_THEME_effect_0001	Links ++
TRA_THEME_effect_0002	Links +++
TRA_THEME_effect_0003	Ability ++
TRA_THEME_effect_0004	Ability +++
TRA_THEME_effect_0005	Special ++
TRA_THEME_effect_0006	Special +++
TRA_THEME_effect_0007	Set Play +
TRA_THEME_effect_0008	Set Play ++
TRA_THEME_effect_0009	Set Play +++
TRA_THEME_effect_0010	Links/Ability +
TRA_THEME_effect_0011	Links/Special +
TRA_THEME_effect_0012	Links/Set Play +
TRA_THEME_effect_0013	Ability/Special +
TRA_THEME_effect_0014	Ability/Set Play +
TRA_THEME_effect_0015	Special/Set Play +
TRA_THEME_effect_0016	Links/Ability ++
TRA_THEME_effect_0017	Links/Special ++
TRA_THEME_effect_0018	Links/Set Play ++
TRA_THEME_effect_0019	Ability/Special ++
TRA_THEME_effect_0020	Ability/Set Play ++
TRA_THEME_effect_0021	Special/Set Play ++
TRA_THEME_effect_0022	Links/Ability +++
TRA_THEME_effect_0023	Links/Special +++
TRA_THEME_effect_0024	Links/Set Play +++
TRA_THEME_effect_0025	Ability/Special +++
TRA_THEME_effect_0026	Ability/Set Play +++
TRA_THEME_effect_0027	Special/Set Play +++
TRA_THEME_effect_0028	Links/Ability/Special +
TRA_THEME_effect_0029	Links/Ability/Special ++
TRA_THEME_effect_0030	Links/Ability/Special +++
TRA_THEME_confirm_0000	Give them a day off?
TRA_THEME_confirm_0001	Tell
TRA_THEME_confirm_0002	Cancel
TRA_THEME_confirm_0003	Pass this attitude on to the players?
INF_INFO_title_0000	$p[16]$t[0:1]★★★$t$p  LICENSE ISSUED  $p[16]$t[0:1]★★★$t$p
INF_INFO_title_0001	$p[16]$t[0:1]★★★$t$p  NEW BOSS  $p[16]$t[0:1]★★★$t$p
INF_INFO_title_0002	$p[16]$t[0:1]★★★$t$p  CONTRACT END  $p[16]$t[0:1]★★★$t$p
INF_INFO_title_0003	$p[16]$t[0:1]★★★$t$p  WORLD TROPHY RESULTS  $p[16]$t[0:1]★★★$t$p
INF_INFO_title_0004	$p[16]$t[0:1]★★★$t$p  TITLE WON  $p[16]$t[0:1]★★★$t$p
INF_INFO_title_0005	$p[16]$t[0:1]★★★$t$p  GOLDEN ERA  $p[16]$t[0:1]★★★$t$p
INF_INFO_title_0006	$p[16]$t[0:1]★★★$t$p  DEFENDING CHAMPION  $p[16]$t[0:1]★★★$t$p
INF_INFO_title_0007	$p[16]$t[0:1]★★★$t$p  LEAGUE PROMOTION  $p[16]$t[0:1]★★★$t$p
INF_INFO_title_0008	$p[16]$t[0:1]★★★$t$p  LEAGUE RELEGATION  $p[16]$t[0:1]★★★$t$p
INF_INFO_title_0009	$p[16]$t[0:1]★★★$t$p  QUALIFIED  $p[16]$t[0:1]★★★$t$p
INF_INFO_title_0010	$p[16]$t[0:1]★★★$t$p  SPONSOR OFFER  $p[16]$t[0:1]★★★$t$p
INF_INFO_title_0011	$p[16]$t[0:1]★★★$t$p  SPONSOR LOST  $p[16]$t[0:1]★★★$t$p
INF_INFO_title_0012	$p[16]$t[0:1]★★★$t$p  NEW DEAL  $p[16]$t[0:1]★★★$t$p
INF_INFO_title_0013	$p[16]$t[0:1]★★★$t$p  JOB OFFER  $p[16]$t[0:1]★★★$t$p
INF_INFO_title_0014	$p[16]$t[0:1]★★★$t$p  STADIUM REVAMP  $p[16]$t[0:1]★★★$t$p
INF_INFO_title_0015	$p[16]$t[0:1]★★★$t$p  STADIUM READY  $p[16]$t[0:1]★★★$t$p
INF_INFO_title_0016	$p[16]$t[0:1]★★★$t$p  HAPPY BIRTHDAY  $p[16]$t[0:1]★★★$t$p
INF_INFO_title_0017	$p[16]$t[0:1]★★★$t$p  SCOUTING  $p[16]$t[0:1]★★★$t$p
INF_INFO_title_0018	$p[16]$t[0:1]★★★$t$p  CRISIS  $p[16]$t[0:1]★★★$t$p
INF_INFO_title_0019	$p[16]$t[0:1]★★★$t$p  EXTRA BONUS  $p[16]$t[0:1]★★★$t$p
INF_INFO_title_0020	$p[16]$t[0:1]★★★$t$p  INJURIES  $p[16]$t[0:1]★★★$t$p
INF_INFO_title_0021	$p[16]$t[0:1]★★★$t$p  TOP COACH  $p[16]$t[0:1]★★★$t$p
INF_INFO_title_0022	$p[16]$t[0:1]★★★$t$p  MINI CAMP  $p[16]$t[0:1]★★★$t$p
INF_INFO_title_0023	$p[16]$t[0:1]★★★$t$p  SUPPORTERS  $p[16]$t[0:1]★★★$t$p
INF_INFO_title_0024	$p[16]$t[0:1]★★★$t$p  REPORT  $p[16]$t[0:1]★★★$t$p
INF_INFO_title_0025	$p[16]$t[0:1]★★★$t$p  WINNING RUN  $p[16]$t[0:1]★★★$t$p
INF_INFO_title_0026	$p[16]$t[0:1]★★★$t$p  CLUBHOUSE REVAMP  $p[16]$t[0:1]★★★$t$p
INF_INFO_title_0027	$p[16]$t[0:1]★★★$t$p  CLUBHOUSE READY  $p[16]$t[0:1]★★★$t$p
INF_INFO_title_0028	$p[16]$t[0:1]★★★$t$p  WIN BONUS  $p[16]$t[0:1]★★★$t$p
INF_INFO_title_0029	$p[16]$t[0:1]★★★$t$p  CONGRATULATIONS  $p[16]$t[0:1]★★★$t$p
INF_INFO_title_0030	$p[16]$t[0:1]★★★$t$p  MENTORSHIP  $p[16]$t[0:1]★★★$t$p
INF_INFO_title_0031	$p[16]$t[0:1]★★★$t$p  ABILITY UP  $p[16]$t[0:1]★★★$t$p
INF_INFO_title_0032	$p[16]$t[0:1]★★★$t$p  SPECIALS UP  $p[16]$t[0:1]★★★$t$p
INF_INFO_title_0033	$p[16]$t[0:1]★★★$t$p  UNREST  $p[16]$t[0:1]★★★$t$p
INF_INFO_title_0034	$p[16]$t[0:1]★★★$t$p  LINKS UP  $p[16]$t[0:1]★★★$t$p
INF_INFO_title_0035	$p[16]$t[0:1]★★★$t$p  OUTBURST  $p[16]$t[0:1]★★★$t$p
INF_INFO_title_0036	$p[16]$t[0:1]★★★$t$p  WORLD TROPHY WON  $p[16]$t[0:1]★★★$t$p
INF_INFO_title_0037	$p[16]$t[0:1]★★★$t$p  SPONSOR TASK  $p[16]$t[0:1]★★★$t$p
INF_INFO_title_0038	$p[16]$t[0:1]★★★$t$p  JAPAN CHAMPION  $p[16]$t[0:1]★★★$t$p
INF_INFO_title_0039	$p[16]$t[0:1]★★★$t$p  AREA CHAMPION  $p[16]$t[0:1]★★★$t$p
INF_INFO_title_0040	$p[16]$t[0:1]★★★$t$p  FAN EVENT  $p[16]$t[0:1]★★★$t$p
INF_INFO_title_0041	$p[16]$t[0:1]★★★$t$p  WORLD TROPHY RANKING  $p[16]$t[0:1]★★★$t$p
INF_INFO_title_0042	$p[16]$t[0:1]★★★$t$p  PRIZE RANKING  $p[16]$t[0:1]★★★$t$p
INF_INFO_title_0043	$p[16]$t[0:1]★★★$t$p  GLORY AGAIN  $p[16]$t[0:1]★★★$t$p
INF_INFO_title_0044	$p[16]$t[0:1]★★★$t$p  NEW DRILL  $p[16]$t[0:1]★★★$t$p
PRO_PRO_title_0012	W4 Title Holder's Cup
PRO_PRO_title_0022	International
PRO_PRO_title_0028	World Trophy
PRO_PRO_title_0030	WCCF Cup
PRO_PRO_title_0034	World Trophy/Regular League
PRO_PRO_title_0036	Nations Cup
PRO_PRO_title_0038	Oceans Cup
PRO_PRO_title_0040	Area Championship
PRO_PRO_title_0044	Japan Winner's
PRO_PRO_title_0046	Championship
PRO_PRO_title_0048	HOKKAIDO/TOHOKU
PRO_PRO_title_0052	TOKYO/KANAGAWA
PRO_PRO_title_0065	World Winner's Championship
PRO_PRO_title_0067	Challenge Match
PRO_PRO_title_0069	World Winner's
PRO_PRO_title_0071	Championship
PRO_PRO_explanation_0001	Prize
PRO_PRO_explanation_0003	It's the %s %s. Please register.
PRO_PRO_explanation_0004	$%dM+$%d00
PRO_PRO_explanation_0008	$%dM
PRO_PRO_explanation_0009	$%d,000,000
PRO_PRO_explanation_0011	Sun Cup
PRO_PRO_explanation_0012	Mon Cup
PRO_PRO_explanation_0013	Tue Cup
PRO_PRO_explanation_0014	Wed Cup
PRO_PRO_explanation_0015	Thu Cup
PRO_PRO_explanation_0016	Fri Cup
PRO_PRO_explanation_0017	Sat Cup
PRO_PRO_form_0000	Exhibition Match (PKs)
PRO_PRO_form_0001	Exhibition Match (no PKs)
PRO_PRO_form_0002	Knockout
PRO_PRO_form_0003	H&A Knockout
PRO_PRO_form_0004	League
PRO_PRO_form_0005	League & Knockout
PRO_PRO_form_0006	League & Title Match
PRO_PRO_condition_0000	Requires:
PRO_PRO_condition_0001	Regulation:
PRO_PRO_condition_0002	REGULAR (regular cards only)
PRO_PRO_condition_0003	U-5 (max 5 rare & special cards)
PRO_PRO_condition_0004	U-5R (max 5 rare cards)
PRO_PRO_condition_0005	Total points %d or less
PRO_PRO_condition_0008	Won King's Club Cup
PRO_PRO_condition_0009	Won Continental Cup
PRO_PRO_condition_0010	Won 1 or more titles
PRO_PRO_condition_0012	Premier Division top 6
PRO_PRO_condition_0013	Premier Division top 4
PRO_PRO_condition_0014	Won Oceans Cup or a Grade S title
PRO_PRO_condition_0015	Won Champions Trophy
PRO_PRO_condition_0016	Entry Rules
PRO_PRO_condition_0023	Titles Won
PRO_PRO_condition_0026	Played in 1st Division
PRO_PRO_condition_0027	Won Nations Cup
PRO_PRO_seat_0001	No Entry
PRO_PRO_seat_0003	Entry Open
PRO_PRO_seat_0006	Entry closes in %ss
PRO_PRO_seat_0007	Entry closes in
PRO_PRO_seat_0009	s
PRO_PRO_seat_0010	Entry closed
PRO_PRO_round_0000	Rd 1
PRO_PRO_round_0002	Rd 2
PRO_PRO_round_0004	Rd 3
PRO_PRO_round_0006	Rd 4
PRO_PRO_round_0008	Rd 5
PRO_PRO_round_0016	Group Stage
PRO_PRO_round_0018	1st Leg
PRO_PRO_round_0020	2nd Leg
PRO_PRO_round_0022	Decider
PRO_PRO_round_0025	Title Game
PRO_PRO_round_0032	Exhibition Match
PRO_PRO_round_0034	Exhibition Match (PKs)
PRO_PRO_round_0036	Day 1
PRO_PRO_round_0037	Day 2
PRO_PRO_round_0038	Day 3
PRO_PRO_round_0039	Day 4
PRO_PRO_round_0040	Day 5
PRO_PRO_round_0041	  League
PRO_PRO_round_0053	(no PKs)
PRO_PRO_round_0054	(with PKs)
PRO_PRO_round_0057	Online
PRO_PRO_round_0058	Rd 1 Lost
PRO_PRO_round_0059	Into Rd 2
PRO_PRO_round_0060	Rd 2 Lost
PRO_PRO_round_0061	Into Rd 3
PRO_PRO_round_0062	Rd 3 Lost
PRO_PRO_round_0063	Into Rd 4
PRO_PRO_round_0064	Rd 4 Lost
PRO_PRO_round_0065	Into QFs
PRO_PRO_round_0070	Finalist
PRO_PRO_round_0071	Into Knockouts
PRO_PRO_round_0072	Group Stage Exit
PRO_PRO_round_0073	Challenge Match
PRO_PRO_battlelist_0012	%s [%s]
PRO_PRO_battlelist_0013	CPU
PRO_PRO_battlelist_0014	Mgr:%s  Shop:%s [%s]
PRO_PRO_battlelist_0015	Mgr:%s  Shop:%s
PRO_PRO_battlelist_0031	Mgr:%s
PRO_PRO_battlelist_0032	Shop:%s [%s]
PRO_PRO_battlelist_0033	Shop:%s
PRO_PRO_battlelist_0035	[%s]
PRO_PRO_battlelist_0040	None
PRO_PRO_game_0008	%d'
PRO_PRO_game_0013	Half Time
PRO_PRO_game_0019	Added Time
PRO_PRO_game_0025	%d - %d
PRO_PRO_game_0028	 %d'
PRO_PRO_game_0030	1st 
PRO_PRO_game_0032	HT
PRO_PRO_game_0033	Half Time
PRO_PRO_game_0035	2nd 
PRO_PRO_game_0037	FT
PRO_PRO_game_0039	 Added Time
PRO_PRO_game_0043	Mgr: %s
PRO_PRO_game_0044	Mgr: CPU
PRO_PRO_game_0045	Prize 
PRO_PRO_game_0047	Now showing: %s%s %s%s.
PRO_PRO_game_0048	Now showing: %s%s %s.
PRO_PRO_game_0050	Now showing: %s%s %s %s.
PRO_PRO_ranking_0000	Top Managers
PRO_PRO_ranking_0001	Top Scorers
PRO_PRO_ranking_0002	Top Assists
PRO_PRO_ranking_0006	Player
PRO_PRO_ranking_0007	Goals
PRO_PRO_ranking_0008	Assists
PRO_PRO_ranking_0012	Prize Ranking
PRO_PRO_ranking_0013	%04d.%02d.%02d-%04d.%02d.%02d
PRO_PRO_ranking_0014	%s Shop Ranking
PRO_PRO_ranking_0015	%s [%s]
PRO_PRO_ranking_0016	World Trophy Ranking
PRO_PRO_ranking_0019	Slots
PRO_PRO_ranking_0020	Points
PRO_PRO_ranking_0021	Area
PRO_PRO_ranking_0025	Area Rep.
PRO_PRO_ranking_0028	%s Awards
PRO_PRO_ranking_0029	Local Shop
MAN_ACTION_message_0000	Rub a card for Individual Training.\nCommunications left: %d
MAN_ACTION_message_0001	Rub a card to give an evaluation.\nCommunications left: %d
MAN_ACTION_message_0002	Team Entry: register players, set tactics and more.\nCommunications left: %d
MAN_ACTION_message_0003	Challenge players in this arcade or set up CPU games.\nCommunications left: %d
MAN_ACTION_message_0004	Rub a card to assign a role.\nCommunications left: %d
MAN_ACTION_message_0005	Team Data: look back on the club's history.\nCommunications left: %d
MAN_ACTION_message_0006	Player Data: check player profiles.\nCommunications left: %d
MAN_ACTION_message_0007	Manager Data: review your career so far.\nCommunications left: %d
MAN_ACTION_message_0008	Resign: step down before your contract ends.\nCommunications left: %d
MAN_ACTION_message_0009	Rub 2 cards to discuss partnership.\nCommunications left: %d
MAN_ACTION_message_0010	Partnership Data: check team partnerships.\nCommunications left: %d
MAN_ACTION_message_0011	Rub a card to manage fitness.\nCommunications left: %d
MAN_ACTION_message_0012	You called in %s.\nRub a Player Card to call in one more player.
MAN_ACTION_message_0013	On the pitch.
MAN_ACTION_message_0014	In the Meeting Room.
MAN_ACTION_message_0015	Team Entry: register players, set tactics and more.
MAN_ACTION_message_0017	Manager's Office.
MAN_ACTION_message_0018	Team Data: look back on the club's history.
MAN_ACTION_message_0019	Player Data: check player profiles.
MAN_ACTION_message_0020	Manager Data: review your career so far.
MAN_ACTION_message_0021	Resign: step down before your contract ends.
MAN_ACTION_message_0022	In the Lounge.
MAN_ACTION_message_0023	Partnership Data: check team partnerships.
MAN_ACTION_message_0024	In the Medical Room.
MAN_DATAENTRY_condition_0000	Title Won
MAN_DATAENTRY_condition_0001	Nominated
MAN_DATAENTRY_condition_0003	$%dM+$%d00
MAN_DATAENTRY_condition_0009	Eligible
MAN_DATAENTRY_condition_0010	Ineligible
MAN_DATAENTRY_condition_0011	Entered
MAN_DATAENTRY_message_0000	For your Area Championship entry,
MAN_DATAENTRY_message_0001	your last Team Entry data will be used.
MAN_DATAENTRY_message_0002	Enter the Area Championship.
MAN_DATAENTRY_message_0003	Don't enter the Area Championship;\nback to Entry / Requests.
MAN_DATAENTRY_message_0004	AREA CHAMPIONSHIP Entry Rules
MAN_DATAENTRY_message_0005	※For the AREA CHAMPIONSHIP, your last Team Entry data is used.
MAN_DATAENTRY_message_0006	For your Asia Championship entry,
MAN_DATAENTRY_message_0007	Enter the Asia Championship.
MAN_DATAENTRY_message_0008	Don't enter the Asia Championship;\nback to Entry / Requests.
MAN_DATAENTRY_message_0009	ASIA CHAMPIONSHIP Entry Rules
MAN_DATAENTRY_message_0010	※For the ASIA CHAMPIONSHIP, your last Team Entry data is used.
MAN_DATAENTRY_window_0000	Enter
MAN_DATAENTRY_window_0001	Don't Enter
MAN_DATAENTRY_window_0002	Entering the Area Championship.\n\nIs that OK?
MAN_DATAENTRY_window_0003	Regulation not met.\n\n$c[FF6347FF]Team Entry$c\nlets you change regulation.
MAN_DATAENTRY_window_0004	Regulation not met.\n\nTo enter,\nyou must register 16 players.
MAN_DATAENTRY_window_0005	\nYour Area Championship\nentry is complete.
MAN_DATAENTRY_window_0006	\nEntry for the next AREA CHAMPIONSHIP has already closed.\n$c[FF6347FF]You can enter again from next week$c.
MAN_DATAENTRY_window_0007	Entering the Asia Championship.\n\nIs that OK?
MAN_DATAENTRY_window_0008	\nYour Asia Championship\nentry is complete.
MAN_DATAENTRY_window_0009	\nEntry for the next ASIA CHAMPIONSHIP has already closed.\n$c[FF6347FF]You can enter again from next week$c.
COM_DIR_CAP_question_0000	He asks how you'll build the team.\nWhat team will you aim for?
COM_DIR_CAP_choices_0000_00	Powerful attack
COM_DIR_CAP_choices_0000_01	Pressing defence
COM_DIR_CAP_choices_0000_02	Fast, stylish technique
COM_DIR_CAP_answer_0000_00	No attack, no goals.\nYour bold words give them hope.
COM_DIR_CAP_answer_0000_01	Attack alone may not cut it.\nYour vision has the players a bit uneasy.
COM_DIR_CAP_answer_0000_02	If we don't concede, we can't lose.\nYour focus on the basics gives them hope.
COM_DIR_CAP_answer_0000_03	Defence alone may not win matches.\nYour vision has the players a bit uneasy.
COM_DIR_CAP_answer_0000_04	You want to thrill, not just win.\nYour ideal football gives them hope.
COM_DIR_CAP_answer_0000_05	You can't play on looks alone.\nYour vision has the players a bit uneasy.
COM_DIR_LOWDUTYCYCLE_question_0000	%s $c[FF6347FF]rarely played$c at his old club.\nHe wants to know why you signed him.
COM_DIR_LOWDUTYCYCLE_choices_0000_00	Your potential
COM_DIR_LOWDUTYCYCLE_choices_0000_01	Your X-factor
COM_DIR_LOWDUTYCYCLE_choices_0000_02	By horoscope
COM_DIR_LOWDUTYCYCLE_answer_0000_00	Faith in his potential has moved him.\nTo repay your faith, he should $c[FF6347FF]grow a lot here$c.
COM_DIR_LOWDUTYCYCLE_answer_0000_01	He's moved that you value his flair.\nTo repay your faith, he should $c[FF6347FF]grow a lot here$c.
COM_DIR_LOWDUTYCYCLE_answer_0000_02	Your mystic ways moved him.\nTo repay your faith, he should $c[FF6347FF]grow a lot here$c.
MAN_COM_menu_0001	Manager's Office
MAN_COM_menu_0002	Meeting Room
MAN_COM_menu_0003	Lounge
MAN_COM_menu_0004	Medical Room
MAN_COM_default_0000	On the pitch, Individual Training raises $c[FF6347FF]player abilities$c.
MAN_COM_default_0001	In the Meeting Room, Player Evaluation raises $c[FF6347FF]special abilities$c.
MAN_COM_default_0002	In the Manager's Office, you can $c[FF6347FF]assign roles$c.
MAN_COM_default_0003	In the Lounge, talk with 2 players\nto boost $c[FF6347FF]partnerships$c.
MAN_COM_default_0004	In the Medical Room, manage fitness\nto treat $c[FF6347FF]injury$c and lift morale.
MAN_COM_message_0000	Rub a card for Individual Training.\nCommunications left: %d
MAN_COM_message_0001	Rub a card for Player Evaluation.\nCommunications left: %d
MAN_COM_message_0002	Rub a card to assign a role.\nCommunications left: %d
MAN_COM_message_0003	Rub 2 cards to discuss partnership.\nCommunications left: %d
MAN_COM_message_0004	You called in %s.\nRub a Player Card to call in one more player.
MAN_COM_message_0005	Rub a card to manage fitness.\nCommunications left: %d
INF_CLUBHOUSEF_message_0000	The work is done: a $c[FF6347FF]new clubhouse$c.\nSeeing it has made the players even more motivated.
INF_CLUBHOUSEF_message_0001	Clubhouse work done: a new $c[FF6347FF]training pitch$c.\nCommunication with players should go smoothly now.
INF_CLUBHOUSEF_message_0002	Clubhouse work done: a new $c[FF6347FF]Manager's Office$c.\nCommunication with players should go smoothly now.
INF_CLUBHOUSEF_message_0003	Clubhouse work done: a new $c[FF6347FF]Meeting Room$c.\nCommunication with players should go smoothly now.
INF_CLUBHOUSEF_message_0004	Clubhouse work done: a new $c[FF6347FF]Lounge$c.\nCommunication with players should go smoothly now.
INF_CLUBHOUSEF_message_0005	Clubhouse work done: a new $c[FF6347FF]Medical Room$c.\nCommunication with players should go smoothly now.
COM_INJURY_question_0000	%s's leg doesn't feel right.\nWhat will you do?
COM_INJURY_question_0001	%s's leg doesn't feel right.\nWhat will you do?
COM_INJURY_choices_0003	Full scan
COM_INJURY_choices_0004	New therapy
COM_INJURY_choices_0005	Eastern cure
COM_INJURY_answer_0001	Being called in while resting\nhas made him feel even worse.
COM_INJURY_answer_0004	You touched just the right spot.\nThe right care has eased his leg.
COM_INJURY_answer_0006	The scan found the cause.\nKnowing it, he should recover fast.
COM_INJURY_answer_0007	Even the scan couldn't find the cause.\nTreatment may take a bit longer.
COM_INJURY_answer_0008	The new therapy has eased his leg.\nHe may be fully fit soon.
COM_INJURY_answer_0009	Even the new therapy didn't help.\nRecovery will take time.
COM_INJURY_answer_0010	Eastern medicine helped him heal,\nand his leg is fine now.
COM_INJURY_answer_0011	Even Eastern medicine\ncouldn't fix his leg.
COM_MEETINGFINE_question_0000	%s was a $c[FF6347FF]star$c last match.\nHe's in form. What do we want from him?
COM_MEETINGFINE_choices_0000	Team's Key Player
COM_MEETINGFINE_choices_0001	Pitch general
COM_MEETINGFINE_choices_0002	Just as he is
COM_MEETINGFINE_answer_0000	In this form, he can handle it all.\nWith the whole team's trust, he's fired up.
COM_MEETINGFINE_answer_0001	He was hoping for a different role.\nThe mismatch bothers him.
COM_MEETINGFINE_answer_0002	Having him on the pitch reassures the team.\nHe can fill in for you just fine.
COM_MEETINGFINE_answer_0003	Such a sudden demand took him by surprise.\nMaybe you should build more trust first.
COM_MEETINGFINE_answer_0004	He's already a big support to the team.\nHe'll keep living up to your hopes.
COM_MEETINGFINE_answer_0005	Being in form and asked nothing is sad.\n%s is sulking a little.
MAN_ENTRY_contents_0000	Central
MAN_ENTRY_contents_0001	Right Wing
MAN_ENTRY_contents_0003	Left Wing
MAN_ENTRY_contents_0004	Counter
MAN_ENTRY_contents_0005	Central
MAN_ENTRY_contents_0006	Right Wing
MAN_ENTRY_contents_0008	Left Wing
MAN_ENTRY_contents_0009	Counter
MAN_ENTRY_message_0001	The club can run on modest funds.\nOur $c[FF6347FF]finances should thrive$c.
MAN_ENTRY_message_0005	We have some of the world's top players.\nEarn prize money to avoid $c[FF6347FF]money trouble$c.
MAN_ENTRY_message_0006	A real all-star squad.\nWithout prize money, $c[FF6347FF]money trouble$c is certain.
MAN_ENTRY_message_0007	The club's finances are very tight.\nAt this rate, the club will go $c[FF6347FF]bankrupt$c!
MAN_ENTRY_message_0008	AREA CHAMPIONSHIP Entry Rules
MAN_ENTRY_message_0009	Title
MAN_ENTRY_message_0010	Term end
MAN_ENTRY_message_0012	+
COM_MEETINGBAD_question_0000	%s was $c[00BFFFFF]off form$c last match.\nHe's down. What will you say?
COM_MEETINGBAD_choices_0000	Relax
COM_MEETINGBAD_choices_0001	Try harder!
COM_MEETINGBAD_answer_0000	Your words have cleared his head.\nHe's eager for the next match.
COM_MEETINGBAD_answer_0001	If only it were that easy.\nYour optimism left him speechless.
COM_MEETINGBAD_answer_0002	There's still plenty he can do.\nYour encouragement has fired him up.
COM_MEETINGBAD_answer_0003	Kicking him when he's down\njust made him feel worse.
COM_MEETINGBAD_answer_0004	He felt the kindness in your silence.\nA quiet fire is burning inside him.
COM_MEETINGBAD_answer_0005	???\nSay it, or he won't know?
INF_WEEKLYCHAMPION_message_0000	You're $c[FF6347FF]weekly champion$c in prize money.\nCongratulations.
INF_WEEKLYCHAMPION_message_0001	With this, your fame seems to be spreading worldwide.\nLet's keep $c[FF6347FF]playing worthy of Japan's No.1$c.
INF_WEEKLYCHAMPION_message_0002	You're $c[FF6347FF]area weekly champion$c in prize money.\nCongratulations.
INF_WEEKLYCHAMPION_message_0003	With this, your reputation is growing by the day.\nLet's keep $c[FF6347FF]playing worthy of the area's No.1$c.
INF_WEEKLYCHAMPION_area_0000	HOKKAIDO/TOHOKU
INF_WEEKLYCHAMPION_area_0002	TOKYO/KANAGAWA
INF_TITLE_message_0000	%s won!\nCongratulations.
INF_TITLE_message_0003	$c[FF6347FF]%s$c\nA winner's badge goes on your kit.
INF_TITLE_message_0004	$c[FF6347FF]%s$c entry\nAwait good news.
INF_TITLE_message_0005	Regular League %s won!\nCongratulations.
INF_TITLE_message_0006	%d-time %s winners! Congratulations.\nPlayers and supporters alike are savouring it.
INF_TITLE_message_0007	This win also completed the sponsor's task.\nYour contract is extended by $c[FF6347FF]%d matches$c.
MAN_RETIRE_contents_0000	$p[16]$t[0:1]★★★$t$p  RESIGN  $p[16]$t[0:1]★★★$t$p
MAN_RETIRE_contents_0001	Matches left: %d
MAN_RETIRE_contents_0002	Resign from this club?
MAN_RETIRE_contents_0003	Do you really wish to resign?
MAN_RETIRE_message_0000	To transfer your data,\nyou'll $c[FF6347FF]need a new Club Card$c.
MAN_RETIRE_message_0001	I'll process your resignation.\nMake the last one count.
MAN_RETIRE_message_0002	If you resign,\n$c[FF6347FF]this Club Card can no longer be used$c.
INF_071_title_0000	$p[16]$t[0:1]★★★$t$p  WORLD CHAMPION  $p[16]$t[0:1]★★★$t$p
INF_071_message_0000	You're the $c[FF6347FF]WORLD WINNER'S CHAMPIONSHIP champion$c.\nCongratulations on the title.
INF_071_message_0001	With this, you're hailed as the world's best manager.\nLet's keep playing worthy of the world's No.1.
MAN_TEAM_header_0005	Title Data
MAN_TEAM_header_0006	Division:
MAN_TEAM_header_0007	Appearances:
MAN_TEAM_header_0008	Results:
MAN_TEAM_header_0009	Previous:
MAN_TEAM_header_0010	Best:
MAN_TEAM_header_0011	Season Record:
MAN_TEAM_header_0013	Pts
MAN_TEAM_header_0014	GD
MAN_TEAM_header_0015	1st
MAN_TEAM_header_0016	2nd
MAN_TEAM_header_0017	3rd
MAN_TEAM_header_0018	4th
MAN_TEAM_header_0019	5th
MAN_TEAM_header_0020	6th
MAN_TEAM_header_0021	7th
MAN_TEAM_header_0022	8th
MAN_TEAM_contents_0000	$%dM+$%d00
MAN_TEAM_contents_0001	%dW
MAN_TEAM_contents_0002	%dL
MAN_TEAM_contents_0003	%dD
MAN_TEAM_contents_0029	%dW
MAN_TEAM_contents_0030	%dL
MAN_TEAM_contents_0031	%dD
MAN_TEAM_contents_0032	Class %d
MAN_TEAM_contents_0041	Last 4
MAN_TEAM_contents_0042	Rd 1 Lost
MAN_TEAM_contents_0045	%dW
MAN_TEAM_contents_0046	%dL
MAN_TEAM_contents_0047	%dD
MAN_TEAM_contents_0049	GA
MAN_TEAM_contents_0052	0
MAN_TEAM_contents_0060	Into QFs
MAN_TEAM_contents_0061	Into Rd %d
MAN_TEAM_message_0000	Select a title to view\nits detailed data.
SYS_GAME_warning_0000	A game error has occurred.\nEnding the match now.
SYS_GAME_warning_0001	This Club Card did not end normally last time.\nIts data may not be saved correctly.\nAlso, any entry\nfor a data match will be cancelled.
SYS_GAME_warning_0002	This Club Card did not end normally last time.\nIts data may not be saved correctly.
TRA_TOP_menu_0000	Training
TRA_TOP_message_0000	The players are out on the pitch.\nWhat will you train?
TRA_TOP_message_0001	Hold $c[FF6347FF]Team Training$c.\nDepending on the time, train lightly or hard.
TRA_TOP_message_0002	Hold all kinds of events.
TRA_TOP_message_0003	Give the players a rest.\nClears fatigue, restores condition.
INF_062_title_0000	$p[16]$t[0:1]★★★$t$p  MGR. SPECIAL  $p[16]$t[0:1]★★★$t$p
INF_062_message_0000	They trust your coaching now,\nand they want different training.
INF_062_message_0001	To try the new training,\nchoose $c[FF6347FF]"Mgr. Special"$c in Team Training.
INF_072_title_0000	$p[16]$t[0:1]★★★$t$p  ASIA CHAMPIONSHIP  $p[16]$t[0:1]★★★$t$p
INF_072_contents_0000	Previous
INF_072_contents_0001	Asia event:
INF_072_contents_0002	R1 Lost
INF_072_contents_0003	BEST 8
INF_072_contents_0004	BEST 4
INF_072_message_0000	Thanks for taking part in the ASIA CHAMPIONSHIP.\nHoping for more next time.
INF_BIRTHDAY_message_0002	Today is $c[FF6347FF]%s$c's birthday.
INF_BIRTHDAY_message_0003	He's keen to put on a show\non his special day.
INF_BIRTHDAY_message_0004	It's a player's birthday today.
INF_BIRTHDAY_message_0005	The birthday boy is eager to put on\na great show on his special day.
INF_COOPERATION_message_0000	$c[FF6347FF]%s$c and $c[FF6347FF]%s$c\nhave been linking up brilliantly lately.
INF_COOPERATION_message_0001	If something sparks them,\nwe may see even better combinations.
INF_074_title_0000	$p[16]$t[0:1]★★★$t$p  SHOP BEST XI  $p[16]$t[0:1]★★★$t$p
INF_074_message_0000	$c[FF6347FF]%s$c made this week's Best XI.\nHe's in fine form this week too.
GAM_RESULT_side_0000	HOME
GAM_RESULT_side_0001	AWAY
GAM_RESULT_score_0000	%d-%d
GAM_RESULT_score_0002	%d-%d
GAM_RESULT_states_0000	CPU Match
GAM_RESULT_states_0001	%d PK %d
GAM_RESULT_states_0002	GD
GAM_RESULT_states_0003	+
GAM_RESULT_states_0004	-
GAM_RESULT_states_0005	0 (PK +%d)
GAM_RESULT_states_0006	0 (PK -%d)
GAM_RESULT_states_0008	Total Card Points
GAM_RESULT_states_0009	%d pts
GAM_RESULT_states_0010	HOME/AWAY
GAM_RESULT_states_0011	HOME
GAM_RESULT_states_0012	AWAY
GAM_RESULT_states_0013	Res.
GAM_RESULT_states_0016	UNKNOWN
INF_VICTORIES_message_0000	The club's record run is now\n$c[FF6347FF]%d wins in a row$c.
INF_VICTORIES_message_0001	The club is in peak shape now.\nLet's strengthen the team to extend the record.
COM_FINEFW_question_0000	%s was a $c[FF6347FF]star$c last match.\nTo reach higher, what do you want from him?
COM_FINEFW_choices_0000	Goals
COM_FINEFW_choices_0001	Pressing up top
COM_FINEFW_choices_0002	Skill
COM_FINEFW_choices_0003	Hold-Up Play
COM_FINEFW_choices_0004	Runs
COM_FINEFW_choices_0005	Work rate
MAN_TEAMENTRY_dataentry_0000	AREA CHAMPIONSHIP Entry Rules
MAN_TEAMENTRY_dataentry_0001	Title Criteria
MAN_TEAMENTRY_dataentry_0009	%s / 16 players
MAN_TEAMENTRY_dataentry_0010	ASIA CHAMPIONSHIP Entry Rules
INF_CONTRACT_message_0001	Contract extended by $c[FF6347FF]%d matches$c.
INF_CONTRACT_contents_0000	Matches left: %d
INF_CONTRACT_contents_0001	Contract +%d matches
GAM_FINR_title_000	RL Career
GAM_FINR_title_003	Last Pay
GAM_FINR_title_004	Career
GAM_FINR_regular_000	W/
GAM_FINR_regular_001	L/
GAM_FINR_WTpoint_000	WT Best Score
GAM_FINR_prize_000	 million
GAM_FINR_prize_001	00
GAM_FINR_start_000	$%dM + $%d00
GAM_FINR_start_002	(hired %d/%d/%d)
INF_REPORT_message_0000	The coach has a player report.
GAM_SALARY_states_0001	Matches
GAM_SALARY_states_0002	$%dM
GAM_SALARY_states_0004	Titles
GAM_SALARY_states_0005	$%dM
GAM_SALARY_states_0008	$%dM
GAM_PK_title_0000	PKs
